﻿<?xml version="1.0" encoding="utf-8"?>
<manifest identifier="_6FexIm4zWYT_course_id" version="1.0" xmlns="http://www.imsproject.org/xsd/imscp_rootv1p1p2" xmlns:adlcp="http://www.adlnet.org/xsd/adlcp_rootv1p2" xmlns:xsi="http://www.w3.org/2001/XMLSchema-instance" xsi:schemaLocation="http://www.imsproject.org/xsd/imscp_rootv1p1p2 imscp_rootv1p1p2.xsd http://www.imsglobal.org/xsd/imsmd_rootv1p2p1 imsmd_rootv1p2p1.xsd http://www.adlnet.org/xsd/adlcp_rootv1p2 adlcp_rootv1p2.xsd">
  <metadata>
    <schema>ADL SCORM</schema>
    <schemaversion>1.2</schemaversion>
    <lom xmlns="http://www.imsglobal.org/xsd/imsmd_rootv1p2p1" xmlns:xsi="http://www.w3.org/2001/XMLSchema-instance" xsi:schemaLocation="http://www.imsglobal.org/xsd/imsmd_rootv1p2p1 imsmd_rootv1p2p1.xsd">
      <general>
        <title>
          <langstring xml:lang="x-none">Wie im richtigen Leben</langstring>
        </title>
      </general>
      <lifecycle>
        <version>
          <langstring xml:lang="x-none">1</langstring>
        </version>
        <status>
          <source>
            <langstring xml:lang="x-none">LOMv1.0</langstring>
          </source>
          <value>
            <langstring xml:lang="x-none">Final</langstring>
          </value>
        </status>
      </lifecycle>
      <metametadata>
        <metadatascheme>ADL SCORM 1.2</metadatascheme>
      </metametadata>
      <educational>
        <typicallearningtime>
          <datetime>PT0H0M0S</datetime>
        </typicallearningtime>
      </educational>
      <rights>
        <cost>
          <source>
            <langstring xml:lang="x-none">LOMv1.0</langstring>
          </source>
          <value>
            <langstring xml:lang="x-none">yes</langstring>
          </value>
        </cost>
        <copyrightandotherrestrictions>
          <source>
            <langstring xml:lang="x-none">LOMv1.0</langstring>
          </source>
          <value>
            <langstring xml:lang="x-none">yes</langstring>
          </value>
        </copyrightandotherrestrictions>
      </rights>
    </lom>
  </metadata>
  <organizations default="Wie_im_richtigen_Leben_ORG">
    <organization identifier="Wie_im_richtigen_Leben_ORG">
      <title>Wie im richtigen Leben</title>
      <item identifier="diversity_SCO" isvisible="true" identifierref="__6FexIm4zWYT_course_id_RES">
        <title>Wie im richtigen Leben</title>
      </item>
    </organization>
  </organizations>
  <resources>
    <resource identifier="__6FexIm4zWYT_course_id_RES" type="webcontent" href="index_lms.html" adlcp:scormtype="sco">
      <file href="story_content/thumbnail.jpg" />
      <file href="mobile/5Wx5z6MhR3E_80_DX492_DY492_CX369_CY356.jpg" />
      <file href="mobile/6pWa1mgLaJT_80_DX442_DY442_CX328_CY127.png" />
      <file href="mobile/6kfkt6eyZV1_FDFDFD_80_DX334_DY334_CX145_CY143.png" />
      <file href="mobile/6kfkt6eyZV1_FEFEFE_80_DX334_DY334_CX145_CY143.png" />
      <file href="mobile/5XUhLy1iv52_FDFDFD_80_DX332_DY332_CX145_CY144.png" />
      <file href="mobile/5XUhLy1iv52_FEFEFE_80_DX332_DY332_CX145_CY144.png" />
      <file href="mobile/5kqC73nqVzd_FDFDFD_80_DX330_DY330_CX148_CY144.png" />
      <file href="mobile/5kqC73nqVzd_FEFEFE_80_DX330_DY330_CX148_CY144.png" />
      <file href="mobile/6S6tdTGCGyn_FDFDFD_80_DX328_DY328_CX142_CY142.png" />
      <file href="mobile/6S6tdTGCGyn_FEFEFE_80_DX328_DY328_CX142_CY142.png" />
      <file href="mobile/617AcdDbDtG_FDFDFD_80_DX332_DY332_CX140_CY133.png" />
      <file href="mobile/617AcdDbDtG_FEFEFE_80_DX332_DY332_CX140_CY133.png" />
      <file href="mobile/6MMojVYPTRn_FDFDFD_80_DX326_DY326_CX141_CY141.png" />
      <file href="mobile/6MMojVYPTRn_FEFEFE_80_DX326_DY326_CX141_CY141.png" />
      <file href="mobile/6LJ3Eo3pzsK_80_DX332_DY332_CX141_CY142.png" />
      <file href="mobile/6STjf4UCj40_80_DX332_DY332_CX140_CY139.png" />
      <file href="mobile/5pJm4tozBJt_80_DX332_DY332_CX140_CY136.png" />
      <file href="mobile/5q4BqZLHb6d_80_DX332_DY332_CX141_CY139.png" />
      <file href="mobile/5eUpaftXIdE_80_DX332_DY332_CX141_CY141.png" />
      <file href="mobile/6Lm6C7zCL6K_80_DX328_DY328_CX144_CY141.png" />
      <file href="mobile/6LJ3Eo3pzsK_80_DX332_DY332_CX75_CY75.png" />
      <file href="mobile/6STjf4UCj40_80_DX332_DY332_CX75_CY75.png" />
      <file href="mobile/5pJm4tozBJt_80_DX332_DY332_CX74_CY72.png" />
      <file href="mobile/5q4BqZLHb6d_80_DX332_DY332_CX74_CY73.png" />
      <file href="mobile/5eUpaftXIdE_80_DX332_DY332_CX75_CY75.png" />
      <file href="mobile/6Lm6C7zCL6K_80_DX328_DY328_CX74_CY73.png" />
      <file href="mobile/6MMojVYPTRn_FDFDFD_80_DX326_DY326_CX75_CY75.png" />
      <file href="mobile/6MMojVYPTRn_FEFEFE_80_DX326_DY326_CX75_CY75.png" />
      <file href="mobile/617AcdDbDtG_FDFDFD_80_DX332_DY332_CX79_CY75.png" />
      <file href="mobile/617AcdDbDtG_FEFEFE_80_DX332_DY332_CX79_CY75.png" />
      <file href="mobile/6S6tdTGCGyn_FDFDFD_80_DX328_DY328_CX75_CY75.png" />
      <file href="mobile/6S6tdTGCGyn_FEFEFE_80_DX328_DY328_CX75_CY75.png" />
      <file href="mobile/5kqC73nqVzd_FDFDFD_80_DX330_DY330_CX77_CY75.png" />
      <file href="mobile/5kqC73nqVzd_FEFEFE_80_DX330_DY330_CX77_CY75.png" />
      <file href="mobile/5XUhLy1iv52_FDFDFD_80_DX332_DY332_CX75_CY75.png" />
      <file href="mobile/5XUhLy1iv52_FEFEFE_80_DX332_DY332_CX75_CY75.png" />
      <file href="mobile/6kfkt6eyZV1_FDFDFD_80_DX334_DY334_CX76_CY75.png" />
      <file href="mobile/6kfkt6eyZV1_FEFEFE_80_DX334_DY334_CX76_CY75.png" />
      <file href="mobile/6jSDZD2NKeN_80_DX334_DY334_CX167_CY165.png" />
      <file href="mobile/5q4BqZLHb6d_80_DX332_DY332_CX166_CY164.png" />
      <file href="mobile/6Zg7HTrQowQ_80_DX328_DY328_CX164_CY163.png" />
      <file href="mobile/5kqC73nqVzd_80_DX330_DY330_CX165_CY160.png" />
      <file href="mobile/5XUhLy1iv52_80_DX332_DY332_CX166_CY165.png" />
      <file href="mobile/6STjf4UCj40_80_DX332_DY332_CX166_CY165.png" />
      <file href="mobile/6MMojVYPTRn_80_DX326_DY326_CX163_CY163.png" />
      <file href="mobile/6S6tdTGCGyn_80_DX328_DY328_CX164_CY164.png" />
      <file href="mobile/6LJ3Eo3pzsK_80_DX332_DY332_CX165_CY166.png" />
      <file href="mobile/5eUpaftXIdE_80_DX332_DY332_CX166_CY166.png" />
      <file href="mobile/6VOCfp8slQp_80_DX332_DY332_CX166_CY165.png" />
      <file href="mobile/6Lm6C7zCL6K_80_DX328_DY328_CX164_CY161.png" />
      <file href="mobile/5b30niXGhG5_80_DX328_DY328_CX164_CY163.png" />
      <file href="mobile/617AcdDbDtG_80_DX332_DY332_CX166_CY158.png" />
      <file href="mobile/6TUfw78EWW9_80_DX334_DY334_CX166_CY167.png" />
      <file href="mobile/6Bu2OEs4Pif_80_DX328_DY328_CX164_CY164.png" />
      <file href="mobile/5pJm4tozBJt_80_DX332_DY332_CX166_CY161.png" />
      <file href="mobile/5ywaqSccUzz_80_DX330_DY330_CX165_CY165.png" />
      <file href="mobile/6kfkt6eyZV1_80_DX334_DY334_CX167_CY165.png" />
      <file href="mobile/6jSDZD2NKeN_80_DX334_DY334_CX76_CY75.png" />
      <file href="mobile/6Zg7HTrQowQ_80_DX328_DY328_CX75_CY75.png" />
      <file href="mobile/5kqC73nqVzd_80_DX330_DY330_CX77_CY75.png" />
      <file href="mobile/5XUhLy1iv52_80_DX332_DY332_CX75_CY75.png" />
      <file href="mobile/6MMojVYPTRn_80_DX326_DY326_CX75_CY75.png" />
      <file href="mobile/6S6tdTGCGyn_80_DX328_DY328_CX75_CY75.png" />
      <file href="mobile/6VOCfp8slQp_80_DX332_DY332_CX75_CY75.png" />
      <file href="mobile/5b30niXGhG5_80_DX328_DY328_CX75_CY75.png" />
      <file href="mobile/617AcdDbDtG_80_DX332_DY332_CX79_CY75.png" />
      <file href="mobile/6TUfw78EWW9_80_DX334_DY334_CX75_CY75.png" />
      <file href="mobile/6Bu2OEs4Pif_80_DX328_DY328_CX75_CY75.png" />
      <file href="mobile/5ywaqSccUzz_80_DX330_DY330_CX75_CY75.png" />
      <file href="mobile/6kfkt6eyZV1_80_DX334_DY334_CX76_CY75.png" />
      <file href="mobile/5YY8rk06gr4_80_DX106_DY106_CX83_CY83.png" />
      <file href="mobile/5aj4KoTLE09_80_DX106_DY106_CX83_CY83.png" />
      <file href="mobile/6TJHMFULCWs_80_DX106_DY106_CX83_CY83.png" />
      <file href="mobile/6BfksN0qYbJ_80_DX106_DY106_CX83_CY83.png" />
      <file href="mobile/6OHTZmyGHe0_80_DX106_DY106_CX83_CY83.png" />
      <file href="mobile/6TIlvJCtiYj_80_DX106_DY106_CX83_CY83.png" />
      <file href="mobile/5rgwU4ZBjj2_80_DX106_DY106_CX83_CY83.png" />
      <file href="mobile/6pfY3eaUyre_80_DX108_DY108_CX85_CY83.png" />
      <file href="mobile/5p9eeccrTl3_80_DX106_DY106_CX83_CY83.png" />
      <file href="mobile/5ap1paIct2L_80_DX106_DY106_CX83_CY83.png" />
      <file href="mobile/6Uy5uCvqLL7_80_DX108_DY108_CX85_CY83.png" />
      <file href="mobile/6QFW3mTMlVs_80_DX106_DY106_CX83_CY83.png" />
      <file href="mobile/6Mt190tM8u3_80_DX112_DY112_CX88_CY83.png" />
      <file href="mobile/5eaXsiKGpEn_80_DX106_DY106_CX83_CY83.png" />
      <file href="mobile/5r101YpZApI_80_DX108_DY108_CX85_CY83.png" />
      <file href="mobile/6fJWriYzVQS_80_DX106_DY106_CX83_CY83.png" />
      <file href="mobile/68tQZcyiDFa_80_DX106_DY106_CX83_CY83.png" />
      <file href="mobile/5kqC73nqVzd_FDFDFD_80_DX330_DY330_CX140_CY136.png" />
      <file href="mobile/5kqC73nqVzd_FEFEFE_80_DX330_DY330_CX140_CY136.png" />
      <file href="meta.xml" />
      <file href="story_content/user.js" />
      <file href="mobile/Slide5xElaAE9sAp.jpg" />
      <file href="mobile/txt__default_5sIrVBjZZvC.png" />
      <file href="html5/lib/scripts/ds-frame.desktop.min.js" />
      <file href="html5/lib/scripts/ds-slides.min.js" />
      <file href="html5/lib/scripts/ds-frame.mobile.min.js" />
      <file href="html5/lib/scripts/ds-bootstrap.min.js" />
      <file href="html5/lib/stylesheets/mobile.min.css" />
      <file href="html5/lib/stylesheets/desktop.min.css" />
      <file href="html5/lib/stylesheets/mobile-fonts/open-sans-light.woff" />
      <file href="html5/lib/stylesheets/mobile-fonts/open-sans-bold.woff" />
      <file href="html5/lib/stylesheets/mobile-fonts/open-sans-regular.woff" />
      <file href="html5/data/css/output.min.css" />
      <file href="html5/data/js/6C07e1id59e.js" />
      <file href="html5/data/js/5ZwmdURHZoQ.js" />
      <file href="html5/data/js/6FennS5g10t.js" />
      <file href="html5/data/js/6NZPHcBHJoU.js" />
      <file href="html5/data/js/6IUwiVVWV7d.js" />
      <file href="html5/data/js/65tovB2sdZq.js" />
      <file href="html5/data/js/6r7rbEiM6vf.js" />
      <file href="html5/data/js/63FKJDYvUA9.js" />
      <file href="html5/data/js/6Rl88kDiygB.js" />
      <file href="html5/data/js/5zjigeHY8Mo.js" />
      <file href="html5/data/js/5qHVenfjZcR.js" />
      <file href="html5/data/js/6CLg5gq5fj6.js" />
      <file href="html5/data/js/6FQfm55Vrq2.js" />
      <file href="html5/data/js/5uNN4CWvkiZ.js" />
      <file href="html5/data/js/5iAyb6qrzeY.js" />
      <file href="html5/data/js/6pvmz5ksqpS.js" />
      <file href="html5/data/js/5ss8KmrBoms.js" />
      <file href="html5/data/js/67TLapxb8sG.js" />
      <file href="html5/data/js/6qp7ppcPWqv.js" />
      <file href="html5/data/js/5dLg17OWoWb.js" />
      <file href="html5/data/js/6bLVkbSLDAq.js" />
      <file href="html5/data/js/6QwlRlnpSdT.js" />
      <file href="html5/data/js/697Fkq2n3zt.js" />
      <file href="html5/data/js/5g6Djk4xZw0.js" />
      <file href="html5/data/js/69zSyWWc4Y7.js" />
      <file href="html5/data/js/5zF29rQlf3I.js" />
      <file href="html5/data/js/6dEHsWQ5Lij.js" />
      <file href="html5/data/js/6CETFgtn7G0.js" />
      <file href="html5/data/js/6XWyUvmirVC.js" />
      <file href="html5/data/js/6ZVJOhXmbH0.js" />
      <file href="html5/data/js/6gKzTFUetsx.js" />
      <file href="html5/data/js/6MISHOCcx2A.js" />
      <file href="html5/data/js/6Ay6Gro8cmk.js" />
      <file href="html5/data/js/5Vjd2I9NtgI.js" />
      <file href="html5/data/js/6KIJIavZiLk.js" />
      <file href="html5/data/js/paths.js" />
      <file href="html5/data/js/6laEbmbQFHp.js" />
      <file href="html5/data/js/5p165mRFWbA.js" />
      <file href="html5/data/js/5xAPLjeZ6Fd.js" />
      <file href="html5/data/js/67U77rbDwMj.js" />
      <file href="html5/data/js/61KcenS5B3V.js" />
      <file href="html5/data/js/5hThyFu5Qu5.js" />
      <file href="html5/data/js/5gNXJ3zpYtY.js" />
      <file href="html5/data/js/5tLNdWLugIH.js" />
      <file href="html5/data/js/data.js" />
      <file href="html5/data/js/63fxIFnCtKI.js" />
      <file href="html5/data/js/5gNMx5kdaFu.js" />
      <file href="html5/data/js/5rQhq19z7em.js" />
      <file href="html5/data/js/5ezwmxvIfyO.js" />
      <file href="html5/data/js/6ahAak6IWK8.js" />
      <file href="html5/data/js/6AukSG4FtFb.js" />
      <file href="html5/data/js/6CPJijizpnf.js" />
      <file href="html5/data/js/5y8sPzESGsO.js" />
      <file href="html5/data/js/6otwOcz8I74.js" />
      <file href="html5/data/js/5XIDFvyN1V2.js" />
      <file href="html5/data/js/5wDhUvV5a0f.js" />
      <file href="html5/data/js/6PcB8qFyoiI.js" />
      <file href="html5/data/js/62LfYqDy2QZ.js" />
      <file href="html5/data/js/6QiPbC08E7F.js" />
      <file href="html5/data/js/5pxaZn8kHAr.js" />
      <file href="html5/data/js/68GSjQ5r2A3.js" />
      <file href="html5/data/js/frame.js" />
      <file href="html5/data/js/6Jg0GtnMRQU.js" />
      <file href="html5/data/js/6J4ggJ27FCq.js" />
      <file href="html5/data/js/6o9kLxymY97.js" />
      <file href="html5/data/js/5z8Wnn1D0zh.js" />
      <file href="html5/data/js/66o9O1keNBU.js" />
      <file href="html5/data/js/692Fu9f6vmI.js" />
      <file href="analytics-frame.html" />
      <file href="story.html" />
      <file href="index_lms.html" />
      <file href="lms/AICCComm.html" />
      <file href="lms/AICCFunctions.js" />
      <file href="lms/API.js" />
      <file href="lms/APIConstants.js" />
      <file href="lms/blank.html" />
      <file href="lms/browsersniff.js" />
      <file href="lms/Configuration.js" />
      <file href="lms/goodbye.html" />
      <file href="lms/lms.js" />
      <file href="lms/LMSAPI.js" />
      <file href="lms/NONEFunctions.js" />
      <file href="lms/SCORM2004Functions.js" />
      <file href="lms/SCORMFunctions.js" />
      <file href="lms/UtilityFunctions.js" />
    </resource>
  </resources>
</manifest>