﻿<?xml version="1.0" encoding="utf-8"?><bwFonts xmlns:xsi="http://www.w3.org/2001/XMLSchema-instance" xmlns:xsd="http://www.w3.org/2001/XMLSchema" fontfactoryurl="story_content/FontFactory.swf"><font id="00" name="Open SansBold Charset1 6JiA4ISlGiE"><glyphs><g i="0" c="384" p="%^OF$vvB$hoB$h#DBgmDBHnDB$vey$vey9enD9eCHOrHHOraM9ekR9ekR$vON$vONyn#ONYmPNam#QNol_N0iTN0igJ$v" /><g i="1" c="385" p="#^VA8pVAarABdsfCgtLDgteFgtUFesyGbryG8pyG6nTF6mdF5lJD5leC5lzB6mVA6nVA8p^mK8pmKusBInuRGfwIDfwKBfweAovKywuWxVs6xir6x8p6xOlSyYjCA5iMD5iKF5ieHYiKIOjyJplmK$mmK8p^xzRexz2e_zDdsAbdeBbd2CbdvCEdYC5eYCReYCzfuC0g1CtgeBtgsAtg_z2gxzCfxzRe^sEResE_dYEBdsFbdbGbdZGbdrHDdWH3eWHReWHAfrH1gZGtgbGtgsFtgYE4gsEGfsERe" /><g i="2" c="386" p="#^uDfw6xfw6xfp6xMlRyXjAA5iPD5ibG5i4I0j%ZGUl5GxlkFjlAE5lPD5lVA5lVAdpVAetPDetUEetPFYsKGFsEH2s%EHevKGOvPF0wUEfwuDfw" /><g i="3" c="387" p="#^yK$v%QG$v%QG1oQG4lDE4l3D4lmC8mGBbnGBAp%GB$v%Yx$v%Yx$c%GB$c%GBSgGBjhAB_i%vB5k%HB5kXC5iFF5i3I5iiJojyKGkyK5n" /><g i="4" c="388" p="#^IDhtGEht2GRs%2GDvFEfwDCfwoAfwmz6vlyZtlyKr%ly9l%zw9l%zwAj%Dyki%Hzsf%4Csf%4Cmi%VFmi%VF9l%4C9l%4CJr4CwswCVsZChtIDht" /><g i="5" c="389" p="#^BDLkpCLkKBvl4BemZADn%bGDnaGemtFvlNELkBDLk^7EfwQAfwZyru6xCs6xgp6xQlQyZjyA5iAD5itG5i4ILjHJolHJio%HJ6q%UA6qYAHrQBBsICutiEutwFutCGetJHZsWIps%WIhvXHMvQG$vJFfw7Efw" /><g i="6" c="390" p="#^yK$v%QG$v%QG1oQGxmiGPlNF4lDE4l3D4lmC7mGB9nGBAp%GB$v%Yx$v%Yxmi%OAmi%iB5k%vB5k7C5jdDBijE5iIF5i4I5ijJnjyKFkyK5n" /><g i="7" c="391" p="#" /><g i="8" c="392" p="#^MI2rMIst1HSuiFfwbCfwlzfw8xav%8xFrXyssbAOssB7tuC7tKD7toEFs3Fas3Fdr3FIqMEiqtETpVDvplD7pBBioYzxn8zQmky6mQxallxdklxZilxBgYyffzAUdoDUdNEUd2GdejHyeHI8f%tH5i1Gvh5FhhaE2hgD2hbC2hCByh2B2i2BRi2BljhBJjwB5k0CrkwCNkpEHlWGUmRH5oMIipMI2r" /><g i="9" c="393" p="#^NxPeNx$cPz$cRB$cRBPeRBHfkBagQAFgPzFgNxFgNxPe^GB$v%Yx$v%Yxmi%GBmi" /><g i="10" c="394" p="#^gCfwSzfwuynu6xvs6xbp6xQlvyZjVz5inC5iYE5iiG5k%qG5k8Gzi8Gmh%8G$c%TJ$c%TJ$v%0H$v%iGeu%8GeuTEfwgCfw^ADht$EhtGFsslGCrpGDp%pGdppG0nJF4m2F7lwD7lgC7lABbmUAenUAfpUAgrABhshChtADht" /><g i="11" c="395" p="#^VA8pVAarABdsfCgtLDgteFgtUFesyGbryG8pyG6nTF6mdF5lJD5leC5lzB6mVA6nVA8p^mK8pmKusBInuRGfwIDfwKBfweAovKywuWxVs6xir6x8p6xOlSyYjCA5iMD5iKF5ieHYiKIOjyJplmK$mmK8p" /><g i="12" c="396" p="#^zF5ikG5iQGci%yGHl5GzlsFzlFDzlFCumGBonGB2p%GB$v%Yx$v%Yxmi%MAmi%jBEk%vBEk8CujdDOiiE5izF5i" /><g i="13" c="397" p="#^vF9l%gC9l%gC$v%yy$v%yy9l%vw9l%vwmj%yymi%yylhyy0fHzYdRATcnDTciFTcOGrd%RFagJEQfMDQf_CQfDCiggCMggCvh%gCmi%vFmi" /><g i="14" c="398" p="#^CG$v%UF8u%NF8uREjvRDNvSCfwgBfwizfway7v2x$t2xWr2xLpzyJo4AHn8DAn%vFwn%vFVmvFRkoDRkLBRkyzQl%jyjjGA4ixD4ihG4iKHhjcJtkcJVm%cJ$v^vFHp%3EKpsCNpFBjqSARqSAYrSAxtGCxtYDxtJENsvF1svFOq" /><g i="15" c="399" p="#^BBmtYAQvszdz%MwdzzxZv$x5t%pB5t" /><g i="16" c="400" p="%^aJ$v7IdrIGblCGbl7E$v7A$vewmiYzmiwBoo#VB0qiCTsmCTs#qCXrOCWp_CUoGEmiNIminKUo#qK9pxKHp#EKcqKKOq#QKorVKZr#_Kxs$KTs4LTs#bL_rtLsq#LLWoTLoovNmi9RmidN$v" /><g i="17" c="401" p="#^DH$v%7Hfu%WGfukGcvdFKv7EfwJCfwjAfw5zZuTxGtTxfr%Txmi%BBmi%BBkqBBNr6CxsEChtODhtmFht2GesLGbrLGMo%LGmi%uKmi%uK$v" /><g i="18" c="403" p="#^QJli%QJdk%HHNkhIHlhIRmhI1pKGgqcFvruCvr%PBsr%gBorHAQrHAnsHAatLCat%3FatjHatuI8uGJ5vGJZwGJmzGHGAGF$BXB$B4z$Bzx$A3w$z3wdy3w_wQw9wCxkv5zZuwyJu5yauGxCtGx_sGxds6yIrzyarqzGqlycqJxbp5x9o5xMm5xxkyyjj$z5iHC5igD5i2EbiREhi3Fli^hzWxhzHy0A7zMAAz5CAz5EAzeF0znGtynGwxnGLwIFsw1FawDDaw%HBawGAawZzEwhz7xhzWx^EAPmEAXn8BBoFBepHCepLDepeEBoJEXnJEPmJEmkHCmkEAmkEAPm" /><g i="19" c="404" p="#^yF5iYH5ikJ_jIKSlIK8pIKxshJouTHfwrFfw1DfwGBvu%pBvu%OA$v%Yx$v%Yx$c%GB$c%GBqhGBfiwB6k%GB6kZC5iyF5i^lE4lZC4lkCWlHBMmGBJo%GB7pGBkrkChs_CetoEetyFetdGasVG6rVG5pVG4ndG4mxF4llE4l" /><g i="20" c="405" p="#^mz4q%mzapmz$nSz8nmAgmHBhlZCmknDOjNDdjNDwiNDJhcDjhDCUgzBUgKzUgox4i%3wpfNyUdRBUdlEUdQF5fjHigjHjijHFjIGEk5GCloEQmdDInVC9oBCCoBClp%BC4q^ZyfuZydtwzIs3Aas7Bas7CasGCIseDeteDfueDcvGCMv7Ckw7Bkw5AkwxzNvZyevZyfu" /><g i="21" c="406" p="#^9K$v%rG$v%rG1orGxmXFPlsF4loE4lZC4ljC7mGBanGBAp%GB$v%Yx$v%Yxmi%OAmi%iB5k%vB5k1C9j4DDi7E5itF5ixI5iCJ5k%XJ5kvK8jzLDiDM5iZN5iiQ5iuRhjGStkGS5n%GS$v%XO$v%XO1oXOxmrOPlYN4lUM4lwL4lQK2m9K0n9K8p" /><g i="22" c="407" p="#^DH$v%7Hfu%WGfukGcvdFKv7EfwJCfwjAfw5zZuTxGtTxfr%Txmi%BBmi%BBkqBBNr6CxsEChtODhtmFht2GesLGbrLGMo%LGmi%uKmi%uK$v^ZzReZz2eqADdUAbdGBbduCbdXCEdoD5eoDReoDzfWC0gtCtgGBtgUAtgqA2gZzCfZzRe^UEReUE_doFBdUFbdDGbdpHbdTHDdmI3emIRemIAfTH1gpHtgDGtgUFtgoF4gUEGfUERe" /><g i="23" c="408" p="#^tHYrtH2u$F9vyEfwEBfw9Afw6z2w3yRv8xsv%8xnsaySstzctNAxtMBxtNDxtNDlsNDVrwDErfDmrBC0rXBGqQAcqgzypwy_oNxqorxIn6xZm6xVl6x4kwy5jXz5iwC5i_E5ijH9j%bGSlaFplhE8loDSksCSkPASkPALlPAfmlBDmTB_mGDIngFlo$FVoLGtp6HcqtHXqtHYr" /><g i="24" c="409" p="%^ZB$vey$vey9etI9etIfhZBfhZBSl0ISl0IYoZBYo" /><g i="25" c="410" p="%^bB$v$vmiUzmiwC7q#ZCBr4DWs8DWs#cDLrHD7qjGmidKmi0F$v" /><g i="26" c="411" p="#^aJ$v%THLr%mBLr%3A$v%$v$v%iC4e%WG4e%fN$v^ZGAoaFOiXE2iJEhhDERgdEpijCAo" /><g i="27" c="412" p="%^GB$vYx$vYx$cGB$c" /><g i="28" c="413" p="#^CG$v%UF8u%NF8uREjvRDNvSCfwgBfwizfway7v2x$t2xWr2xLpzyJo4AHn8DAn%vFwn%vFVmvFRkoDRkLBRkyzQl%jyjjGA4ixD4ihG4iKHhjcJtkcJVm%cJ$v^vFHp%3EKpsCNpFBjqSARqSAYrSAxtGCxtYDxtJENsvF1svFOq^tzRetz2eWzDdoAbdaBbd_BbdrCEdUC5eUCReUCzfqC0gZBtgaBtgoAtgWz2gtzCftzRe^oEReoE_dUEBdoFbd7GbdVGbdnHDdSH3eSHReSHAfnH1gVGtg7GtgoFtgUE4goEGfoERe" /><g i="29" c="414" p="#^qxfuqxdtZxIswyaszzasAAas7BIsHBetHBfuHBcv7BMvzAkwzzkwyykw_xNvqxevqxfu" /><g i="30" c="415" p="#^0F_l%5M_l%5MevnKOvSI0wlHfwLFfwIBfwzzTtrxurrx2nrxJiVzjgoCUdNGUdwJUd4M_e%PK$hSI2hLG2hiE2hPCHilBkklB7nlB0qxCzrJD5t$F5taH5tpIRs%pI8p%0F8p" /><g i="31" c="418" p="%^ey$vey9e1C9e1C$v" /><g i="32" c="419" p="%^4O$vgJ$vvBvioBvi#DB3mDBBnDB$vey$vey9e0D9eMKwrSKwr#GK1oGKBmGK9e4O9e" /><g i="33" c="420" p="#^qxfuqxdtZxIswyaszzasAAas7BIsHBetHBfuHBcv7BMvzAkwzzkwyykw_xNvqxevqxfu^qxakqx8jZxDiwy5izz5iAA5i7BDiHB9jHBakHB9l7BIlzAfmzzfmyyfm_xJlqxalqxak" /><g i="34" c="421" p="#^ey9e%OD9eBH9eiJef0Ljg0LFi0LgkgKilwJjmgIvm%gIEmZJ0nJK3otL5ptLPqtLftIJDuXH$vWE$v%ey$v^0Cdl%dEdlMFdlsGLk8Hgk8H9j8H8ioGIhEFfh0Efh%0Cfh^0Cdo%0CTs%uETs2GTsOGhsyHGryHrqyHdomEdo" /><g i="35" c="422" p="%^wBAo8DvmZGmi9LmiLFgovL$vcH$vgDtqGBLrGB$vYx$vYx$cGB$cGBtltBAo" /><g i="36" c="423" p="%^ey$vey9e0C9e0CTsgJTsgJ$v" /><g i="37" c="424" p="#^Rw$Bqv$BouHB%ouMyfv$y8w$y4x$ywxtyYxXxYxWw%Yxmi%GBmi%GBtxGBEzpAPA9z$BRw$B^NxPeNx$cPz$cRB$cRBPeRBHfkBagQAFgPzFgNxFgNxPe" /><g i="38" c="425" p="%^rH$vFw$vFwOt_Ccl2xcl2xmidHmidHMk4B9trH9t" /><g i="39" c="426" p="#^4B3q%5y3q%tx9e%HB9e^qxfuqxdtZxIswyaszzasAAas7BIsHBetHBfuHBcv7BMvAAkwzzkwyykw_xNvqxevqxfu" /><g i="40" c="427" p="#^rFfw1DfwGBvu%tBvuGBcwGBtw%GB$B%Yx$B%Yxmi%ZAmi%vB6k%GB6k_C5iyF5iYH5ikJZjIKQlIK8pIKkr3KYsqJzueIpv2HfwrFfw^lE4lZC4lkCWlHBMmGBJo%GB7pGBkrkChs_CetoEetVGetVG5pVG4nhG4mGF4llE4l" /><g i="41" c="428" p="#^0C4m%fD4m1F4mUFulLGTkLGBjLGjiTFNh$EfhaDfh%0Cfh^0C9p%0C$v%ey$v%ey9e%rD9e4H9ePIufzKOgzKvjzK4lHJjmQIxnfHdogLeuvM$v%iI$v%1E9p" /><g i="42" c="429" p="%^7F$vlB$vlBjhvwjhvw9eZJ9eZJjh7Fjh" /><g i="43" c="430" p="#^vF9l%gC9l%gC$v%yy$v%yy9l%vw9l%vwmj%yymi%yylhyy0fHzYdRATcnDTciFTcOGrd%RFagJEQfMDQf_CQfDCiggCMggCvh%gCmi%vFmi^bP9l%YL9l%YL$v%eI$v%eI9l%bG9l%bGmj%eImi%eIlheI0fnJYdxKTc3NTc_OTcuQrd%xPagpOQfsNQfGMQfjMigYLMgYLvh%YLmi%bPmi" /><g i="44" c="433" p="#^DP$v%jL$v%UIDmMI7mrIzk6I_i3Isi$H6jIHzkpH0mfHEm%RE$v%yA$v%$v9e%Jz9e%$BUnBCAqSCzsXCSrcDpqtDYoID8o%iG9e%TJ9e%tM8oEMPoUMcq9NAriNzspNCrGNbqYNMoaOUn%rQ9e%aU9e" /><g i="45" c="434" p="%^SM$v5J$v5Jjo0Cjo0C$vey$vey9e0C9e0C9l5J9l5J9eSM9e" /><g i="46" c="435" p="%^wI$vey$vey9ewI9ewIfh0Cfh0Cal3Ial3Igo0Cgo0CTswITs" /></glyphs></font><font id="10" name="Open Sans Charset1 68DNpSdltEV"><glyphs><g i="0" c="384" p="#^RvIAIuIA1umA%1uByVuRyRvRy2xRyGx6yjynxjy$v%jy9e%oA9e%oAQvoA8ydzqz2yIARvIA" /><g i="1" c="385" p="#^nG$v%ZF5u%TF5uTElvTDOvTCfwoBfwpzfwgydv8xbu8xis8xfoDD2o%UF_n%UF8nUFAldFQkyE4k2D4knB4kgz5l%EyyjDz0jOAJi_BpiaDpizFpiJGtjTHwkTHSm%TH$v^OBAuHDAuMEytRFvsRFDq%RFqp%PDvppBApkAfqgzWqgzksgzptWz$tBAAuOBAu" /><g i="2" c="386" p="%^oM$v0K$vgA0haA0h#mAFjmARlmA$vsy$vsy9eOA9ewK3tCK3t#BKKsvKYq#qK9prKoorK9eoM9e" /><g i="3" c="387" p="#^ODfwQAfw6zruoxDsoxqpoxam_yhkAAnigDniNFnifH1kJIGlJIoo%JIGp%vzGpzz1sHAgtPBuuTDuu1Guu8IAt%8Inv3HRv6G2w9FfwODfw^fD4kEB4kGA7lJzamyz1o%yG1oyG6mHF5lQE4kfD4k" /><g i="4" c="388" p="#^aA$v%8y$v%8yDi%aADi^Zx$eZxiejy_dFyFdazFdFzFd$z_dmAjemA$emAGf$z0gFzmgazmgFymgjy0gZxGfZx$e" /><g i="5" c="389" p="#^iH$v%iHkniHIlyGVkPF5kdE5k7C5k8BelaAmmaAZo%aA$v%7y$v%7yDi%NzDi%7Ark%dArkRAsjYBWi4DnitEniTGni5IyjkJIkkJgn%kJ$v" /><g i="6" c="390" p="#^XN2nXNkrMLOtCJfwLFfwOBfwFzRtwxqrwx1nwxGiFzhgPBTdMFTdCJTdMLjgXNLiXN2n^Jz2nJzHqfBzsOCruLFruJIrudKzsKLHqKL2nKLsjdKBhJIKfMFKfOCKffBChJztjJz2n" /><g i="7" c="391" p="%^lL$vUI$voClnwA$owA$vsy$vsy9ewA9ewA$mCI9e3L9eUDVl" /><g i="8" c="392" p="#^YAgk%MA_jsBnhXC9e%rE9e4EyfIDjhlD4jbDgk^rwgk%iw_jzwUi9xghMxDfry9e%Yz9e7zfhHygk" /><g i="9" c="393" p="#^0O$v%ZL$v%nI2k6IfjOH2iuHQgtHBgcHciCG6k%7D$v%3B$v%kw9e%wy9e%lBapWBurbCntwC8raD$o%mG9e%zI9e%WL5pvM_qVMnt8NErNN8p%BQ9e%OS9e" /><g i="10" c="394" p="#" /><g i="11" c="395" p="#^bP$v%bPhnbPHlvOUkQN5koM5kuK5kAJblHIgmHIwo%HI$v%FG$v%FGhnFGHlZFUkiF5kRD5kXB5k2BelaAnmaAZo%aA$v%8y$v%8yDi%NzDi%7Ask%dAskNAtjQBWiTCniaEnijHnigIDk%nIDkZIBj5K_ieLniHMniYOni4QyjdRIkdRgn%dR$v" /><g i="12" c="396" p="#^fEni8FniRFwi%zFokKEdk5EdktCdkjBxlaARmaAPo%aA$v%8y$v%8yDi%PzDi%2A5l%8A5lUANjXB4j_CnifEni" /><g i="13" c="397" p="#^uDfwAAfw_ysuoxFsoxopox1m$yckDAniDDniBEniyFAiwGNi3H3j%sGNkNFwk_ElkbEakADakvzakvznpvzRruAatuBuurDuu6FuuTGLt%TGyvxFfwuDfw" /><g i="14" c="398" p="#^iH$v%iHlniHJlyGWkPF6kdE6k6C6k8BflaAomaA$o%aA$v%7y$v%7y$c%aA$c%aALiaANj3Atk%bAtkOAwjUBZi$CpiqEpiTGpi5IAjkJKkkJgn%kJ$v" /><g i="15" c="399" p="#^tCAu$CAuvDvu$DpuiEku%iETvZD1wkD8wHCfwaCfwhyfwhy9s%hyck%nwck%nwdj%hyni%8zxf%jAxf%jADi%cEDi%cEck%jAck%jA3sjAhtUAXttBAutCAu" /><g i="16" c="400" p="#^5JDi%5JVj%DGckYGDkdHjlvH$lvHSmvHQo9G$pPEartCarSBarlB3r2ALr2AOs2AltvACtYATt2CTt%qETtBGTtLHOuWIIvWIrxWIFz8HQAmF$BXB$Bjz$BUx0Btw2Atwfytw1xfx8w1yfvszXuXyIuAydueyKtey4teylsDyOr0zfrSzKqQyjqayipwxgowxXmwxLkQyzj9AniACniDDnitEDi^qyeyqykzkzUzfAsAZBsAwEsAKFHzZGWyZGCxZGwwiG5wDFHvMDHv%lBHvZzHvbzlwqy$wqyey^wzVmwziojA1p6BLpxCLpvFLpvFSmvFSjuCSj3BSjhADkwzolwzVm" /><g i="17" c="401" p="%^ry$vry9ewA9ewA7uoI7uoI$v" /><g i="18" c="403" p="#^mEpi$GpisIckVJ$lVJipVJBsrIquZGfwmEfw3DfwZBMvUAhvaAhu%0Ahu%Bz$v%8y$v%8y$c%aA$c%aAChaAaj3Apk%aApkABpimEpi^3E6k$B6k4BilaAumaAipaA6s6Bkt2Cyu7Eyu_FyuUGbtPHPrPHgpPHFmUGol_F6k3E6k" /><g i="19" c="404" p="#^Mz9e%YzqeDzEf1zghryTiNxgk%iwgk9xNgyx9e^gE9e%rEqe8ExfyD9hZCMiiCgk%MAgk4B1juB9hUBhf2C9e" /><g i="20" c="405" p="%^oI$vsy$vsy9eoI9eoI$fwA$fwALlWHLlWHAnwAAnwA8uoI8u" /><g i="21" c="406" p="#^wIfrwICtOGXu5FfwaCfw$yfwhxqv%hxqtoyUtGzauZArueCrujErumFEtqGRsqGrrqGwq2GWpGFkpOEQoWDko8CHnFzOmAyAlwxmkwxoiwxkg3z6fDAUdaDUdQFUd3ISe%qHGgcFLf7DLftBLfyAsgDz9hDzqiDzljYzXjiAxk6B1lWBwlBD6mpG7nsHgowIppwIfr" /><g i="22" c="407" p="#^2ADi%2Air2AWsNAKtxByu7DyudFyubGpt9Hfs9HEp%9HDi%bJDi%bJ$v%wH$v%dHcu%6HcuuGbvnFJvhEfwSCfwqAfwcz5v$xWt$xnr%$xDi" /><g i="23" c="408" p="%^aA$v8y$v8y$caA$c" /><g i="24" c="409" p="#^MGlsMGdunFev_DfwtBfwPyfwkxov%kxwthy$toziuvAAuwBAu6DAuYD4uPEztPEwsPEKr7EbrsDDqvBSpDzapQyFo2y7oFxtnhxPmhxUlhxgkCykjYznigCniqEniuGfj%MFVkLD4k7C4kGA4kXzxkdzZkdzMldzimuzHmMz3nnApn_AKnJCoo5FfpWF8qMG0rMGls" /><g i="25" c="410" p="%^HG$v$w$v$wCuhEckrxckrxDiwGDiwGbkjzquHGqu" /><g i="26" c="411" p="%^XD$vSB$vSB$fdw$fdw9eBJ9eBJ$fXD$f" /><g i="27" c="412" p="#^HMVmHMjrhKFtUH$voD$v%ry$v%ry9e%VD9e4I9enKtgHMMiHMVm^uKZmuKujKIJh_GYfxDYf%wAYf%wAcu%2DcuLGcuCInsuKyquKZm" /><g i="28" c="413" p="%^4B$v$vDiayDi2Byq#1CktcC9uiC9u#qCwt8Dur#SDsplGDixIDirD$v" /><g i="29" c="414" p="#^0wDi%byDi%7Bfq4CSsjC0u%pC0uzCot3DUrADnqoGDi%zIDi%PCRxYB5APA2BGz$B0y$B5x$BbwNB%bw9ASwjAHxjANzjAGAZx%pB3w" /><g i="30" c="415" p="#^sy9e%uD9e2H9eDIdfdKggdKzidK9kkJblsIdmLGxm%LGEmPKlnPKWqPKjtbJFuAH$vGE$v%sy$v^wAOl%XDOl8GOl5H6l3Ipk3INi3Ihh_GDgWFYfADYf%wAYf^wAzn%wAeu%fEeupGeuvHptBIzsBINqBI6ptHlomGzn4Ezn" /><g i="31" c="418" p="#^wAAo%wA$v%sy$v%sy9e%lD9eDG9ebIpfMJFgMJbjMJKmaGZn%0L$v%zI$v%fEAo^wAOm%mDOmzFOmAGWlCH2lCHijCHxhzGLgxFZfdDZf%wAZf" /><g i="32" c="419" p="#^eHcu%7HcuKFfwXCfwjAfwRysuoxFsoxlpox1mSyckkAniXCniFFni6Hlk%gHlk%bHnj%7Hri%7H$c%9J$c%9J$v%wH$v^bDyugFyubGqt7Hhs7HMp%7Hlp7HvmaGileF4kaD4koB4krAtlvzRmvzmpvzWrrAetnByubDyu" /><g i="33" c="420" p="#^MJljMJ3mVHxn3G_oDC_o%wA_o%wA$v%ry$v%ry9e%4D9eMJ9eMJlj^wAcn%oCcn8FcnmGjmBHplBHsjBHGhrGPgiFYfRCYf%wAYf" /><g i="34" c="421" p="#^HJipHJzs1IpuoGfwuDfwHBfwiApvVyzu8y_soxproxipox0m1zckGAnizDninGni1IfkHJ6mHJip^vzhpvzSrwActyByuxDyuwFyuyGctAHSrAHhpAHKmyGqlwF5kwD5kwB5kvAplvzImvzhp" /><g i="35" c="422" p="#^ww$Bmv$BEuHB%Eu2AuviAiwiAfxiAHxMz8yfz8yby%8yDi%aADi%aA2yaA$Bww$B^Zx$eZxiejy_dFyFdazFdFzFd$z_dmAjemA$emAGf$z0gFzmgazmgFymgjy0gZxGfZx$e" /><g i="36" c="423" p="#^8A8pGAooLBbn%3GDi%tIDi%2Djo%RI$v%oG$v%GBGp%8A_q%8A$v%8y$v%8y$c%8A$c%8A3n8AKn2A8p" /><g i="37" c="424" p="%^sy$vsy9ewA9ewA$v" /><g i="38" c="425" p="#^YI$v%dx$v%dxfu%VBwp3ElnLEqmrFulMFCk6GKj6GJi6GiheFtgnEDfRCDfKBDfKA_fKzlgwyjh%rxXfVzUdPCUdkFUdLGafbIsgbIEibIkkeH$lhGFnGDcq%Mz0u%Mz7u%YI7u" /><g i="39" c="426" p="#^EI9e%TK9e%rE$v%oC$v%$v9e%by9e%hCHp$CHrpDztRDBrzEDp" /><g i="40" c="427" p="%^FJ$vsHkqiAkq5y$v$v$v2D4eOE4eQL$v^OGsoJEWi#kEShUDlg#DDwh7DWi1Bso" /><g i="41" c="428" p="#^WL9e%WLIpWLLs4KvueIfw0FfwOBfw1AuugyJsgyFp%gy9e%lA9e%lAOplA1szBetNCru9FrupHruDIetRJ1sRJNp%RJ9e" /><g i="42" c="429" p="%^4J$vCG8o#oGqnLFTkFFTk#9F0nNEaogC$vWz$vgwDioyDi#HzFnmAiq#2BWs8BRtfBRt#nB9tGB2s#ZBXqcCiqFEDiRGDieJiq#WJosaKPtgKPt#jKntxKts#LKyr4NDiaPDiuL$v" /><g i="43" c="430" p="#^RxIuRxTtdyttBy2tiz2t$z2toAttOATtOAIuOAvvoAXv_zmwizmwGymwfyZvRxAvRxIu" /><g i="44" c="433" p="#^iGFm%mMFm%mMkvYKNvuJ0w0Ifw5Gfw1CfwMzRtwxqrwx3nwxhkDybiLz5gRB$eYDUdMGUdDJUd5MXe%iLMgTILfEGLfnDLfyBHhJzDjJz4nJzHquBzsfDruFGruwIruhK$t%hKwo%iGwo" /><g i="45" c="434" p="#^HJipHJzs1IpuoGfwuDfwHBfwiApvVyzu8y_soxproxipox0m1zckGAnizDninGni1IfkHJ6mHJip^vzhpvzSrwActyByuxDyuwFyuyGctAHSrAHhpAHKmyGqlwF5kwD5kwB5kvAplvzImvzhp^5A_e5AlepA4eKAOdbBOdFBOd_B4ekClekC_ekCBf_BVfFBcgbBcgKAcgpAVf5ABf5A_e^KE_eKEle3F4eoFOdRFOdhGOdCG4eYGleYG_eYGBfCGVfhGcgRFcgoFcg3FVfKEBfKE_e" /><g i="46" c="435" p="#^OIygOIbi2HBjZFskDFSkiFgliFGliF3msFkmDFAm2GWmuGgnrHUn8J2pMJ0qoKZqoKcsoK9ucJcv1IfwRFfwyDfweCov%eCwt0D_tYDhuVEAuOFAuqIAuqIlsqIrrVHNqpH7q3GgpwEgoWDwnlDLmlDKllDZkMDkkbEGj2F1jZFkimGNhLGehLGAgLGCfVF5f4FAexDAeaAAeaAih%aA$v%8y$v%8ykh8y9fuz0eQATcxDTc2GTcqHQdOINeOIyg" /><g i="47" c="436" p="#^gA5t%sAmt7ABuxzcwXyPxhydz%Mwdz5xXxux3wUxcu2y5t" /><g i="48" c="437" p="%^wA$vsy$vsy9eoI9eoI$fwA$fwAxmWHxmWHnowAno" /><g i="49" c="438" p="%^mB8pJwDi0zDiyCLn3GDilIDiHD8pAI$viG$vyCAqMy$vtw$v" /><g i="50" c="439" p="%^0xdq0xno0Dno0Ddq" /><g i="51" c="440" p="%^fJ$v$w$v$wnutG1ghx1ghx9e_I9e_IMfwz7ufJ7u" /><g i="52" c="441" p="%^0E$cuDPhlIsgGIGi0E3j2H1nXEboOCMjRAboHy1nEB3j2xGioxsgaCPhEB$c" /><g i="53" c="442" p="#^aEbk%MAbk%MA$v%Ky$v%Kybk%lwbk%lwgj%Kyyi%KyOhKyTc1DTc6ETcxFid%0FWeRDye0DyeSByejBjfMA3gMALh%MACi%aECi" /><g i="54" c="443" p="#^RxIuRxTtdyttBy2tiz2t$z2toAttOATtOAIuOAvvoAXv_zmwizmwGymwfyZvRxAvRxIu^RxVjRxhiizhiOAhiOAVjOAJkoA9l_zAlizAlGyAlfyblRxOkRxVj" /><g i="55" c="444" p="#^2ADi%2Air2AWsNAKtxByu7DyudFyubGpt9Hfs9HEp%9HDi%bJDi%bJ$v%wH$v%dHcu%6HcuuGbvnFJvhEfwSCfwqAfwcz5v$xWt$xnr%$xDi^aA_eaAleuA4ePAOdgBOdKBOd3C4epClepC_epCBf3CVfKBcggBcgPAcguAVfaABfaA_e^PE_ePEle8F4etFOdWFOdmGOdHG4e1Hle1H_e1HBfHGVfmGcgWFcgtFcg8FVfPEBfPE_e" /><g i="56" c="445" p="#^mEfw3DfwZBMvUAhvaAhu%0AhuaAsvaAvw%aA$B%8y$B%8yDi%NzDi%3Ark%aArkYAlj_BSi0DnimEni0HnisIbkVJ$lVJipVJBsrIquZGfwmEfw^3E5k0C5k5BelbAmmaARo%aAhpaA6s6Bkt2Cyu7EyuRFyuQG8tPHKrPHgpPHMmQGrlRF5k3E5k" /><g i="57" c="446" p="#^aEbk%MAbk%MA$v%Ky$v%Kybk%lwbk%lwgj%Kyyi%KyOhKyTc1DTc6ETcxFid%0FWeRDye0DyeSByejBjfMA3gMALh%MACi%aECi^EI$v%CG$v%CG$c%EI$c" /><g i="58" c="447" p="#^nG$v%ZF5u%TF5uTElvTDOvTCfwoBfwpzfwgydv8xbu8xis8xfoDD2o%UF_n%UF8nUFAldFQkyE4k2D4knB4kgz5l%EyyjDz0jOAJi_BpiaDpizFpiJGtjTHwkTHSm%TH$v^OBAuHDAuMEytRFvsRFDq%RFqp%PDvppBApkAfqgzWqgzksgzptWz$tBAAuOBAu^pz_epzleJz4e2AOdvAOdZAOdiB4eEBleEB_eEBBfiBVfZAcgvAcg2AcgJzVfpzBfpz_e^2E_e2ElenE4eIEOd9FOdBFOdWF4egGlegG_egGBfWFVfBFcg9FcgIEcgnEVf2EBf2E_e" /><g i="59" c="448" p="#^wz4r%wzpqwz_oYz3opA8nBB6mgDJkHD0k7Eij7Eii7E2hkDngxCIf1BIf3AIf8zWfey8g2xLg%kw5fDyUd8BUduDUdME1f3Gag3Ggi3G9jQFRjBFwk7F7lFEJl7D3nUB6ouBPo5Bvp5BGq%5B4r^WyIuWy2toA2t5B2ttBttSBUtSBIuSBuvtBWv4BmwoAmwLzmwkzZvWyAvWyIu" /><g i="60" c="449" p="%^lG$viAagbAag#mA2imAEkmA$vsy$vsy9eAB9edHTskHTs1N9e7Q9e7Q$v2O$v2Ovk#2OwidOcg7Ocg0I$v" /><g i="61" c="450" p="%^_C4nLH9e$J9e1E4p1E$vXB$vXBap$v9egy9e" /><g i="62" c="451" p="#^RxIuRxTtdyttBy2tiz2t$z2toAttOATtOAIuOAvvoAXv_zmwizmwGymwfyZvRxAvRxIu^jEIujETtHEtt3F2tMF2ttG2tSGttgHTtgHIugHvvSGXvsGmwMFmw8FmwJEZvjEAvjEIu^OKIuOKTtaLttyL2tfM2tYM2tlNttLNTtLNIuLNvvlNXvXMmwfMmwDLmwcLZvOKAvOKIu" /><g i="63" c="452" p="#^Zz4r%Hy4r%3y9e%BA9e^RxIuRx2tjz2t0A2toAttNAUtNAIuNAuvoAWv$zmwjzmwGymwfyZvRxAvRxIu" /><g i="64" c="453" p="#^WL9e%WLIpWLLs4KvueIfw0FfwOBfw1AuugyJsgyFp%gy9e%lA9e%lAOplA1szBetNCru9FrupHruDIetRJ1sRJNp%RJ9e^DBSaDBdaXBY9gCG9JCG9bDG9wDY9SDdaSDSaSDtbwDNbbD4cJC4cgC4cXBNbDBtbDBSa^gGSagGdaBGY9WGG9nHG9PHG98IY9uIdauISauItb8INbPH4cnH4cWG4cBGNbgGtbgGSa" /><g i="65" c="454" p="#^2J2n2JGrAHZt7Gfw7DfweAfwKyVtexzrex2nexoiHy8g8ATd7DTd1GTdxHeg2JAi2J2n^hz2nhzXqcAJs7Bvu7Dvu9Fvu3GIsZGUqZG2nZGcj3Gqh9FEf7DEf7BEfcAphhz9jhz2n" /><g i="66" c="455" p="#^$w8p$wVlXx5jTyggFA9e%EC9eUAvg$zkj6z8m6z7p6z2s0ARuWAExCCYz%FAYzTyTxXx6v$wks$w8p" /><g i="67" c="456" p="#^oC8poCmsrB7vvAUxJyYz%MwYzsyFxmzSugA2sgA7pgA8mnzkjuyvgKw9e%Jy9evAhgrB6joCXloC8p" /><g i="68" c="457" p="#^EMbk%eJbk%eJ$v%cH$v%cHbk%PEbk%PEgj%cHyi%cHOhcHTcvLTcAMTc$Nid%uNWejMyeuLyekKyeNJjfeJ3geJLh%eJCi%EMCi^aEbk%MAbk%MA$v%Ky$v%Kybk%lwbk%lwgj%Kyyi%KyOhKyTc1DTc6ETcxFid%0FWeRDye0DyeSByejBjfMA3gMALh%MACi%aECi" /><g i="69" c="458" p="%^$wdq$wnouHnouHdq" /><g i="70" c="459" p="#^2BIh2ByiuBjjWB4k_C8lzEekaFsjOFGiOFGhOFJg9F8gxEyfuDyfpCyfJB8g2BJg2BIh^XCruTFruQHys%uCnn7BcozALo0AhpKzVptzxqtzkrtzLspABtmBruXCru^nxnrnxNpdyzo3zlngB5meAXkSzlkuzKjgz5j2zsi2zLh2zWfeAVerBTdADTdyFTdHGUeQHVfQHJhQH1j_G8k9GflfEnm%dJ9rUJoqiKnpJKmo$K9n%2N9ndMEqyKrs%bO$v%oL$v%8JQtIH7vcGHvJEfwUCfwgAfwPyYunxFtnxnr" /><g i="71" c="460" p="%^_L$vWJ$vWJCnwACnwA$vry$vry9ewA9ewALlWJLlWJ9e_L9e" /><g i="72" c="461" p="#^4GLf8DLfrBIhKzFjKz4nKzAqnBvs0Dpu3GpuWHpujKKt%jKyvtIfwKFfwOBfwFzStwxsrwx2nwxhkyyciAz7gwB0ftDUd6GUdWIUd0LVe%8KHg5ILf4GLf" /><g i="73" c="462" p="%^WE9egy$vew$vUC9e" /><g i="74" c="463" p="#^fA5t%sAmt7ABuxzcwXyPxhydz%Mwdz5xXxux3wUxcu2y5t^NxVjNxhiezhiKAhiKAVjKAJkkA9lXzAlezAlxyAl9y9lNxJkNxVj" /><g i="75" c="464" p="%^$I2tgxUngxHm$IRg$IFiszbn$Ibr" /><g i="76" c="465" p="#^_Q5n_QQorQgqVPIrWOvsYNitHMitELitWKFscK0s3K1r%ZJ1ruJ5szIIsFHitqGitAEityD2swCNqwCEowC9mYDCkpF2jLH2jAI2jDJcjGKljwLCj%dLlp%dLCpdLNrQMNrXNNrEOtqlP9plP3nlPSkrOcjxNxhSLEgcKKf1IKfjFKfiDTgiB$heA5kazbmazXoazFs7BFu5DFwOGFwmJFw6MCv%6MexMJgyOGgymCgyVzQvtxottx0ptxRlMynj4AUguCxfVEae1IaeFKaeIMhfLOngSPpi_Qrk_Q5n^mEHomENrLGNrgJNruJZn%FJNkNIykLHyk9GykfFElmEKmmEHo" /><g i="77" c="466" p="%^gxbrQGdngxFigxRg$IHm$IUngx2t" /><g i="78" c="467" p="#^XN2nXNuqyMLsaL0vFIQv%VMfA%UJfA%qGdw%LFfwOBfwFzRtwxqrwx1nwxGiFzhgPBTdMFTdCJTdMLjgXNLiXN2n^Jz2nJzHqfBzsOCruLFruJIrudKzsKLHqKL2nKLsjdKBhJIKfMFKfOCKffBChJztjJz2n" /><g i="79" c="468" p="#^bDyudFyu8Gtt3Hns7HOp%7Hlp7HxmaGjleF4kaD4koB4krAtlvzRmvzmpvzUrqAdtmByubDyu^UCfwiAfwRyruoxCsoxlpox3mSydkkAniXCniGFni9Hrk%gHrk%zHDi%9JDi%9J$B%7H$B%7Hhw7H3vgHcu%6HcuIFfwUCfw" /><g i="80" c="469" p="#^aEbk%MAbk%MA$v%Ky$v%Kybk%lwbk%lwgj%Kyyi%KyOhKyTc1DTc6ETcxFid%0FWeRDye0DyeSByejBjfMA3gMALh%MACi%aECi^EI$v%CG$v%CGDi%EIDi^rG$erGieNG_d7HFdEHFd7IFdtI_dQIjeQI$eQIGftI0g7ImgEHmg7HmgNG0grGGfrG$e" /><g i="81" c="470" p="%^NJVr8HVr8H$vcF$vcFVrwwVrww7q_E3e8H3e8H3qNJ3q^cF3qcF7k#cFnijFagdFag#EElh7E7iyy3q" /><g i="82" c="471" p="#^JE$v%LC$v%LChjLCHhRChgACxggCPgYB5hmzcj%hyOh%0D9e%JE9e" /><g i="83" c="472" p="%^tz$vTG1g8x1g8x9e0J9e0JMfJB$v" /><g i="84" c="473" p="#^YIMlYIfwRAfwqzfwBy$v%ByfuzzAuPAAuLDAueFMsKGXqTGcn%JGcn2GcoXELoQDhprChp3AhpGySnhxrmhxUjhx5hRyvfpAUdXCUdMEUd7GQeuHLfdIyhYIkjYIMl^XCDfbBDfeALghzShhzTjhzDl9AEm2BFnRCFnYDFnUEcnQFLmmGZlUGalUGkkUG2joGYhUFSg_Efg5EDfXCDf" /><g i="85" c="474" p="#^7DUdzFUd_G1fqI9gqI9iqItjBHzkNGEl_Eym9Hzn4IJo$ISp$Imr$IBtrHWuUFfwcDfwlAfwOy$ugxKtgxrrgxno$AFmjzIlAyCkRxvjRx7iRxbghz2fJAUd7DUd^gzvrgzZshAOtiBCu8DCuZECu_FLt$GUs$Gor$Gcq2Ghp5FmoJCvnVAho4Adpgz9qgzvr^5DxfABxfIAggRz_gRzdiRzljzA9khBYkdDMlZE1lHFbkqGljqGdiqG_gxFggFExf5Dxf" /><g i="86" c="475" p="%^jK$vZH$vaD8ohy$v5w$v0CGmvw9eNy9edDdlHH9eUJ9emEBm" /><g i="87" c="476" p="#^OC6lCF6ldHvmRIUnRIkqRI5t4HGujFfwdCfwbzfwCxhv%CxkttyTtKzbu0BvufCvuoEvuAFutMGtsMGyqMGQmbCQm1BQm5zan%2yvm%Jy9e%BH9e%BH1g%sA1g%$znlpB6lOC6l" /><g i="88" c="477" p="#^ODfwQAfw6zruoxDsoxqpoxam_yhkAAnigDniNFnifH1kJIGlJIoo%JIGp%vzGpzz1sHAgtPBuuTDuu1Guu8IAt%8Inv3HRv6G2w9FfwODfw^fD4kEB4kGA7lJzamyz1o%yG1oyG6mHF5lQE4kfD4k^KBxgkCNf$CIeHDDd4ERc%xGRc%xG5d$FUdXE2fTDcg5DRg%KBRg" /><g i="89" c="478" p="#^qxmoqx5jtzvgwBUdwFUdUGUdHH6e%HHSfLGzfyFzfGCzf9BmhEz8jvzZm%EzZm_ATkUDTkiGTkGHkm3JNn3Jgq3J2tyHFu1GfwrDfwGAfw2zauqx4sqxmo^qDxu9Fxu6Grt3Hks3Hgq3HuoaGunhFtmwDtmqCtmvBWmAAmn1A9ovzYovzPpvz4r_zastAftmBUtgCxuqDxu" /><g i="90" c="479" p="#^hIlihI2kjH8lmGemBEBm%BEHmLGZmNH3oQI9pQIXqQIvt2HTuhFfw1CfwCAfwqz1wfyPv8xhv%8xmtiyWtCzeuWAxu5CxuJGxuJGUqJGFnDBFn%SzFn%SzVl%EBVlKDVlYE_kaG2kaGqiaG6hgFngnEDfRCDfGBDfDAXfBzfggy6h%exKflyTeMzoecBUdOCUdoFUdQG4fhIgghIli" /><g i="91" c="480" p="#^XN2nXNkrMLOtCJfwLFfwOBfwFzRtwxqrwx1nwxGiFzhgPBTdMFTdCJTdMLjgXNLiXN2n^Jz2nJzHqfBzsOCruLFruJIrudKzsKLHqKL2nKLsjdKBhJIKfMFKfOCKffBChJztjJz2n^mCSamCdaGCY9$CG9sDG9WDG9fEY9BEdaBESaBEtbfENbWD4csD4c$C4cGCNbmCtbmCSa^$GSa$GdakHY9FHG96IG9yIG9TIY9dJdadJSadJtbTINbyI4c6I4cFH4ckHNb$Gtb$GSa" /><g i="92" c="481" p="#^Mz5t%YzmtDzAu1zbwryPxNxcz%iwcz9xJvyx5t^gE5t%rEmt8EtuyD4wZCIxiCcz%MAcz4BZxuB5wUBdu2C5t" /><g i="93" c="482" p="#^FJ$v%sHkq%iAkq%5y$v%$v$v%2D4e%OE4e%QL$v^OGso%JEWikEShUDlgDDwh7DWi%1Bso^rASarAdaLAY94BG9xBG9$BG9kCY9GCdaGCSaGCtbkCNb$B4cxB4c4B4cLANbrAtbrASa^4FSa4FdapFY9KFG9bGG9DGG9YGY9iHdaiHSaiHtbYGNbDG4cbG4cKF4cpFNb4Ftb4FSa" /><g i="94" c="483" p="#^IFJfOBJfRAEk%3HEk%3Hdm%GAdm%EAVm%EAHn%GAfo%kGfo%kGQp%SAQpjB0syCetODruTFruNHruEJDt%EJsvSHfwMFfwTCfw6BCulzYsNyQp%MwQp%Mwfo%Dyfo%ByKn%Bybn%Dydm%Mwdm%MwEk%MyEkezsh0BGfPCUdIFUd9IUdaK3f%iJMghHJfIFJf" /></glyphs></font><font id="20" name="Arial Charset1 5bB43flVV4g"><glyphs><g i="0" c="888" p="#^kxdnkxXley2l8z8kpA8kHB8kBC2lwDXlwDdnwDvoBCqpHBkqpAkq8zkqeyqpkxvokxdn" /><g i="1" c="889" p="#" /></glyphs></font><font id="30" name="Open SansItalic Charset1 6oC6QmJmmPO"><glyphs><g i="0" c="384" p="%^8z$v2x$vPA9eNJ9eqJ1guC1g8BxmBHxmcHpoKApo" /><g i="1" c="385" p="#^My$v%Jw$v%zzDi%DBDi^8Acf8AwexA5eWAFdyBFdDCFdDCLeDCqfcCUfOBlgfBlgNAlgsA2g8ALf8Acf" /><g i="2" c="386" p="#^UE$v%IGynXGgmXGNlXG0lvGzk4G5k7F5k1E5k$CQkZBylbBVmpAgo$zbq%My$v%Jw$v%zzDi%fBDi%$A5l%7B5liCBjnD_itEniEFnicHni5Idj$I3k$IBl$IzmJINn%ZG$v" /><g i="3" c="387" p="#^ODniWEniOF_iGGAj9HJk%iHJk%6IDi%GJDi%PG$v%cF$v%wFst%qFsteDfwPAfw7zfw9y2vbxQtbxJrbxbp2y0nVyQkrACjZBniODni^tByuFCyuQDqt$EhsKFtqtGFotGQmtGAlNFRk5F5k_D5kJC5kDB8lxAbmVz_nhzNphzMrhz9tSzStrAyutByu" /><g i="4" c="388" p="%^qE$vEv$vWvzunE9kyy9kTyDiUGDiyGkkeytuJEtu" /><g i="5" c="389" p="#^$BfwLzfwtyWubxAtbxdrbxWo5yQm$yJkvAyj0CniPDniHFniDGbjzH_jzHslzHEnxFVowD9qKz9q%lz9q%hz7rhzKs1AEtOAxumCxu8DxuXDjuLE4uZFvt%ZFhvPEPvXD1w3Dfw$Bfw^HD7krC7kkBgleApmEzso%NzsoACso2EKnxF$mxFClxFZk4FykEE7kHD7k" /><g i="6" c="390" p="%^Ky$vHw$vKA$cOC$c" /><g i="7" c="391" p="#" /><g i="8" c="392" p="#^ECfwtBfwzADvGz$udzWt%5zWt%ey$v%Jw$v%KA$c%OC$caCYfQBxhvB5jVAbl%0Bbl9CLjfD4jmEpixFpigHpidICjbJPkbJWmbJuplIFrvHPt0G1vxEfwECfw^WE6kLD6kxCgljBqmBAboUzXpUzMrUz6tzAQteByuwCyuKDyuMEztPFzssGLq5HWo5HTm5H6kWE6k" /><g i="9" c="393" p="#^qJDi%6JWj%yGdk2HZk2H8m2HtoDFSpcEfrPBfr8BfrOA8r5zOr5zLs5zftvzqtVzAtGAHt%5CRtjE7uiFXuiGKviGhxiGxzwEMAKC$Bvz$B7x$BNv5BrucAruzyruhxkvlwcwpvayLudxfudxgtdxqsQxQrsydrzzHqOyiqjyypQxNoQxMnQxolhzUjKAni0DniZDniUEDi^qwmyqwizcxRz$xpAzzpAOBpA2DDziESyiErxiEHwDDfwZCPvoBEv%szsv_xLvcxwwqwhxqwmy^PzInPzKomAhpVAQpUBQpSCQpADjpiEOoGEVn3F$m3FYl3FYkwErk_DVj_CVj1CVjjBpkCAUkcANlPzFmPzIn" /><g i="10" c="394" p="#^ZEcsZE6uCDbvgCfwPzfwLxfw5wov%5wttXw_tWxguVyyuMzyuiByu4CXtSCktSCnsSCGrrCcr0CJqBAUp$y$oly9oHxinHx6mHxrkWypj9AniaCnifEnicGgj%xFYk%SEEkDD7kaC7k1B7knAFkKzalKz0mKzHmaAbnCAHnZBsogDbpQDJppEeqHERqZErrZEcs" /><g i="11" c="395" p="#^aCfwOzfwuyXubxDtbxfrbxOo5yKm$yGkBAxjbCniaEniRFnirH_i%TGIkpF5kcE5kPC5kHB1lzAYlWzDnhzhphzerhzPs5AHtVAyulCyudDyu$DiuNE2uxFJt%xFtv1EfwaCfw" /><g i="12" c="396" p="#^UE$v%IGynWGpmWGVlWG6k7F6k1E6k$CQkZBylbBWmpAho$zdq%My$v%Jw$v%KA$c%OC$cAC$dnCXeaCTfYBRgKBPhuBUieBYjVAbl%2BblbCHjiD2jqEpiEFpifHpi7Ihj$I9k$IMl$IwmJIOneI8qXG$v" /><g i="13" c="397" p="#^9Fni0GniEGxi%cGnkyFdkWEdkPDdkQCYkSBGl7B_mpAho3ASp%My$v%Jw$v%zzDi%fBDi%$A5l%7B5l$BXjzCrj8DWiMDFipEni9Fni" /><g i="14" c="398" p="#^PAAuuBAuACfu%ACQv9C$vyB7wXAfwzAfw2zfweywvqxNuqxltqxysExwr%bzak%5xak%gxhj%wzki%2Byf%fCyf%ABDi%WEDi%BEak%fBak%HzyrtzCstz9ttzRtPzduaAAuPAAu" /><g i="15" c="399" p="#^8HPq8HotqFQuIDfwBAfwizfwjy3wkxUvtwtv%twptsyruDAruBCruLDwtWEAsWEZqWE0qhEipEDzoUBzn2AxmkzvlCyskCy1jCyLgdAkfRBUdtEUdGFUdJG7eMHleWIVe%6ILgjHhgjG0gjFLftELfPCLfQBBgRArhRAUiRAyj2B0kfBukIBVk9CklrD3meF8nSFLnuGmoPG6p8HRp8HPq" /><g i="16" c="400" p="#^RDsi9GsivHQjRIblRIBnRIUpZHXr5HZtAF5v4EcwbCcwRzcwwyQubxrtbx2rbxJo4yGmZyDkuAyj$BsiRDsi^JGjnJGVlYF2lcFakUDakzCakvB4lsAZlSzAnhzbphz8rhzLs3ADtRAvuiCvuzDvuAECtBFIs9G3rJGqpJGjn" /><g i="17" c="401" p="#^vBDi%Gz5rszbsszOsszyueByujCyulDPtnE4taFJr_FlqoGpo%CHDi%EJDi%PG$v%7F$v%oFwt%fFwt2E2vYCFvTBfwJAfw9zfwgypvnxyunxZsnxdsExTq%qzDi" /><g i="18" c="403" p="#^ODniWEniOF_iGGAj9HJk%iHJk%6IDi%GJDi%PG$v%cF$v%wFst%qFsteDfwPAfw7zfw9y2vbxQtbxJrbxbp2y0nVyQkrACjZBniODni^tByuFCyuQDqt$EhsKFtqtGFotGQmtGAlNFRk5F5k_D5kJC5kDB8lxAbmVz_nhzNphzMrhz9tSzStrAyutByu^yBafyBCeTBcedCOdNCOdKDOdKDMeKDmfnDNf0DcgyCcg6CcgQBXfyBFfyBaf^_Faf_FCekGceGGOdeHOdbIOdbIMebImfPHNfsHcg_GcgzGcggGXf_FFf_Faf" /><g i="19" c="404" p="#^aN9e%GKXp$J9tfIIuwGfwwDfwIAfwlz_u$xIt$xkr$xkqhyTo%BA9e%GC9e%lA1p3Akq3Akr3ALsYAAtSBpuDDpuJFpuTGlt2IgsBIOp%5L9e" /><g i="20" c="405" p="%^Jy$vbxDiezDi0A5q#jAftjAwuoAwu#XB9rAC_pyGDiJIDivB$v" /><g i="21" c="406" p="%^lL$vgJ$vFIdk#zIyizIMgvIMg#bIFhLHGi#jHGjBB$vtz$vJy9eOA9eaB8pbBdq#bBqr4Bnt8Bnt#eCpq2DHo_H9eaK9eHKEo#OKwqOKmsNKntUKnt#PLEqvM2pdR9erT9e" /><g i="22" c="407" p="#^0Aap%rGDi%UIDi%aDjo%MG$v%uE$v%DBBp%Mz5r%My$v%Hw$v%JA$c%OC$cVB5hcBlkwABnZzap" /><g i="23" c="408" p="#^ECfwtBfwzAEvGz0vbzWt%3zWt%0zou_yHuUyevOyNvvx$B%tv$B%zzDi%fBDi%YAal%2BaleDpiBFpigHpidIBjbJNkbJWmbJvplIGrvHRt0G2vxEfwECfw^WE6kLD6kxCgljBqmBAboUzXpUzMrUz6tzAQteByuwCyuKDyuMEztPFzssGLq5HWo5HTm5H6kWE6k" /><g i="24" c="409" p="%^2x$vRA9eUC9e5z$v" /><g i="25" c="410" p="#^ODpi9GpidHJk%lHJkyHQiUHnh%RI$c%TK$c%RG$v%8F$v%qFst%jFst4EZu$CCvXBfwOAfw5zfw8y2vbxRtbxJrbx6p3yXmYyMkrABjXBpiODpi^tByuDCyuRDpt3FgsMFuquGIouGTmuGwlPFPk9F6kWD6kHC6kDB6lzA6mWzXnhzMphzMrhzyutByu" /><g i="26" c="411" p="#^yz5t%Ezmtgyewlwdz%MudzjwJvgx5t" /><g i="27" c="412" p="%^8G$vLFEo#IFvnIFxmIFEkBFEk_E4mZDoopA$vYx$vqxDiqzDiEzSpEzXq#EzKsyzduDzdu#bAIsiBiqUEDi6HDizHSp#EHWrEH3tEHItCHduHHdu#1IatIIzr#nJXpEMDiPODiEI$v" /><g i="28" c="413" p="#^Ju$BTt$BctKB%ct0A_tiAzuiAuviA$vxzvwNyOwnx%zzak%dxak%nxlj%Uzyi%aAkhKATeJBTdJCTcGETc9FTcSF0dAG8dZGjd%rGUewFyeMEyeIDye8D8fACJfdCih%VBDi%PEDi%wEak%DBak%NyzxjyTzjxXAkw$BJu$B" /><g i="29" c="414" p="#^ww5vww9u$wCtvx2tny2tUy2tdzmtyzGtyzkuyzbv2zNvzymwKxmwaxmwRw1wwwJvww5v" /><g i="30" c="415" p="%^0G$v2x$vPA9eNJ9eoJ1guC1giBLlJHLlnHCnVACnwz8uqG8u" /><g i="31" c="418" p="#^0GFm%DLFm%KJkv5HfwDEfwpBfwCzuuQxJsQxypQxgm3zAjiATgvCofIEUdnHUdOIUd2K8eiLnezMVe%MLMgQKmgKJ3gFILfnHLfjFLfCD_gWBdi_Ask2AGm2Aqp2AKriB4tyCpuOEpuGGpuZHWt%8Jwo%CFwo" /><g i="32" c="419" p="#^WFkq%Szkq%Tw$v%zu$v%jE9e%rG9e%HI$v%CG$v^IFqo%gFMk_EAiWEvgtEzhXDDipDHjUAqo" /><g i="33" c="420" p="%^Fwgq5xloXClowCgq" /><g i="34" c="421" p="%^HBIqtx$v5v$vUA5pZxDi2ADiaCEncGDizIDi0Dbp5G$v1E$v" /><g i="35" c="422" p="%^eJ$vcH$vXICnUACn7z$v2x$vPA9eUC9eiBLllJLlZK9e0N9e" /><g i="36" c="423" p="#^RDsi9GsivHQjRIblRIBnRIUpZHXr5HZtAF5v4EcwbCcwRzcwwyQubxrtbx2rbxJo4yGmZyDkuAyj$BsiRDsi^JGjnJGVlYF2lcFakUDakzCakvB4lsAZlSzAnhzbphz8rhzLs3ADtRAvuiCvuzDvuAECtBFIs9G3rJGqpJGjn^hBafhBCeCBceYBOdwCOdtDOdtDMetDmf6DNfLCcghCcgRBcgzBXfhBFfhBaf^JFafJFCe3GcepGOdZGOdWHOdWHMeWHmfyHNfbHcgJGcgiGcg$FXfJFFfJFaf" /><g i="37" c="424" p="#^oF9eGK9eGKfiGKZjCJ9lyIlmCGIm%CGPm0IcnMIaowJ7pwJtqwJ2tFHxuPF$vHC$v%2x$v%PA9e^iBOl%jEOldGOlmHVkvI0kvItivIchHHAgTGYf7FYf%yCYf^vzeu%LCeuYEeu8GftkHgskHtqkH3ppGjovFznODzn%VAzn" /><g i="38" c="425" p="#^uE$v%iGynwGomwGUlwG1l8GzkMF5kRE5kPD5kRCQkTByl8BWmpAho$zbq%My$v%Jw$v%zzDi%fBDi%$A5l%7B5lbCEjeD0jiEniqFniOGnixHajhIYjqInl%wInlzJRjLK6jXLni8NniHOnixPcjoQ1koQCloQrm7QNn%mO$v%hM$v%5OynlOgmlOMllO$kWNykvN5kBM5kCL5kEKOkGJvlXIPmdI6oRHUp%yG$v" /><g i="39" c="426" p="#^RBBtACQrPDtp%GJ9e%$L9e%tC$v%gA$v%hy9e%mA9e%yBvpOBUrOBBt" /><g i="40" c="427" p="%^XB$vRz$vdD$fgy$fGy9eHK9ekK$flF$f" /><g i="41" c="428" p="%^qGldWE0i3KOhZJIj9F8jnHPnlFsoZDujPAHnozdmaDLiCyqhhzxfPDOhjEWc" /><g i="42" c="429" p="#^Ju$BTt$BctKB%ct0A_tiAzuiAuviA$vxzvwNyOwnx%zzak%dxak%nxlj%Uzyi%aAkhKATeJBTdJCTcGETc9FTcSF0dAG8dZGjd%rGUewFyeMEyeIDye8D8fACJfdCih%VBDi%PEDi%wEak%DBak%NyzxjyTzjxXAkw$BJu$B^CG$v%zE$v%pHDi%tJDi^_Hcf_HwenI5eMIFdoJFdtKFdtKLetKqf2KUfEJlg5JlgDIlgiI2g_HLf_Hcf" /><g i="43" c="430" p="#^SLhlSLtoAKWqiJmtVGHuxE$vlB$v%2x$v%PA9e%_E9emI9e6K_fSLOhSLhl^tBcuXDcuOF5tGHZrGIXpGJUnGJglGJEipIih9HYfJEYf%yCYf%vzcu" /><g i="44" c="433" p="#^EC$BNB$B7BKB%7B0ASBiAwCiAmDiATDBzpEUyJEnx%uHak%DBak%NyzxjyTzjxXAkw$BJu$BTt$BctKB%ct0A_tiAzuiAqviAZvAzvwTyOwnx%zzak%dxak%nxlj%Uzyi%aAkhKATeJBTdJCTcGETc9FTcSF0dAG8dZGjd%rGUewFyeMEyeIDye8D8fACJfdCih%VBDi%OHDi%5IihEIUeDJUdCKTcBMTc5NTcNN0dtO8dVOjd%mOUerNyeHMyeCLye2LafuKNf8Kih%RJDi%MMDi%sMak%yJak%JGzxcGXzdFZAeE$BEC$B" /><g i="45" c="434" p="#^8KLi8KNl8Ion8G_ogC_o%DA_o%7z$v%2x$v%PA9e%RE9esH9eOIjf8Ksg8KLi^$Acn%DCcnfFcnCG5m_HZk_HQi_Hih8HDgiGYfxEYf%yCYf" /><g i="46" c="435" p="%^CI$vlG$v#tFNtyECr#EDqpMCbnEAOo7z$v2x$vPA9eUC9e2BPmBJ9e8M9elEWl" /><g i="47" c="436" p="#^yz5t%Ezmtgyewlwdz%MudzjwJvgx5t^1E5t%8Emt_CTvRAdz%gzdzZAmvKB5t" /><g i="48" c="437" p="#^bxDi%ezDi%8AgpgA6qnALrvAntvAou%zAou$AktDBYrgCAqAC2q%yGDi%JIDi%dAgy4zmAZxaBSw$Biv$Bqu$BBtKB%Bt4AmujAbvjAbwjAUwHzCx4zhySx%dzcw" /><g i="49" c="438" p="#^5Cgk%$B_jZCNhjF9e%TG9eUEMinEgk^zxgk%vx_jHyqhOA9e%lC9eyAmiSzgk" /><g i="50" c="439" p="%^UJ$vHH$v4C3h$B3h#CBMj5Bam$y$v0x$vOA9e_C9eBI1tFI1t#1JjqyJ5oGL9eGN9e" /><g i="51" c="440" p="%^2x$vPA9eUC9ewz7uqG7u0G$v" /><g i="52" c="441" p="#^vBDi%Gz5rszbsszOsszyueByujCyulDPtnE4taFJr_FlqoGpo%CHDi%EJDi%PG$v%7F$v%oFwt%fFwt2E2vYCFvTBfwJAfw9zfwgypvnxyunxZsnxdsExTq%qzDi^ABafABCeVBcefCOdPCOdMDOdMDMeMDmfpDNf2DcgACcg8CcgSBXfABFfABaf^0Gaf0GCemGceIGOdgHOddIOddIMedImfRHNfuHcg0HcgBGcgiGXf0GFf0Gaf" /><g i="53" c="442" p="#^lu$Bvt$BRsKB%Rs0ABtiAiuiAQviAlwNx%zzDi%BBDi%lyZxVx2AYw0B$v$Blu$B^8Acf8AwexA5eWAFdyBFdBCFdBCLeBCqfbCUfNBlgeBlgNAlgsA2g8ALf8Acf" /><g i="54" c="443" p="#^Ju$BTt$BctKB%ct0A_tiAzuiAuviA$vxzvwNyOwnx%zzak%dxak%nxlj%Uzyi%aAkhKATeJBTdJCTcGETc9FTcSF0dAG8dZGjd%rGUewFyeMEyeIDye8D8fACJfdCih%VBDi%PEDi%wEak%DBak%NyzxjyTzjxXAkw$BJu$B^AG$v%xE$v%AI$c%EK$c" /><g i="55" c="444" p="%^UG9eZw$vRu$vME9e" /><g i="56" c="445" p="#^HAAo%7z$v%2x$v%PA9e%JE9eaK9eaKCiaKSmGF5o%BI$v%jG$v%MDAo^uCZfeB$l4BOm%7DOmuFOmLGMl0IJk0IMi0IihbHEgnGZfwEZf" /><g i="57" c="446" p="%^OG$vNv$v8wkuqH2gqz2gPz9ehK9eZJRfHy7ucH7u" /><g i="58" c="447" p="%^fE$vdCag7Cag#1C2hMBAi#wB6kjB0l$y$v0x$vOA9eMD9eBFRsIFRsKN9e_Q9eiN$vaL$v#IMOowNYk#lO5hGO9gBO9gRF$v" /><g i="59" c="448" p="#^uHLfnFLfHDXg0C6i1Bpk2AHm2Aop2AGreB2tqCpuwEpucGpurIIt%rIwvoHVvrG4wuFfw8EfwbBfwvzquQxBsQxrpQxfm6zvjpALgACkfLEUduHUdUJUdKLSe%UKAgdJLfuHLf" /><g i="60" c="449" p="#^ww5vww9u$wCtvx2tny2tUy2tdzmtyzGtyzkuyzbv2zNvzymwKxmwaxmwRw1wwwJvww5v^tykktyojYyRiszhijAhivBhivByjvBrk_A0ltAAlHzAl7zAlOyfltyWktykk" /><g i="61" c="450" p="%^VB9e2ACkKyCkDz9e^aG9eiECk_CCkSD9e" /><g i="62" c="451" p="#^az4rrzup2AtoGArn4CkmED6l7EAkCE1kTEqj9FPi9F3i9FWgxEjgWDIfLCIfLBIfRA0gYzjg8zIg%oy7fwzveKAceZBUdZCUd$EUd7GWefHXffHPhfHjjrGAkEFRlHDjnaCqoDB6p5BOpPA4r^Wx5vWx9upyCtUy2tMz2tiA2tDAmtYAGtYAkuYAdvrAOvXzmw8zmwAymwfy1wWxJvWx5v" /></glyphs></font><font id="40" name="Impact Charset1 5hWVf30wCzn"><glyphs><g i="0" c="384" p="%^1xecSAec#AEecUFAc#cHVcUHHd#AIteLIrf#WIogWIcjWI7q#WINsGIHt#qIAuOH5v#aHBvfGOv#lF$vvD$v1x$v^aCCfaCDs#gDDswDas#NDJrNDLpND3i#NDJgHDlg#CDYfiDNf#$CCfaCCf" /><g i="1" c="385" p="#^hB4m%Fw4m%Fw_kFw6j4x5iwx3hPyig7AwfdCwfJEwf_FpggHhhwHAiNHSjNHSn%NH$v%_C$v%_CyuxCqvPBSv5Biw6AiwPyiwKxAvFwRuFwns%Fw2rFwepdxAoOxVn3A1nvC4mGCLlRCqlRCpkRC9jECNisCoi0CoiwBoioBJihB1jhBnk^RCioFB9ptBLphBkqhBqrhBHsrB3tCBqt5CqtzCqtIC8tRCRsRCDr" /><g i="2" c="386" p="#^YG_k%AC_k%AC5kAC_irCHijCoiOBoioBoibBGi_AXi_Auj_Adk4BAkbBWkIBlldCLlQDym_FBnFGwokHspkHdrkHbtPGcuiGcv5FLvUDiwcCiwjAiw_yIvFx6v9x6uFw6tFw5r%Fwjq%0Bjq%0Bkr0BEsaB1tlBqtQBqtmCqtzC9tNCUsNC2sNCUqvCBqdCiqEzSosxEn_wFmwwFlwwikwwli0xrhxxwgLy0g_zwfCBwfdDwflEWfuFkg4G$gHGGhPGfiYGPiYG1k" /><g i="3" c="387" p="#" /><g i="4" c="388" p="%^IIecIIrp#IIHryIBs#pIvtHHtu#ZGqvNFWv#CEqw0Dqw#eBqwTzQv#xyevSxiu#bxmt3xjs#YwgrYwWnYwec5Cec5C3r#5ClsdCJs#mC4tOC4t#hD4tqDHs#zDhszDOqzDec^MBr8MBCbAyCbAyr8^5Hr85HCbVDCbVDr8" /><g i="5" c="389" p="#^PBec%PBWgqCcg9DSfVDwfOEwfOFwfxGQfhH8gGHJg3Iih8IRheIoieIbk%eIureIgt_H8uLH$uTGFv$FiwOEiwWDiwaDWvrCxvPBMu%vB$v%Tw$v%Twec^iDpkiD9j7DNiZCoiwCoi3CoiXBJiPB2jPBpk%PBnrPBHsYB3t6CqtyCqt0Dqt9D2tiDFsiDdr" /><g i="6" c="390" p="%^YBecYB$vTw$vTwec" /><g i="7" c="391" p="%^YBecYBPeTwPeTwec^YBOfYB$vTw$vTwOf" /><g i="8" c="392" p="#^MHWl%6DWl%6D2k6D4jYCKiOCoinCoiYBoiPBIiGB$iGB2k%GBHrGBysTB_s5CqtwCqt$CqtaDZsmDwsmDgr%mDlp%MHlpLHhrCHfsuHdtOGeu6Gfv$ENvUDiwgCiwaAiwYyAvKxSuexAtKwhsKwWp%KwjlKwfj8xcizx9hVylggAwfcCwf7EwfuFkgSG8hjHoiMHDjMHWl" /><g i="9" c="393" p="#^PBec%PBHgrC5gaDPfWDwfMEwf2GwfYGagTHQg4IHhhIyihIQk%hI$v%lD$v%lDCklDbjcDOi3DoiACoi7CoiZBPiPBdjPBrk%PB$v%Tw$v%Twec" /><g i="10" c="394" p="#^2Ibo%GBbo%GBHrGBNsQB6t_BqtrCqt_CqtaD$snDAsnDmr%nDep%2Iep%2Iqq2IWrRHKsFHytYGtugGnvcFRv8EiwwCiwZAiwMzRvzyovUxCuexPt_wTsKwWrKw6q%KwolKwgjix2iTxPgazaguAwfbCwffEwfBFigYG4hvHni2IGj2I1m^6Dyl%6Dmk6D6jZCLiQCoiqCoiVBoiNBIiGB$iGBmk%GByl" /><g i="11" c="395" p="%^9AZr9A$vrw$vrwZr^nJZrnJ$vFF$vFFZr^MEZrME$v2B$v2BZr" /></glyphs></font><font id="50" name="Open SansBoldItalic Charset1 6OrjrEKKwfW"><glyphs><g i="0" c="384" p="#^CF9epI9eQJ9fgL8ggL6igLXjfK8leJkmnHJm%nHNmBI6njJZn2KQo2Kaq2KZsaIuujG$v0D$v%Ew$v%pA9e^ECdl%tEdlXFdlGGDkqH1kqHWiqHfhlFfh%uDfh^0BTs%dDTsEETssFasgGsrgGbqgGdo1Edo%0Cdo" /><g i="1" c="385" p="#^uELkqDLktCKlwBImdB6o%MB6oFD6oIEwnMFWmMFVlMFLkuELk^uCfwWzfwvyTu5xut5xZq5xro5ymm6zgkQAbjyC5iJE5iTG5i4I5jiJ4kiJPliJ6ofHmpdFBqrBBq%PABq%OARq%OA5rOAcspBRs1CutdDuthEut8Fft0G0tfHqs%fHbv8FfwuCfw" /><g i="2" c="386" p="#^Wz8fWz4evAyd4B$c8C$c1D$cvDndZDLdZDseZDrfqD2gUCFgMBFgWzFgWz8f^7A$v%rw$v%lzmi%0Dmi" /><g i="3" c="387" p="#^6Gur6GNtBE0v4DfwmAfw3zfw4y3w6xTvgwsv%gwqsbyxtaAxt8BxtMB8toCKsoC2soCwrXB6ruBHqlA2qSydpgyooHxznHxsmHxnk1zejoA5iUC5ilF5ikHfj%6GTlpESkZCSkgCSkQBalpBtlpB$lpBtmOBQmbCbngDKnMEworFqp6Gjq6Gur" /><g i="4" c="388" p="#^WF5iIH5iKIpjMJJkMJ3nMJppWIzr5IJtEG_ubFfwrDfwqCfwHBOvYAlvlAfu%eAfu5AbwJzRx%Ry$B%9v$B%lzmi%8Cmi%XBqk%1CqkKD5iWF5i^rE4lBD4lQCVl3CJmBB5o7Btp7B7r7B6szBIs0ChtPChtEDhtnErs7FBrAF7q1GEo1Gdn1G4lrE4l" /><g i="5" c="389" p="%^7A$vrw$vtA$c8E$c" /><g i="6" c="390" p="#^YAfw9zfw7yXu5xDt5xir5xToZxHmRyvkgAijIB5iqD5iBE5isFCijG6jOG5k%UG5k%BHmi%qKmi%vH$v%JE$v%UEdu%REducDfwYAfw^oChteDht0EtsOEErgFfqLFRoLF4nLFcmhFElPE4l1E4lcD4lsCYlIBPmfBgoPAIpPA7rPAcsdBLsDBhtoCht" /><g i="7" c="391" p="#^bzmi%SCmi%bBkq$A9r$AMr$AhtjChtrDhtlEUrgFuqOF$n%_Gmi%GKmi%MH$v%ZE$v%dFtt%8FttnDfwPAfw7zfweyfvlxeulxkslxbrExJp" /><g i="8" c="392" p="#^tKni%2Kok%WHVk6Ixl6Ilm6IJoDG6q9FvrDCvrVBvrpBnroAIroAksoAKsLAWs7B6tRBct%wDqtvFGtpGsukHdvkHHwkHgzqFDAwD$BZz$Brx$B0w4BBu9ABuyyBuixrvpwgwwv2yWu8xlu8xit8xrsGxPrdyartzBqGy$piyepWxtoWxmnWxXkszwj_A5iDD5iEE5iEFni^sA4w9zewuyLwQxhxQx5yQxvzbAvz1CvzZCXyWDoyWDoxWDWwwDFw7DpwRBew^uDqkyCqkZBmloBhmoBHnoB9pEC9pzD9p7EdoIEhnIERlIEqkuDqk" /><g i="9" c="393" p="#^wywkwyojbzLiTz5i0B5iSB5ilCziRC1jRCTjRCVkaCAlwBfmpAfmxzfm0zOlwyllwywk^iwAuiwttYwQsCxasNyasDzas7AEsDA5tDAXtDA$uYzGvhzkwbykwixkwOwTviwpviwAu" /><g i="10" c="394" p="#" /></glyphs></font><font id="60" name="Symbol Charset1 6pAeUKz9nEG"><glyphs><g i="0" c="256" p="#^dGXodGNqVE5sBDptLBptVzptBy5shxNqhxXohx5nByOlVzukLBukBDukVEOldG5ndGXo" /><g i="1" c="257" p="#" /></glyphs></font></bwFonts>