<?xml version="1.0" encoding="utf-8"?><bwFrame xmlns:xsi="http://www.w3.org/2001/XMLSchema-instance" xmlns:xsd="http://www.w3.org/2001/XMLSchema" default_layout="pxnsnfns0000100101" textdirection="ltr" device="false" fontscale="100" kbshortcuts="false" skip_nav_enabled="true" outputtype="undefined"><layouts><layout name="npnxsnfns0000100101" font="Open Sans" controllayout="npnxsnfns0000100101" colorscheme="pxnsnfns0000100101" string_table="pxnsnfns0000100101" /><layout name="pxnsnfns0000100101" font="Open Sans" controllayout="pxnsnfns0000100101" colorscheme="pxnsnfns0000100101" string_table="pxnsnfns0000100101" /><layout name="npxnsnfns0000100101" font="Open Sans" controllayout="npxnsnfns0000100101" colorscheme="pxnsnfns0000100101" string_table="pxnsnfns0000100101" /><layout name="npnxnsnfns0000100101" font="Open Sans" controllayout="npnxnsnfns0000100101" colorscheme="pxnsnfns0000100101" string_table="pxnsnfns0000100101" /><layout name="pxnsnfns0000100100" font="Open Sans" controllayout="pxnsnfns0000100100" colorscheme="pxnsnfns0000100101" string_table="pxnsnfns0000100101" /></layouts><control_options><optiongroups><optiongroup name="sidebaroptions"><options><option name="title_enabled" value="true"><options><option name="title_text" value="Wie im richtigen Leben" /></options></option><option name="logo_enabled" value="true"><options><option name="logo_url" value="story_content/logo.swf"><properties><property name="width" value="231" /><property name="height" value="107" /></properties></option><option name="html5_logo_url" value="mobile/5g6X9bSv10K.jpg" /></options></option><option name="sidebar_enabled" value="true"><options><option name="sidebarpos" value="left" /></options></option><optionlist name="tabs"><listitems><listitem name="resources" value="true" group="linkright" /><listitem name="outline" value="true" group="sidebar" /><listitem name="glossary" value="false" group="sidebar" /><listitem name="transcript" value="false" group="sidebar" /></listitems></optionlist><option name="time_enabled" value="false"><options><option name="time_format" value="" /></options></option><option name="video_enabled" value="false"><options><option name="height" value="135" /></options></option></options></optiongroup><optiongroup name="menuoptions"><options><option name="flow" value="free" /><option name="wraplistitems" value="false" /><option name="tooltips" value="true" /><option name="autocollapse" value="true" /><option name="autonumber" value="false" /><option name="enableresultsicons" value="true" /></options></optiongroup><optiongroup name="controls"><options><option name="volume" value="true" /><option name="seekbar" value="false"><options><option name="readonly" value="false" /></options></option><option name="search" value="false" /><option name="pauseplay" value="false" /><option name="replay" value="false" /></options></optiongroup><optiongroup name="bottombaroptions"><options><option name="bottombar_enabled" value="true" /></options></optiongroup></optiongroups></control_options><control_layouts><control_layout name="npnxsnfns0000100101"><control name="volume" enabled="true" /><control name="seekbar" enabled="false" /><control name="replay" enabled="false" /><control name="pauseplay" enabled="false" /><control name="logo" enabled="true" /><control name="previous" enabled="false" /><control name="next" enabled="false" /><control name="submit" enabled="true" /><control name="finish" enabled="false" /><control name="submitall" enabled="false" /><control name="resources" enabled="true" /><control name="glossary" enabled="false" /><control name="transcript" enabled="false" /><control name="outline" enabled="false"><controls><control name="search" enabled="false" /></controls></control><control name="close_btn" enabled="true" /></control_layout><control_layout name="pxnsnfns0000100101"><control name="volume" enabled="true" /><control name="seekbar" enabled="false" /><control name="replay" enabled="false" /><control name="pauseplay" enabled="false" /><control name="logo" enabled="true" /><control name="previous" enabled="true" /><control name="next" enabled="true" /><control name="submit" enabled="false" /><control name="finish" enabled="false" /><control name="submitall" enabled="false" /><control name="resources" enabled="true" /><control name="glossary" enabled="false" /><control name="transcript" enabled="false" /><control name="outline" enabled="false"><controls><control name="search" enabled="false" /></controls></control><control name="close_btn" enabled="true" /></control_layout><control_layout name="npxnsnfns0000100101"><control name="volume" enabled="true" /><control name="seekbar" enabled="false" /><control name="replay" enabled="false" /><control name="pauseplay" enabled="false" /><control name="logo" enabled="true" /><control name="previous" enabled="false" /><control name="next" enabled="true" /><control name="submit" enabled="false" /><control name="finish" enabled="false" /><control name="submitall" enabled="false" /><control name="resources" enabled="true" /><control name="glossary" enabled="false" /><control name="transcript" enabled="false" /><control name="outline" enabled="false"><controls><control name="search" enabled="false" /></controls></control><control name="close_btn" enabled="true" /></control_layout><control_layout name="npnxnsnfns0000100101"><control name="volume" enabled="true" /><control name="seekbar" enabled="false" /><control name="replay" enabled="false" /><control name="pauseplay" enabled="false" /><control name="logo" enabled="true" /><control name="previous" enabled="false" /><control name="next" enabled="false" /><control name="submit" enabled="false" /><control name="finish" enabled="false" /><control name="submitall" enabled="false" /><control name="resources" enabled="true" /><control name="glossary" enabled="false" /><control name="transcript" enabled="false" /><control name="outline" enabled="false"><controls><control name="search" enabled="false" /></controls></control><control name="close_btn" enabled="true" /></control_layout><control_layout name="pxnsnfns0000100100"><control name="volume" enabled="true" /><control name="seekbar" enabled="false" /><control name="replay" enabled="false" /><control name="pauseplay" enabled="false" /><control name="logo" enabled="true" /><control name="previous" enabled="true" /><control name="next" enabled="true" /><control name="submit" enabled="false" /><control name="finish" enabled="false" /><control name="submitall" enabled="false" /><control name="resources" enabled="true" /><control name="glossary" enabled="false" /><control name="transcript" enabled="false" /><control name="outline" enabled="false"><controls><control name="search" enabled="false" /></controls></control><control name="close_btn" enabled="false" /></control_layout></control_layouts><colorschemes><colorscheme name="pxnsnfns0000100101"><color_group name="infopanel"><group_colors><color name="link_text"><fill type="linear" rotation="90"><colors><color rgb="0x7C2280" alpha="100" stop="0" /></colors></fill></color><color name="link_hover"><fill type="linear" rotation="90"><colors><color rgb="0x0000EE" alpha="100" stop="0" /></colors></fill></color><color name="bg"><fill type="linear" rotation="90"><colors><color rgb="0xFFFFFF" alpha="100" stop="0" /></colors></fill></color><color name="shadow"><fill type="linear" rotation="90"><colors><color rgb="0xB8B8B8" alpha="100" stop="0" /></colors></fill></color><color name="name_text"><fill type="linear" rotation="90"><colors><color rgb="0x444444" alpha="100" stop="0" /></colors></fill></color><color name="title_text"><fill type="linear" rotation="90"><colors><color rgb="0x999999" alpha="100" stop="0" /></colors></fill></color></group_colors></color_group><color_group name="infopanelpopup"><group_colors><color name="link_text"><fill type="linear" rotation="90"><colors><color rgb="0x7C2280" alpha="100" stop="0" /></colors></fill></color><color name="link_hover"><fill type="linear" rotation="90"><colors><color rgb="0x0000EE" alpha="100" stop="0" /></colors></fill></color><color name="bg"><fill type="linear" rotation="90"><colors><color rgb="0xE9E9E9" alpha="100" stop="0" /><color rgb="0xCFCFCF" alpha="100" stop="255" /></colors></fill></color><color name="shadow"><fill type="linear" rotation="90"><colors><color rgb="0xB8B8B8" alpha="100" stop="0" /></colors></fill></color><color name="name_text"><fill type="linear" rotation="90"><colors><color rgb="0x444444" alpha="100" stop="0" /></colors></fill></color><color name="bio_text"><fill type="linear" rotation="90"><colors><color rgb="0x999999" alpha="100" stop="0" /></colors></fill></color></group_colors></color_group><color_group name="timer"><group_colors><color name="duration"><fill type="linear" rotation="90"><colors><color rgb="0x00D7FF" alpha="100" stop="0" /><color rgb="0x00ABFF" alpha="100" stop="255" /></colors></fill></color><color name="elapsed"><fill type="linear" rotation="90"><colors><color rgb="0xFEE347" alpha="100" stop="0" /><color rgb="0xFCCC2A" alpha="100" stop="255" /></colors></fill></color><color name="stroke"><fill type="linear" rotation="90"><colors><color rgb="0xC7C7C7" alpha="100" stop="0" /></colors></fill></color><color name="inner"><fill type="linear" rotation="90"><colors><color rgb="0xFFFFFF" alpha="100" stop="0" /></colors></fill></color><color name="text"><fill type="linear" rotation="90"><colors><color rgb="0x555555" alpha="100" stop="0" /></colors></fill></color></group_colors></color_group><color_group name="window"><group_colors><color name="text"><fill type="linear" rotation="90"><colors><color rgb="0x555555" alpha="100" stop="0" /></colors></fill></color><color name="inner"><fill type="linear" rotation="90"><colors><color rgb="0xEAEAEA" alpha="100" stop="0" /><color rgb="0xCFCFCF" alpha="100" stop="255" /></colors></fill></color><color name="bg"><fill type="linear" rotation="90"><colors><color rgb="0xF3F3F3" alpha="100" stop="0" /></colors></fill></color><color name="diva"><fill type="linear" rotation="90"><colors><color rgb="0xF7F7F7" alpha="100" stop="0" /></colors></fill></color><color name="divb"><fill type="linear" rotation="90"><colors><color rgb="0xD3D3D3" alpha="100" stop="0" /></colors></fill></color><color name="shadow"><fill type="linear" rotation="90"><colors><color rgb="0x000000" alpha="20" stop="0" /></colors></fill></color></group_colors></color_group><color_group name="editor"><group_colors><color name="slide_text"><fill type="linear" rotation="90"><colors><color rgb="0x555555" alpha="100" stop="0" /></colors></fill></color><color name="html_text"><fill type="linear" rotation="90"><colors><color rgb="0x444444" alpha="100" stop="0" /></colors></fill></color><color name="btn_bg"><fill type="linear" rotation="90"><colors><color rgb="0xF5F5F5" alpha="100" stop="0" /><color rgb="0xC7C7C7" alpha="100" stop="255" /></colors></fill></color><color name="btn_hover"><fill type="linear" rotation="90"><colors><color rgb="0xF2F2F2" alpha="100" stop="0" /><color rgb="0xAFAFAF" alpha="100" stop="255" /></colors></fill></color><color name="btn_down"><fill type="linear" rotation="90"><colors><color rgb="0xC7C7C7" alpha="100" stop="0" /><color rgb="0xF4F4F4" alpha="100" stop="255" /></colors></fill></color><color name="btn_border"><fill type="linear" rotation="90"><colors><color rgb="0xB1B1B1" alpha="100" stop="0" /></colors></fill></color><color name="btn_text"><fill type="linear" rotation="90"><colors><color rgb="0x353535" alpha="100" stop="0" /></colors></fill></color><color name="btn_text_shadow"><fill type="linear" rotation="90"><colors><color rgb="0xF0F0F0" alpha="100" stop="0" /></colors></fill></color></group_colors></color_group><color_group name="listitem"><group_colors><color name="selected_text"><fill type="linear" rotation="90"><colors><color rgb="0x353535" alpha="100" stop="0" /></colors></fill></color><color name="lines"><fill type="linear" rotation="90"><colors><color rgb="0xDFDFDF" alpha="100" stop="0" /></colors></fill></color><color name="hover"><fill type="linear" rotation="90"><colors><color rgb="0xE6E6E6" alpha="100" stop="0" /></colors></fill></color><color name="viewed"><fill type="linear" rotation="90"><colors><color rgb="0x909090" alpha="100" stop="0" /></colors></fill></color><color name="text"><fill type="linear" rotation="90"><colors><color rgb="0x353535" alpha="100" stop="0" /></colors></fill></color><color name="selected"><fill type="linear" rotation="90"><colors><color rgb="0xC0E2F1" alpha="100" stop="0" /></colors></fill></color><color name="shadow"><fill type="linear" rotation="90"><colors><color rgb="0xFFFFFF" alpha="100" stop="0" /></colors></fill></color></group_colors></color_group><color_group name="base"><group_colors><color name="text"><fill type="linear" rotation="90"><colors><color rgb="0x555555" alpha="100" stop="0" /></colors></fill></color><color name="diva"><fill type="linear" rotation="90"><colors><color rgb="0xD3D3D3" alpha="100" stop="0" /></colors></fill></color><color name="divb"><fill type="linear" rotation="90"><colors><color rgb="0xF7F7F7" alpha="100" stop="0" /></colors></fill></color><color name="bg"><fill type="linear" rotation="90"><colors><color rgb="0xE9E9E9" alpha="100" stop="0" /><color rgb="0xCFCFCF" alpha="100" stop="255" /></colors></fill></color><color name="border"><fill type="linear" rotation="90"><colors><color rgb="0xE9E9E9" alpha="100" stop="0" /><color rgb="0xF3F3F3" alpha="100" stop="255" /></colors></fill></color><color name="menu_shade"><fill type="linear" rotation="90"><colors><color rgb="0xDBDBDB" alpha="100" stop="0" /><color rgb="0xC3C3C3" alpha="100" stop="255" /></colors></fill></color><color name="slide_bg"><fill type="linear" rotation="90"><colors><color rgb="0xE9E9E9" alpha="100" stop="0" /><color rgb="0xCFCFCF" alpha="100" stop="255" /></colors></fill></color></group_colors></color_group><color_group name="button"><group_colors><color name="btn_bg"><fill type="linear" rotation="90"><colors><color rgb="0xF5F5F5" alpha="100" stop="0" /><color rgb="0xC7C7C7" alpha="100" stop="255" /></colors></fill></color><color name="btn_hover"><fill type="linear" rotation="90"><colors><color rgb="0xF2F2F2" alpha="100" stop="0" /><color rgb="0xAFAFAF" alpha="100" stop="255" /></colors></fill></color><color name="btn_down"><fill type="linear" rotation="90"><colors><color rgb="0xC7C7C7" alpha="100" stop="0" /><color rgb="0xF4F4F4" alpha="100" stop="255" /></colors></fill></color><color name="btn_border"><fill type="linear" rotation="90"><colors><color rgb="0xB1B1B1" alpha="100" stop="0" /></colors></fill></color><color name="btn_text"><fill type="linear" rotation="90"><colors><color rgb="0x353535" alpha="100" stop="0" /></colors></fill></color><color name="btn_text_shadow"><fill type="linear" rotation="90"><colors><color rgb="0xF0F0F0" alpha="100" stop="0" /></colors></fill></color><color name="btn_icon_color"><fill type="linear" rotation="90"><colors><color rgb="0x353535" alpha="100" stop="0" /></colors></fill></color><color name="btn_glow"><fill type="linear" rotation="90"><colors><color rgb="0xCFCFCF" alpha="100" stop="0" /></colors></fill></color></group_colors></color_group><color_group name="checkbox"><group_colors><color name="border"><fill type="linear" rotation="90"><colors><color rgb="0xB8B8B8" alpha="100" stop="0" /></colors></fill></color><color name="bg"><fill type="linear" rotation="90"><colors><color rgb="0xFFFFFF" alpha="100" stop="0" /></colors></fill></color><color name="check"><fill type="linear" rotation="90"><colors><color rgb="0x33CC00" alpha="100" stop="0" /></colors></fill></color><color name="text"><fill type="linear" rotation="90"><colors><color rgb="0x444444" alpha="100" stop="0" /></colors></fill></color><color name="hover"><fill type="linear" rotation="90"><colors><color rgb="0x6BF8FF" alpha="100" stop="0" /></colors></fill></color></group_colors></color_group><color_group name="logo"><group_colors><color name="bg"><fill type="linear" rotation="90"><colors><color rgb="0xFFFFFF" alpha="100" stop="0" /></colors></fill></color><color name="shadow"><fill type="linear" rotation="90"><colors><color rgb="0xB8B8B8" alpha="100" stop="0" /></colors></fill></color></group_colors></color_group><color_group name="menu"><group_colors><color name="bg"><fill type="linear" rotation="90"><colors><color rgb="0xF3F3F3" alpha="100" stop="0" /></colors></fill></color><color name="shadow"><fill type="linear" rotation="90"><colors><color rgb="0xB8B8B8" alpha="100" stop="0" /></colors></fill></color></group_colors></color_group><color_group name="scrollarea"><group_colors><color name="bg"><fill type="linear" rotation="0"><colors><color rgb="0xDEDEDE" alpha="100" stop="0" /><color rgb="0xE8E8E8" alpha="100" stop="128" /></colors></fill></color><color name="border"><fill type="linear" rotation="90"><colors><color rgb="0xF6F6F6" alpha="100" stop="0" /><color rgb="0xF3F3F3" alpha="100" stop="255" /></colors></fill></color><color name="button_bg"><fill type="linear" rotation="90"><colors><color rgb="0xC4C4C4" alpha="100" stop="0" /><color rgb="0xB2B2B2" alpha="100" stop="255" /></colors></fill></color><color name="button_inner"><fill type="linear" rotation="90"><colors><color rgb="0xCBCBCB" alpha="100" stop="0" /><color rgb="0xBABABA" alpha="100" stop="255" /></colors></fill></color><color name="button_border"><fill type="linear" rotation="90"><colors><color rgb="0xB8B8B8" alpha="100" stop="0" /></colors></fill></color><color name="icons"><fill type="linear" rotation="90"><colors><color rgb="0x555555" alpha="100" stop="0" /></colors></fill></color><color name="shadow"><fill type="linear" rotation="90"><colors><color rgb="0xD9D9D9" alpha="100" stop="0" /></colors></fill></color><color name="detaila"><fill type="linear" rotation="90"><colors><color rgb="0xA7A7A7" alpha="100" stop="0" /></colors></fill></color><color name="detailb"><fill type="linear" rotation="90"><colors><color rgb="0xCFCFCF" alpha="100" stop="0" /></colors></fill></color></group_colors></color_group><color_group name="searchinput"><group_colors><color name="bg"><fill type="linear" rotation="90"><colors><color rgb="0xDFDFDF" alpha="100" stop="0" /></colors></fill></color><color name="border"><fill type="linear" rotation="90"><colors><color rgb="0xADADAD" alpha="100" stop="0" /><color rgb="0xFAFAFA" alpha="100" stop="255" /></colors></fill></color><color name="icon"><fill type="linear" rotation="90"><colors><color rgb="0x8A8A8A" alpha="100" stop="0" /></colors></fill></color><color name="button_hover"><fill type="linear" rotation="90"><colors><color rgb="0xF5F5F5" alpha="100" stop="0" /><color rgb="0xC7C7C7" alpha="100" stop="255" /></colors></fill></color><color name="hover_glow"><fill type="linear" rotation="90"><colors><color rgb="0x6BF8FF" alpha="100" stop="0" /></colors></fill></color><color name="search_text"><fill type="linear" rotation="90"><colors><color rgb="0x8A8A8A" alpha="100" stop="0" /></colors></fill></color><color name="bg_active"><fill type="linear" rotation="90"><colors><color rgb="0xFAFAFA" alpha="100" stop="0" /></colors></fill></color><color name="text_active"><fill type="linear" rotation="90"><colors><color rgb="0x333333" alpha="100" stop="0" /></colors></fill></color></group_colors></color_group><color_group name="seekcontrol"><group_colors><color name="bg"><fill type="linear" rotation="90"><colors><color rgb="0xF5F5F5" alpha="100" stop="0" /><color rgb="0xC7C7C7" alpha="100" stop="255" /></colors></fill></color><color name="border"><fill type="linear" rotation="90"><colors><color rgb="0xB1B1B1" alpha="100" stop="0" /></colors></fill></color><color name="seek_border"><fill type="linear" rotation="90"><colors><color rgb="0xB8B8B8" alpha="100" stop="0" /><color rgb="0xEEEEEE" alpha="100" stop="255" /></colors></fill></color><color name="seek_bg"><fill type="linear" rotation="90"><colors><color rgb="0xE7E7E7" alpha="100" stop="0" /></colors></fill></color><color name="seek_position"><fill type="linear" rotation="90"><colors><color rgb="0xFFFFFF" alpha="100" stop="0" /></colors></fill></color><color name="btn_icon_color"><fill type="linear" rotation="90"><colors><color rgb="0x2D2D2D" alpha="100" stop="0" /></colors></fill></color><color name="btn_icon_hover"><fill type="linear" rotation="90"><colors><color rgb="0x555555" alpha="100" stop="0" /></colors></fill></color><color name="btn_icon_shadow"><fill type="linear" rotation="90"><colors><color rgb="0xF0F0F0" alpha="100" stop="0" /></colors></fill></color></group_colors></color_group><color_group name="tabs"><group_colors><color name="bg"><fill type="linear" rotation="90"><colors><color rgb="0xF3F3F3" alpha="100" stop="0" /></colors></fill></color><color name="text"><fill type="linear" rotation="90"><colors><color rgb="0x555555" alpha="100" stop="0" /></colors></fill></color><color name="selected"><fill type="linear" rotation="90"><colors><color rgb="0x333333" alpha="100" stop="0" /></colors></fill></color><color name="hover"><fill type="linear" rotation="90"><colors><color rgb="0x333333" alpha="100" stop="0" /></colors></fill></color><color name="shadow"><fill type="linear" rotation="90"><colors><color rgb="0xF0F0F0" alpha="100" stop="0" /></colors></fill></color></group_colors></color_group><color_group name="transcript"><group_colors><color name="div"><fill type="linear" rotation="90"><colors><color rgb="0xE1E1E1" alpha="100" stop="0" /></colors></fill></color><color name="heading_text"><fill type="linear" rotation="90"><colors><color rgb="0x444444" alpha="100" stop="0" /></colors></fill></color></group_colors></color_group><color_group name="outline"><group_colors><color name="diva"><fill type="linear" rotation="90"><colors><color rgb="0xC6C6C6" alpha="100" stop="0" /></colors></fill></color><color name="divb"><fill type="linear" rotation="90"><colors><color rgb="0xF9F9F9" alpha="100" stop="0" /></colors></fill></color><color name="divc"><fill type="linear" rotation="90"><colors><color rgb="0xE1E1E1" alpha="100" stop="0" /></colors></fill></color><color name="search_text"><fill type="linear" rotation="90"><colors><color rgb="0x444444" alpha="100" stop="0" /></colors></fill></color><color name="search_hover"><fill type="linear" rotation="90"><colors><color rgb="0x0000EE" alpha="100" stop="0" /></colors></fill></color></group_colors></color_group><color_group name="resource"><group_colors><color name="separator"><fill type="linear" rotation="90"><colors><color rgb="0xE0E0E0" alpha="100" stop="0" /></colors></fill></color></group_colors></color_group><color_group name="glossary"><group_colors><color name="selected_text"><fill type="linear" rotation="90"><colors><color rgb="0x353535" alpha="100" stop="0" /></colors></fill></color><color name="selected"><fill type="linear" rotation="90"><colors><color rgb="0xC0E2F1" alpha="100" stop="0" /></colors></fill></color><color name="text"><fill type="linear" rotation="90"><colors><color rgb="0x353535" alpha="100" stop="0" /></colors></fill></color><color name="hover"><fill type="linear" rotation="90"><colors><color rgb="0xE6E6E6" alpha="100" stop="0" /></colors></fill></color><color name="diva"><fill type="linear" rotation="90"><colors><color rgb="0xE2E2E2" alpha="100" stop="0" /></colors></fill></color><color name="divb"><fill type="linear" rotation="90"><colors><color rgb="0xE2E2E2" alpha="100" stop="0" /></colors></fill></color><color name="divc"><fill type="linear" rotation="90"><colors><color rgb="0xFAFAFA" alpha="100" stop="0" /></colors></fill></color><color name="bg"><fill type="linear" rotation="90"><colors><color rgb="0xE7E7E7" alpha="100" stop="0" /></colors></fill></color><color name="heading_text"><fill type="linear" rotation="90"><colors><color rgb="0x444444" alpha="100" stop="0" /></colors></fill></color></group_colors></color_group><color_group name="volume"><group_colors><color name="thumb_border"><fill type="linear" rotation="90"><colors><color rgb="0xA5A5A5" alpha="100" stop="0" /></colors></fill></color><color name="thumb_inner"><fill type="linear" rotation="90"><colors><color rgb="0xD4D4D4" alpha="100" stop="0" /></colors></fill></color><color name="thumb_bg"><fill type="linear" rotation="90"><colors><color rgb="0xC8C8C8" alpha="100" stop="0" /></colors></fill></color><color name="slider_border"><fill type="linear" rotation="90"><colors><color rgb="0xF2F2F2" alpha="100" stop="0" /></colors></fill></color><color name="slider_bg"><fill type="linear" rotation="90"><colors><color rgb="0xBCBCBC" alpha="100" stop="0" /><color rgb="0xBCBCBC" alpha="100" stop="128" /><color rgb="0xC3C3C3" alpha="100" stop="255" /></colors></fill></color></group_colors></color_group></colorscheme></colorschemes><string_tables><string_table name="pxnsnfns0000100101"><string id="prev">ZURÜCK</string><string id="next">WEITER</string><string id="submit">SENDEN</string><string id="outline">Menü</string><string id="resources">Ressourcen</string><string id="glossary">Glossar</string><string id="transcript">Notizen</string><string id="clear">Löschen</string><string id="search_results">Suchergebnisse</string><string id="filter">Filter</string><string id="slide_text_chk">Slide Text</string><string id="transcript_chk">Notizen</string><string id="search_in">Suche in:</string><string id="check_include">Überprüfen</string><string id="search">Suche...</string><string id="terms">Begriffe</string><string id="definition">Definition</string><string id="acc_definition">definition</string><string id="acc_resources">ressourcen</string><string id="acc_search_input">suche</string><string id="acc_pause">pause</string><string id="acc_play">spielen</string><string id="acc_replay">erneute wiedergabe</string><string id="acc_submit">senden</string><string id="acc_next">nächste</string><string id="acc_previous">vorherigen</string><string id="acc_volume">Lautstärke</string><string id="acc_skipnavigation">Navigation überspringen. Eingabetaste drücken, um zur Folie zurückzukehren.</string><string id="finish">BEENDEN</string><string id="acc_finish">beenden</string><string id="submitall">ALLES SENDEN</string><string id="acc_submitall">alles senden</string><string id="question_list">Liste der Fragen</string><string id="more_info">Weitere Informationen</string><string id="send_an_email">E-Mail senden</string><string id="close">Schließen</string><string id="bio">Bio</string><string id="exit">Verlassen</string></string_table></string_tables><sounds enabled="false" /><nav_data><outline><links><slidelink slideid="_player.5qfPBWCNLAD" displaytext="Wie im richtigen Leben" expand="true" type="slide"><links><slidelink slideid="_player.5qfPBWCNLAD.68P7d1gPw73" displaytext="“Wie im richtigen Leben”" expand="true" type="slide" /><slidelink slideid="_player.5qfPBWCNLAD.6j8fHDTqpan" displaytext="Ziel dieser Schulungseinheit" expand="true" type="slide" /><slidelink slideid="_player.5qfPBWCNLAD.6pvmz5ksqpS" displaytext="Das Übliche…" expand="true" type="slide" /><slidelink slideid="_player.5qfPBWCNLAD.6L4vJuGMk8N" displaytext="Aus ZufälligeZuweisungPersonas herausziehen" expand="true" type="slide" /><slidelink slideid="_player.5qfPBWCNLAD.6FQfm55Vrq2" displaytext="Erläuterung des weiteren Vorgehens" expand="true" type="slide" /><slidelink slideid="_player.5qfPBWCNLAD.5Z1mbqGExW1" displaytext="Draw from FragenpoolWieImRichtigenLeben" expand="true" type="slide" /><slidelink slideid="_player.5qfPBWCNLAD.6DDqG53XYAY" displaytext="Auswertung" expand="true" type="slide" /><slidelink slideid="_player.5qfPBWCNLAD.6fQSFJje4Kb" displaytext="Vergleich der Werte" expand="true" type="slide" /><slidelink slideid="_player.5qfPBWCNLAD.64mlMUEDPe7" displaytext="Reflexion" expand="true" type="slide" /></links></slidelink><slidelink slideid="_player.6AwlaMGE73G" displaytext="Steckbriefentwürfe, ungenutzt" expand="true" type="slide"><links><slidelink slideid="_player.6AwlaMGE73G.67mxwCKwmii" displaytext="Tobias Müller" expand="true" type="slide" /><slidelink slideid="_player.6AwlaMGE73G.6qIj6BH2uMr" displaytext="Tobias Müller" expand="true" type="slide" /><slidelink slideid="_player.6AwlaMGE73G.5tm6qQWO6tN" displaytext="Tobias Müller" expand="true" type="slide" /><slidelink slideid="_player.6AwlaMGE73G.6QLi5nBHxfl" displaytext="Tobias Müller" expand="true" type="slide" /><slidelink slideid="_player.6AwlaMGE73G.5cgUUi9dKuQ" displaytext="Tobias Müller" expand="true" type="slide" /><slidelink slideid="_player.6AwlaMGE73G.6hI2vBHBGq7" displaytext="Tobias Müller" expand="true" type="slide" /><slidelink slideid="_player.6AwlaMGE73G.5dG6zOslgo6" displaytext="Tobias Müller" expand="true" type="slide" /><slidelink slideid="_player.6AwlaMGE73G.6lFYjdSc5uC" displaytext="Informationen zur ausgewählten Person" expand="true" type="slide" /><slidelink slideid="_player.6AwlaMGE73G.5fgr1IDcMsI" displaytext="Beschreibung der Persona 1" expand="true" type="slide" /><slidelink slideid="_player.6AwlaMGE73G.6dombKU5uCM" displaytext="Beschreibung der Persona 9" expand="true" type="slide" /><slidelink slideid="_player.6AwlaMGE73G.6XTO7qkYbHi" displaytext="Beschreibung der Persona 8" expand="true" type="slide" /><slidelink slideid="_player.6AwlaMGE73G.6nJWjioZITl" displaytext="Beschreibung der Persona 7" expand="true" type="slide" /><slidelink slideid="_player.6AwlaMGE73G.6Ki33i0GrN9" displaytext="Beschreibung der Persona 5" expand="true" type="slide" /><slidelink slideid="_player.6AwlaMGE73G.5pLN4niXnwA" displaytext="Beschreibung der Persona 6" expand="true" type="slide" /><slidelink slideid="_player.6AwlaMGE73G.6QGKFUl09Em" displaytext="Beschreibung der Persona 3" expand="true" type="slide" /><slidelink slideid="_player.6AwlaMGE73G.5o7CKpocVwv" displaytext="Beschreibung der Persona 2" expand="true" type="slide" /><slidelink slideid="_player.6AwlaMGE73G.6YaVSKusZNv" displaytext="Beschreibung der Persona 1" expand="true" type="slide" /><slidelink slideid="_player.6AwlaMGE73G.6h1FWj6TCRf" displaytext="Beschreibung der Persona 9" expand="true" type="slide" /><slidelink slideid="_player.6AwlaMGE73G.6OYyFtuIWbR" displaytext="Beschreibung der Persona 8" expand="true" type="slide" /><slidelink slideid="_player.6AwlaMGE73G.6keHEJuPr0B" displaytext="Beschreibung der Persona 7" expand="true" type="slide" /><slidelink slideid="_player.6AwlaMGE73G.5mL6BkvQq0D" displaytext="Beschreibung der Persona 5" expand="true" type="slide" /><slidelink slideid="_player.6AwlaMGE73G.6DQfA7RCT9i" displaytext="Beschreibung der Persona 6" expand="true" type="slide" /><slidelink slideid="_player.6AwlaMGE73G.5n9hEeoe1lD" displaytext="Beschreibung der Persona 3" expand="true" type="slide" /><slidelink slideid="_player.6AwlaMGE73G.5za4crt6gi5" displaytext="Beschreibung der Persona 2" expand="true" type="slide" /><slidelink slideid="_player.6AwlaMGE73G.5iU5Go2Zrep" displaytext="Beschreibung der Persona 4" expand="true" type="slide" /></links></slidelink><slidelink slideid="_player.5kiOD0vOFzm" displaytext="Steckbriefe der Personas" expand="true" type="slide"><links><slidelink slideid="_player.5kiOD0vOFzm.6PcB8qFyoiI" displaytext="Tobias" expand="true" type="slide" /><slidelink slideid="_player.5kiOD0vOFzm.62LfYqDy2QZ" displaytext="Pia" expand="true" type="slide" /><slidelink slideid="_player.5kiOD0vOFzm.6Ay6Gro8cmk" displaytext="Kübra" expand="true" type="slide" /><slidelink slideid="_player.5kiOD0vOFzm.6CPJijizpnf" displaytext="Hela" expand="true" type="slide" /><slidelink slideid="_player.5kiOD0vOFzm.6J4ggJ27FCq" displaytext="Stephanie" expand="true" type="slide" /><slidelink slideid="_player.5kiOD0vOFzm.6NZPHcBHJoU" displaytext="Frank" expand="true" type="slide" /><slidelink slideid="_player.5kiOD0vOFzm.5dLg17OWoWb" displaytext="Isabell" expand="true" type="slide" /><slidelink slideid="_player.5kiOD0vOFzm.5p165mRFWbA" displaytext="Jinjin" expand="true" type="slide" /><slidelink slideid="_player.5kiOD0vOFzm.61KcenS5B3V" displaytext="Kim" expand="true" type="slide" /><slidelink slideid="_player.5kiOD0vOFzm.6qp7ppcPWqv" displaytext="Aaron" expand="true" type="slide" /><slidelink slideid="_player.5kiOD0vOFzm.5g6Djk4xZw0" displaytext="Jan" expand="true" type="slide" /><slidelink slideid="_player.5kiOD0vOFzm.5wDhUvV5a0f" displaytext="Sarah" expand="true" type="slide" /><slidelink slideid="_player.5kiOD0vOFzm.6gKzTFUetsx" displaytext="Mercedes" expand="true" type="slide" /><slidelink slideid="_player.5kiOD0vOFzm.68GSjQ5r2A3" displaytext="Max" expand="true" type="slide" /><slidelink slideid="_player.5kiOD0vOFzm.65tovB2sdZq" displaytext="Ayla" expand="true" type="slide" /><slidelink slideid="_player.5kiOD0vOFzm.69zSyWWc4Y7" displaytext="Mira" expand="true" type="slide" /><slidelink slideid="_player.5kiOD0vOFzm.63FKJDYvUA9" displaytext="Süngül" expand="true" type="slide" /><slidelink slideid="_player.5kiOD0vOFzm.6Rl88kDiygB" displaytext="Arif Abdel" expand="true" type="slide" /><slidelink slideid="_player.5kiOD0vOFzm.6QwlRlnpSdT" displaytext="Christian" expand="true" type="slide" /></links></slidelink></links></outline></nav_data><resource_data description="&lt;p align='left'&gt;&lt;font face='Open Sans' size='11' color='#444444'&gt;Im Folgenden finden Sie ein paar n&amp;#252;tzliche Tipps und Dokumente:&lt;/font&gt;&lt;/p&gt;" /><transcript_data /><glossary_data /></bwFrame>