﻿<?xml version="1.0" encoding="utf-8"?>
<manifest identifier="_6P8wfFnoQjN_course_id" version="1.0" xmlns="http://www.imsproject.org/xsd/imscp_rootv1p1p2" xmlns:adlcp="http://www.adlnet.org/xsd/adlcp_rootv1p2" xmlns:xsi="http://www.w3.org/2001/XMLSchema-instance" xsi:schemaLocation="http://www.imsproject.org/xsd/imscp_rootv1p1p2 imscp_rootv1p1p2.xsd http://www.imsglobal.org/xsd/imsmd_rootv1p2p1 imsmd_rootv1p2p1.xsd http://www.adlnet.org/xsd/adlcp_rootv1p2 adlcp_rootv1p2.xsd">
  <metadata>
    <schema>ADL SCORM</schema>
    <schemaversion>1.2</schemaversion>
    <lom xmlns="http://www.imsglobal.org/xsd/imsmd_rootv1p2p1" xmlns:xsi="http://www.w3.org/2001/XMLSchema-instance" xsi:schemaLocation="http://www.imsglobal.org/xsd/imsmd_rootv1p2p1 imsmd_rootv1p2p1.xsd">
      <general>
        <title>
          <langstring xml:lang="x-none">Legitime Kooperation oder Plagiat - Marc und Peter</langstring>
        </title>
        <description>
          <langstring xml:lang="x-none">Eine Lerneinheit, in der der Teilnehmer als Tutor über das Vorgehen in einem möglichen Plagiatsfall entscheiden muss.</langstring>
        </description>
      </general>
      <lifecycle>
        <version>
          <langstring xml:lang="x-none">1</langstring>
        </version>
        <status>
          <source>
            <langstring xml:lang="x-none">LOMv1.0</langstring>
          </source>
          <value>
            <langstring xml:lang="x-none">Final</langstring>
          </value>
        </status>
      </lifecycle>
      <metametadata>
        <metadatascheme>ADL SCORM 1.2</metadatascheme>
      </metametadata>
      <educational>
        <typicallearningtime>
          <datetime>PT0H0M0S</datetime>
        </typicallearningtime>
      </educational>
      <rights>
        <cost>
          <source>
            <langstring xml:lang="x-none">LOMv1.0</langstring>
          </source>
          <value>
            <langstring xml:lang="x-none">yes</langstring>
          </value>
        </cost>
        <copyrightandotherrestrictions>
          <source>
            <langstring xml:lang="x-none">LOMv1.0</langstring>
          </source>
          <value>
            <langstring xml:lang="x-none">yes</langstring>
          </value>
        </copyrightandotherrestrictions>
      </rights>
    </lom>
  </metadata>
  <organizations default="Legitime_Kooperation_oder_Plagiat_-_Marc_und_Peter_ORG">
    <organization identifier="Legitime_Kooperation_oder_Plagiat_-_Marc_und_Peter_ORG">
      <title>Legitime Kooperation oder Plagiat - Marc und Peter</title>
      <item identifier="plagTimLinda_SCO" isvisible="true" identifierref="__6P8wfFnoQjN_course_id_RES">
        <title>Legitime Kooperation oder Plagiat - Tim und Linda</title>
      </item>
    </organization>
  </organizations>
  <resources>
    <resource identifier="__6P8wfFnoQjN_course_id_RES" type="webcontent" href="launcher.html" adlcp:scormtype="sco">
      <file href="story_content/thumbnail.jpg" />
      <file href="mobile/5z6dNWdWY3Z_80_DX540_DY540_CX118_CY349.png" />
      <file href="mobile/6VNrMmZxiIk_80_DX540_DY540_CX110_CY324.png" />
      <file href="mobile/5hhSF1IiIbn_80_DX314_DY314_CX247_CY239.png" />
      <file href="mobile/5wo1M2VPC8Y_80_DX382_DY382_CX254_CY300.png" />
      <file href="mobile/5z6dNWdWY3Z_80_DX540_DY540_CX143_CY423.png" />
      <file href="mobile/6VNrMmZxiIk_80_DX540_DY540_CX135_CY399.png" />
      <file href="mobile/5k5FIZiFeyU_80_DX382_DY382_CX212_CY300.png" />
      <file href="mobile/5wL55mKBaub_80_DX540_DY540_CX265_CY424.png" />
      <file href="mobile/6mDv1oNxdWw_80_DX540_DY540_CX136_CY421.png" />
      <file href="mobile/6XSmyn7Zpfe_80_DX540_DY540_CX177_CY424.png" />
      <file href="mobile/6PSuVFnUy8X_80_DX540_DY540_CX150_CY424.png" />
      <file href="mobile/6aOPJSNAOac_80_DX540_DY540_CX147_CY422.png" />
      <file href="mobile/5k6p1TstVBM_80_DX540_DY540_CX143_CY423.png" />
      <file href="mobile/6U16Z4dU608_80_DX540_DY540_CX201_CY424.png" />
      <file href="mobile/5igaUdp7gbP_80_DX540_DY540_CX266_CY424.png" />
      <file href="mobile/6JYCJV3aEnU_80_DX540_DY540_CX136_CY420.png" />
      <file href="mobile/5u4QwznxxIw_80_DX540_DY540_CX177_CY424.png" />
      <file href="mobile/6nGf3i7tnF3_80_DX540_DY540_CX151_CY424.png" />
      <file href="mobile/64y8wVltdX4_80_DX540_DY540_CX147_CY421.png" />
      <file href="mobile/6eATEg4Ha0A_80_DX540_DY540_CX143_CY422.png" />
      <file href="mobile/61fsd9UsTtC_80_DX540_DY540_CX143_CY422.png" />
      <file href="mobile/6JhJ3vuoQa0_80_DX540_DY540_CX143_CY422.png" />
      <file href="mobile/6WiM1EVLapP_80_DX540_DY540_CX201_CY424.png" />
      <file href="mobile/6pkfHQgq0VV_80_DX540_DY540_CX147_CY421.png" />
      <file href="mobile/6VNrMmZxiIk_80_DX540_DY540_CX143_CY422.png" />
      <file href="mobile/5oULHh9bvki_80_DX540_DY540_CX261_CY424.png" />
      <file href="mobile/5xAcqFu4GkN_80_DX540_DY540_CX135_CY422.png" />
      <file href="mobile/5jVBMDjACKH_80_DX540_DY540_CX118_CY423.png" />
      <file href="mobile/6fgYquFmvzY_80_DX540_DY540_CX140_CY424.png" />
      <file href="mobile/6ThwZyxQISH_80_DX540_DY540_CX187_CY424.png" />
      <file href="mobile/65ir5xgTkTO_80_DX540_DY540_CX159_CY424.png" />
      <file href="meta.xml" />
      <file href="story_content/url.png" />
      <file href="story_content/6C1u78pm4TE.png" />
      <file href="story_content/5wGdcbuu2Nz.png" />
      <file href="story_content/5tH2tnm5NDc.png" />
      <file href="story_content/6fHscXaoMrN.png" />
      <file href="story_content/6PsJsbUczhn.png" />
      <file href="story_content/user.js" />
      <file href="story_content/external_files/definition.pdf" />
      <file href="story_content/external_files/beispiele.pdf" />
      <file href="story_content/external_files/zitatLimits.pdf" />
      <file href="story_content/external_files/auswirkungen.pdf" />
      <file href="story_content/external_files/gesamt.pdf" />
      <file href="mobile/Slide5ZKAz4guJBJ.jpg" />
      <file href="html5/lib/scripts/ds-frame.desktop.min.js" />
      <file href="html5/lib/scripts/ds-slides.min.js" />
      <file href="html5/lib/scripts/ds-frame.mobile.min.js" />
      <file href="html5/lib/scripts/ds-bootstrap.min.js" />
      <file href="html5/lib/stylesheets/mobile.min.css" />
      <file href="html5/lib/stylesheets/desktop.min.css" />
      <file href="html5/lib/stylesheets/mobile-fonts/open-sans-light.woff" />
      <file href="html5/lib/stylesheets/mobile-fonts/open-sans-bold.woff" />
      <file href="html5/lib/stylesheets/mobile-fonts/open-sans-regular.woff" />
      <file href="html5/data/css/output.min.css" />
      <file href="html5/data/js/6l0HOf9LOmc.js" />
      <file href="html5/data/js/6mk2wrbI9qv.js" />
      <file href="html5/data/js/6Wbu3roJgUu.js" />
      <file href="html5/data/js/635zWBP1B9S.js" />
      <file href="html5/data/js/5rhyCWZUUwp.js" />
      <file href="html5/data/js/6LuC5ddiiYl.js" />
      <file href="html5/data/js/5dQFHrNj2Kr.js" />
      <file href="html5/data/js/6Fg8FkI5Awj.js" />
      <file href="html5/data/js/5eidWJmL0v1.js" />
      <file href="html5/data/js/paths.js" />
      <file href="html5/data/js/6llmmJ71qV5.js" />
      <file href="html5/data/js/6EYwtKqdXAT.js" />
      <file href="html5/data/js/5qCOaxySXKB.js" />
      <file href="html5/data/js/6DCLEzI81bL.js" />
      <file href="html5/data/js/6UlFjeRxlz0.js" />
      <file href="html5/data/js/5xmup3fSOf1.js" />
      <file href="html5/data/js/6aC8u3Nbazs.js" />
      <file href="html5/data/js/5pGbERGL26L.js" />
      <file href="html5/data/js/data.js" />
      <file href="html5/data/js/5atYgQasvf9.js" />
      <file href="html5/data/js/68YbQn3NFj9.js" />
      <file href="html5/data/js/602uN9VtJSX.js" />
      <file href="html5/data/js/67UiShCiG4A.js" />
      <file href="html5/data/js/6TvL1mRY1lw.js" />
      <file href="html5/data/js/6dC1sID6PcN.js" />
      <file href="html5/data/js/5gQdGuqLBps.js" />
      <file href="html5/data/js/6GHaJfw6gKc.js" />
      <file href="html5/data/js/5jet8yYmr2K.js" />
      <file href="html5/data/js/5cAaUMQ5f6L.js" />
      <file href="html5/data/js/5Uswe9ojiXM.js" />
      <file href="html5/data/js/6XWBEQV8Ebs.js" />
      <file href="html5/data/js/6Kyu7l9XHuP.js" />
      <file href="html5/data/js/6XmTLMwClxK.js" />
      <file href="html5/data/js/frame.js" />
      <file href="html5/data/js/69AjogyDERS.js" />
      <file href="analytics-frame.html" />
      <file href="story.html" />
      <file href="launcher.html" />
      <file href="story_content/external_window.png" />
      <file href="index_lms.html" />
      <file href="lms/AICCComm.html" />
      <file href="lms/AICCFunctions.js" />
      <file href="lms/API.js" />
      <file href="lms/APIConstants.js" />
      <file href="lms/blank.html" />
      <file href="lms/browsersniff.js" />
      <file href="lms/Configuration.js" />
      <file href="lms/goodbye.html" />
      <file href="lms/lms.js" />
      <file href="lms/LMSAPI.js" />
      <file href="lms/NONEFunctions.js" />
      <file href="lms/SCORM2004Functions.js" />
      <file href="lms/SCORMFunctions.js" />
      <file href="lms/UtilityFunctions.js" />
    </resource>
  </resources>
</manifest>