﻿<?xml version="1.0" encoding="utf-8"?><meta xmlns:xsi="http://www.w3.org/2001/XMLSchema-instance" xmlns:xsd="http://www.w3.org/2001/XMLSchema"><project id="6i31arcsSz3" courseid="6P8wfFnoQjN_course_id" thumburl="story_content/thumbnail.jpg" title="Legitime Kooperation oder Plagiat - Marc und Peter" datepublished="2020-03-25T14:34:59" version="1.0.0.0" flashdata="story_content/data.swf" html5data="mobile/data.json" mobiledata="mobile/data.gz" enabledownload="false" duration="Über 2 Minutes" totalaudio="0" totalvideo="0"><description>Eine Lerneinheit, in der der Teilnehmer als Tutor über das Vorgehen in einem möglichen Plagiatsfall entscheiden muss.</description><keywords /><slidemeta moniker="folie" monikerplural="folien" viewslides="32" slidecountdescription="32 folien" /><author name="Dr. Guido Rößling" email="guido@informatik.tu-darmstadt.de" website="" /><application name="Articulate Storyline" version="3.38.21779.0" xmlversion="4.0" /></project></meta>