<?xml version="1.0" encoding="utf-8"?>
<bwFrame xmlns:xsi="http://www.w3.org/2001/XMLSchema-instance" xmlns:xsd="http://www.w3.org/2001/XMLSchema" default_layout="npnxnanbnsnfns00001100001" textdirection="ltr" device="false" fontscale="100" kbshortcuts="false" skip_nav_enabled="true" chromeless="false" outputtype="undefined" theme="unified">
  <layouts>
    <layout name="npnxnanbsnfns00001100001" font="Lato" controllayout="npnxnanbsnfns00001100001" colorscheme="npnxnanbnsnfns00001100001" string_table="npnxnanbnsnfns00001100001" />
    <layout name="pxabnsnfns00001100001" font="Lato" controllayout="pxabnsnfns00001100001" colorscheme="npnxnanbnsnfns00001100001" string_table="npnxnanbnsnfns00001100001" />
    <layout name="npxnabnsnfns00001100001" font="Lato" controllayout="npxnabnsnfns00001100001" colorscheme="npnxnanbnsnfns00001100001" string_table="npnxnanbnsnfns00001100001" />
    <layout name="npnxnanbnsnfns00001100001" font="Lato" controllayout="npnxnanbnsnfns00001100001" colorscheme="npnxnanbnsnfns00001100001" string_table="npnxnanbnsnfns00001100001" />
    <layout name="pxabnsnfns00001100000" font="Lato" controllayout="pxabnsnfns00001100000" colorscheme="npnxnanbnsnfns00001100001" string_table="npnxnanbnsnfns00001100001" />
  </layouts>
  <control_options>
    <optiongroups>
      <optiongroup name="sidebaroptions">
        <options>
          <option name="title_enabled" value="true">
            <options>
              <option name="title_text" value="YanaiGonen" />
            </options>
          </option>
          <option name="logo_enabled" value="false">
            <options />
          </option>
          <option name="sidebar_enabled" value="true">
            <options>
              <option name="sidebarpos" value="left" />
            </options>
          </option>
          <optionlist name="tabs">
            <listitems>
              <listitem name="resources" value="true" group="linkright" />
              <listitem name="outline" value="true" group="sidebar" />
              <listitem name="glossary" value="false" group="sidebar" />
              <listitem name="transcript" value="false" group="sidebar" />
            </listitems>
          </optionlist>
          <option name="time_enabled" value="false">
            <options>
              <option name="time_format" value="" />
            </options>
          </option>
          <option name="video_enabled" value="false">
            <options>
              <option name="height" value="135" />
            </options>
          </option>
        </options>
      </optiongroup>
      <optiongroup name="menuoptions">
        <options>
          <option name="flow" value="free" />
          <option name="wraplistitems" value="false" />
          <option name="tooltips" value="true" />
          <option name="autocollapse" value="true" />
          <option name="autonumber" value="false" />
          <option name="enableresultsicons" value="true" />
        </options>
      </optiongroup>
      <optiongroup name="controls">
        <options>
          <option name="volume" value="false" />
          <option name="seekbar" value="false">
            <options>
              <option name="readonly" value="false" />
              <option name="readonlyOnce" value="false" />
            </options>
          </option>
          <option name="search" value="false" />
          <option name="pauseplay" value="false" />
          <option name="replay" value="false" />
          <option name="closed_captions" value="true">
            <options>
              <option name="font" value="Lato" />
            </options>
          </option>
        </options>
      </optiongroup>
      <optiongroup name="bottombaroptions">
        <options>
          <option name="bottombar_enabled" value="true" />
        </options>
      </optiongroup>
      <optiongroup name="buttonoptions">
        <options>
          <option name="next" value="icon" />
          <option name="previous" value="icon" />
          <option name="submit" value="icon" />
        </options>
      </optiongroup>
    </optiongroups>
  </control_options>
  <control_layouts>
    <control_layout name="npnxnanbsnfns00001100001">
      <control name="volume" enabled="false" />
      <control name="seekbar" enabled="false" />
      <control name="replay" enabled="false" />
      <control name="pauseplay" enabled="false" />
      <control name="logo" enabled="false" />
      <control name="previous" enabled="false" />
      <control name="next" enabled="false" />
      <control name="swipeleft" enabled="false" />
      <control name="swiperight" enabled="false" />
      <control name="submit" enabled="true" />
      <control name="finish" enabled="false" />
      <control name="submitall" enabled="false" />
      <control name="resources" enabled="true" />
      <control name="glossary" enabled="false" />
      <control name="transcript" enabled="false" />
      <control name="outline" enabled="true">
        <controls>
          <control name="search" enabled="false" />
        </controls>
      </control>
      <control name="close_btn" enabled="true" />
    </control_layout>
    <control_layout name="pxabnsnfns00001100001">
      <control name="volume" enabled="false" />
      <control name="seekbar" enabled="false" />
      <control name="replay" enabled="false" />
      <control name="pauseplay" enabled="false" />
      <control name="logo" enabled="false" />
      <control name="previous" enabled="true" />
      <control name="next" enabled="true" />
      <control name="swipeleft" enabled="true" />
      <control name="swiperight" enabled="true" />
      <control name="submit" enabled="false" />
      <control name="finish" enabled="false" />
      <control name="submitall" enabled="false" />
      <control name="resources" enabled="true" />
      <control name="glossary" enabled="false" />
      <control name="transcript" enabled="false" />
      <control name="outline" enabled="true">
        <controls>
          <control name="search" enabled="false" />
        </controls>
      </control>
      <control name="close_btn" enabled="true" />
    </control_layout>
    <control_layout name="npxnabnsnfns00001100001">
      <control name="volume" enabled="false" />
      <control name="seekbar" enabled="false" />
      <control name="replay" enabled="false" />
      <control name="pauseplay" enabled="false" />
      <control name="logo" enabled="false" />
      <control name="previous" enabled="false" />
      <control name="next" enabled="true" />
      <control name="swipeleft" enabled="false" />
      <control name="swiperight" enabled="true" />
      <control name="submit" enabled="false" />
      <control name="finish" enabled="false" />
      <control name="submitall" enabled="false" />
      <control name="resources" enabled="true" />
      <control name="glossary" enabled="false" />
      <control name="transcript" enabled="false" />
      <control name="outline" enabled="true">
        <controls>
          <control name="search" enabled="false" />
        </controls>
      </control>
      <control name="close_btn" enabled="true" />
    </control_layout>
    <control_layout name="npnxnanbnsnfns00001100001">
      <control name="volume" enabled="false" />
      <control name="seekbar" enabled="false" />
      <control name="replay" enabled="false" />
      <control name="pauseplay" enabled="false" />
      <control name="logo" enabled="false" />
      <control name="previous" enabled="false" />
      <control name="next" enabled="false" />
      <control name="swipeleft" enabled="false" />
      <control name="swiperight" enabled="false" />
      <control name="submit" enabled="false" />
      <control name="finish" enabled="false" />
      <control name="submitall" enabled="false" />
      <control name="resources" enabled="true" />
      <control name="glossary" enabled="false" />
      <control name="transcript" enabled="false" />
      <control name="outline" enabled="true">
        <controls>
          <control name="search" enabled="false" />
        </controls>
      </control>
      <control name="close_btn" enabled="true" />
    </control_layout>
    <control_layout name="pxabnsnfns00001100000">
      <control name="volume" enabled="false" />
      <control name="seekbar" enabled="false" />
      <control name="replay" enabled="false" />
      <control name="pauseplay" enabled="false" />
      <control name="logo" enabled="false" />
      <control name="previous" enabled="true" />
      <control name="next" enabled="true" />
      <control name="swipeleft" enabled="true" />
      <control name="swiperight" enabled="true" />
      <control name="submit" enabled="false" />
      <control name="finish" enabled="false" />
      <control name="submitall" enabled="false" />
      <control name="resources" enabled="true" />
      <control name="glossary" enabled="false" />
      <control name="transcript" enabled="false" />
      <control name="outline" enabled="true">
        <controls>
          <control name="search" enabled="false" />
        </controls>
      </control>
      <control name="close_btn" enabled="false" />
    </control_layout>
  </control_layouts>
  <colorschemes>
    <colorscheme name="npnxnanbnsnfns00001100001">
      <color_group name="accessibility">
        <group_colors>
          <color name="focus_rect">
            <fill type="linear" rotation="90">
              <colors>
                <color rgb="0xFFFF00" alpha="100" stop="0" />
              </colors>
            </fill>
          </color>
        </group_colors>
      </color_group>
      <color_group name="HTML">
        <group_colors>
          <color name="htmlpage_bg_color">
            <fill type="linear" rotation="90">
              <colors>
                <color rgb="0x282828" alpha="100" stop="0" />
              </colors>
            </fill>
          </color>
          <color name="preloader">
            <fill type="linear" rotation="90">
              <colors>
                <color rgb="0xFFFFFF" alpha="100" stop="0" />
              </colors>
            </fill>
          </color>
        </group_colors>
      </color_group>
      <color_group name="infopanel">
        <group_colors>
          <color name="link_text">
            <fill type="linear" rotation="90">
              <colors>
                <color rgb="0xB4B4B4" alpha="100" stop="0" />
              </colors>
            </fill>
          </color>
          <color name="link_hover">
            <fill type="linear" rotation="90">
              <colors>
                <color rgb="0xFFFFFF" alpha="100" stop="0" />
              </colors>
            </fill>
          </color>
          <color name="shadow">
            <fill type="linear" rotation="90">
              <colors>
                <color rgb="0x000000" alpha="0" stop="0" />
              </colors>
            </fill>
          </color>
          <color name="bg">
            <fill type="linear" rotation="90">
              <colors>
                <color rgb="0xFFFFFF" alpha="100" stop="0" />
              </colors>
            </fill>
          </color>
          <color name="name_text">
            <fill type="linear" rotation="90">
              <colors>
                <color rgb="0x444444" alpha="100" stop="0" />
              </colors>
            </fill>
          </color>
          <color name="title_text">
            <fill type="linear" rotation="90">
              <colors>
                <color rgb="0x999999" alpha="100" stop="0" />
              </colors>
            </fill>
          </color>
        </group_colors>
      </color_group>
      <color_group name="infopanelpopup">
        <group_colors>
          <color name="link_text">
            <fill type="linear" rotation="90">
              <colors>
                <color rgb="0xFF0000" alpha="100" stop="0" />
              </colors>
            </fill>
          </color>
          <color name="link_hover">
            <fill type="linear" rotation="90">
              <colors>
                <color rgb="0xFFFFFF" alpha="100" stop="0" />
              </colors>
            </fill>
          </color>
          <color name="bg">
            <fill type="linear" rotation="90">
              <colors>
                <color rgb="0x000000" alpha="0" stop="0" />
              </colors>
            </fill>
          </color>
          <color name="shadow">
            <fill type="linear" rotation="90">
              <colors>
                <color rgb="0x000000" alpha="0" stop="0" />
              </colors>
            </fill>
          </color>
          <color name="name_text">
            <fill type="linear" rotation="90">
              <colors>
                <color rgb="0xFFFFFF" alpha="100" stop="0" />
              </colors>
            </fill>
          </color>
          <color name="bio_text">
            <fill type="linear" rotation="90">
              <colors>
                <color rgb="0xB4B4B4" alpha="100" stop="0" />
              </colors>
            </fill>
          </color>
        </group_colors>
      </color_group>
      <color_group name="timer">
        <group_colors>
          <color name="duration">
            <fill type="linear" rotation="90">
              <colors>
                <color rgb="0x3C3C3C" alpha="100" stop="0" />
              </colors>
            </fill>
          </color>
          <color name="elapsed">
            <fill type="linear" rotation="90">
              <colors>
                <color rgb="0xFEE347" alpha="100" stop="0" />
              </colors>
            </fill>
          </color>
          <color name="stroke">
            <fill type="linear" rotation="90">
              <colors>
                <color rgb="0xC7C7C7" alpha="100" stop="0" />
              </colors>
            </fill>
          </color>
          <color name="inner">
            <fill type="linear" rotation="90">
              <colors>
                <color rgb="0xFFFFFF" alpha="100" stop="0" />
              </colors>
            </fill>
          </color>
          <color name="text">
            <fill type="linear" rotation="90">
              <colors>
                <color rgb="0xB4B4B4" alpha="100" stop="0" />
              </colors>
            </fill>
          </color>
        </group_colors>
      </color_group>
      <color_group name="window">
        <group_colors>
          <color name="text">
            <fill type="linear" rotation="90">
              <colors>
                <color rgb="0xFFFFFF" alpha="100" stop="0" />
              </colors>
            </fill>
          </color>
          <color name="inner">
            <fill type="linear" rotation="90">
              <colors>
                <color rgb="0x316300" alpha="0" stop="0" />
              </colors>
            </fill>
          </color>
          <color name="bg">
            <fill type="linear" rotation="90">
              <colors>
                <color rgb="0x222222" alpha="100" stop="0" />
              </colors>
            </fill>
          </color>
          <color name="diva">
            <fill type="linear" rotation="90">
              <colors>
                <color rgb="0x4E4E4E" alpha="100" stop="0" />
              </colors>
            </fill>
          </color>
          <color name="divb">
            <fill type="linear" rotation="90">
              <colors>
                <color rgb="0x4E4E4E" alpha="0" stop="0" />
              </colors>
            </fill>
          </color>
          <color name="shadow">
            <fill type="linear" rotation="90">
              <colors>
                <color rgb="0x000000" alpha="20" stop="0" />
              </colors>
            </fill>
          </color>
        </group_colors>
      </color_group>
      <color_group name="editor">
        <group_colors>
          <color name="slide_text">
            <fill type="linear" rotation="90">
              <colors>
                <color rgb="0xE2E2E2" alpha="100" stop="0" />
              </colors>
            </fill>
          </color>
          <color name="html_text">
            <fill type="linear" rotation="90">
              <colors>
                <color rgb="0xB4B4B4" alpha="100" stop="0" />
              </colors>
            </fill>
          </color>
          <color name="btn_text_shadow">
            <fill type="linear" rotation="90">
              <colors>
                <color rgb="0x000000" alpha="0" stop="0" />
              </colors>
            </fill>
          </color>
          <color name="btn_text">
            <fill type="linear" rotation="90">
              <colors>
                <color rgb="0xFFFFFF" alpha="100" stop="0" />
              </colors>
            </fill>
          </color>
          <color name="btn_border">
            <fill type="linear" rotation="90">
              <colors>
                <color rgb="0xD3D3D3" alpha="100" stop="0" />
              </colors>
            </fill>
          </color>
          <color name="btn_hover">
            <fill type="linear" rotation="90">
              <colors>
                <color rgb="0x444444" alpha="100" stop="0" />
              </colors>
            </fill>
          </color>
          <color name="btn_down">
            <fill type="linear" rotation="90">
              <colors>
                <color rgb="0x444444" alpha="100" stop="0" />
              </colors>
            </fill>
          </color>
          <color name="btn_bg">
            <fill type="linear" rotation="90">
              <colors>
                <color rgb="0x222222" alpha="100" stop="0" />
              </colors>
            </fill>
          </color>
        </group_colors>
      </color_group>
      <color_group name="listitem">
        <group_colors>
          <color name="scene_text">
            <fill type="linear" rotation="90">
              <colors>
                <color rgb="0xFFFFFF" alpha="100" stop="0" />
              </colors>
            </fill>
          </color>
          <color name="selected_text">
            <fill type="linear" rotation="90">
              <colors>
                <color rgb="0xFFFFFF" alpha="100" stop="0" />
              </colors>
            </fill>
          </color>
          <color name="shadow">
            <fill type="linear" rotation="90">
              <colors>
                <color rgb="0x000000" alpha="0" stop="0" />
              </colors>
            </fill>
          </color>
          <color name="selected">
            <fill type="linear" rotation="90">
              <colors>
                <color rgb="0x212121" alpha="100" stop="0" />
              </colors>
            </fill>
          </color>
          <color name="text">
            <fill type="linear" rotation="90">
              <colors>
                <color rgb="0xB4B4B4" alpha="100" stop="0" />
              </colors>
            </fill>
          </color>
          <color name="viewed">
            <fill type="linear" rotation="90">
              <colors>
                <color rgb="0x555555" alpha="100" stop="0" />
              </colors>
            </fill>
          </color>
          <color name="hover">
            <fill type="linear" rotation="90">
              <colors>
                <color rgb="0x212121" alpha="100" stop="0" />
              </colors>
            </fill>
          </color>
          <color name="lines">
            <fill type="linear" rotation="90">
              <colors>
                <color rgb="0x000000" alpha="0" stop="0" />
              </colors>
            </fill>
          </color>
        </group_colors>
      </color_group>
      <color_group name="glossary">
        <group_colors>
          <color name="selected_text">
            <fill type="linear" rotation="90">
              <colors>
                <color rgb="0xFFFFFF" alpha="100" stop="0" />
              </colors>
            </fill>
          </color>
          <color name="selected">
            <fill type="linear" rotation="90">
              <colors>
                <color rgb="0xFFFFFF" alpha="100" stop="0" />
              </colors>
            </fill>
          </color>
          <color name="text">
            <fill type="linear" rotation="90">
              <colors>
                <color rgb="0xB4B4B4" alpha="100" stop="0" />
              </colors>
            </fill>
          </color>
          <color name="hover">
            <fill type="linear" rotation="90">
              <colors>
                <color rgb="0xB4B4B4" alpha="100" stop="0" />
              </colors>
            </fill>
          </color>
          <color name="heading_text">
            <fill type="linear" rotation="90">
              <colors>
                <color rgb="0xFFFFFF" alpha="100" stop="0" />
              </colors>
            </fill>
          </color>
          <color name="diva">
            <fill type="linear" rotation="90">
              <colors>
                <color rgb="0x000000" alpha="0" stop="0" />
              </colors>
            </fill>
          </color>
          <color name="divb">
            <fill type="linear" rotation="90">
              <colors>
                <color rgb="0x000000" alpha="0" stop="0" />
              </colors>
            </fill>
          </color>
          <color name="divc">
            <fill type="linear" rotation="90">
              <colors>
                <color rgb="0x000000" alpha="0" stop="0" />
              </colors>
            </fill>
          </color>
          <color name="bg">
            <fill type="linear" rotation="90">
              <colors>
                <color rgb="0x000000" alpha="0" stop="0" />
              </colors>
            </fill>
          </color>
        </group_colors>
      </color_group>
      <color_group name="resource">
        <group_colors>
          <color name="separator">
            <fill type="linear" rotation="90">
              <colors>
                <color rgb="0x000000" alpha="0" stop="0" />
              </colors>
            </fill>
          </color>
          <color name="hover">
            <fill type="linear" rotation="90">
              <colors>
                <color rgb="0x404040" alpha="100" stop="0" />
              </colors>
            </fill>
          </color>
        </group_colors>
      </color_group>
      <color_group name="outline">
        <group_colors>
          <color name="search_hover">
            <fill type="linear" rotation="90">
              <colors>
                <color rgb="0x000000" alpha="0" stop="0" />
              </colors>
            </fill>
          </color>
          <color name="search_text">
            <fill type="linear" rotation="90">
              <colors>
                <color rgb="0x2D2D2D" alpha="100" stop="0" />
              </colors>
            </fill>
          </color>
          <color name="divc">
            <fill type="linear" rotation="90">
              <colors>
                <color rgb="0x000000" alpha="0" stop="0" />
              </colors>
            </fill>
          </color>
          <color name="divb">
            <fill type="linear" rotation="90">
              <colors>
                <color rgb="0x000000" alpha="0" stop="0" />
              </colors>
            </fill>
          </color>
          <color name="diva">
            <fill type="linear" rotation="90">
              <colors>
                <color rgb="0x000000" alpha="0" stop="0" />
              </colors>
            </fill>
          </color>
        </group_colors>
      </color_group>
      <color_group name="transcript">
        <group_colors>
          <color name="heading_text">
            <fill type="linear" rotation="90">
              <colors>
                <color rgb="0xFFFFFF" alpha="100" stop="0" />
              </colors>
            </fill>
          </color>
          <color name="div">
            <fill type="linear" rotation="90">
              <colors>
                <color rgb="0x000000" alpha="0" stop="0" />
              </colors>
            </fill>
          </color>
        </group_colors>
      </color_group>
      <color_group name="tabs">
        <group_colors>
          <color name="shadow">
            <fill type="linear" rotation="90">
              <colors>
                <color rgb="0x000000" alpha="0" stop="0" />
              </colors>
            </fill>
          </color>
          <color name="hover">
            <fill type="linear" rotation="90">
              <colors>
                <color rgb="0xFFFFFF" alpha="100" stop="0" />
              </colors>
            </fill>
          </color>
          <color name="selected">
            <fill type="linear" rotation="90">
              <colors>
                <color rgb="0xFFFFFF" alpha="100" stop="0" />
              </colors>
            </fill>
          </color>
          <color name="text">
            <fill type="linear" rotation="90">
              <colors>
                <color rgb="0xB4B4B4" alpha="100" stop="0" />
              </colors>
            </fill>
          </color>
          <color name="bg">
            <fill type="linear" rotation="90">
              <colors>
                <color rgb="0x000000" alpha="0" stop="0" />
              </colors>
            </fill>
          </color>
          <color name="panel_bg">
            <fill type="linear" rotation="90">
              <colors>
                <color rgb="0x323232" alpha="100" stop="0" />
              </colors>
            </fill>
          </color>
          <color name="bottom_border">
            <fill type="linear" rotation="90">
              <colors>
                <color rgb="0x313131" alpha="100" stop="0" />
              </colors>
            </fill>
          </color>
        </group_colors>
      </color_group>
      <color_group name="seekcontrol">
        <group_colors>
          <color name="btn_icon_color">
            <fill type="linear" rotation="90">
              <colors>
                <color rgb="0xB4B4B4" alpha="100" stop="0" />
              </colors>
            </fill>
          </color>
          <color name="seek_position">
            <fill type="linear" rotation="90">
              <colors>
                <color rgb="0xFFFFFF" alpha="20" stop="0" />
              </colors>
            </fill>
          </color>
          <color name="seek_bg">
            <fill type="linear" rotation="90">
              <colors>
                <color rgb="0x3C3C3C" alpha="100" stop="0" />
              </colors>
            </fill>
          </color>
          <color name="seek_border">
            <fill type="linear" rotation="90">
              <colors>
                <color rgb="0x000000" alpha="0" stop="0" />
              </colors>
            </fill>
          </color>
          <color name="border">
            <fill type="linear" rotation="90">
              <colors>
                <color rgb="0x000000" alpha="0" stop="0" />
              </colors>
            </fill>
          </color>
          <color name="bg">
            <fill type="linear" rotation="90">
              <colors>
                <color rgb="0x000000" alpha="0" stop="0" />
              </colors>
            </fill>
          </color>
          <color name="btn_icon_hover">
            <fill type="linear" rotation="90">
              <colors>
                <color rgb="0xFFFFFF" alpha="100" stop="0" />
              </colors>
            </fill>
          </color>
          <color name="btn_icon_shadow">
            <fill type="linear" rotation="90">
              <colors>
                <color rgb="0x000000" alpha="0" stop="0" />
              </colors>
            </fill>
          </color>
        </group_colors>
      </color_group>
      <color_group name="searchinput">
        <group_colors>
          <color name="text_active">
            <fill type="linear" rotation="90">
              <colors>
                <color rgb="0xF8F8F8" alpha="100" stop="0" />
              </colors>
            </fill>
          </color>
          <color name="bg_active">
            <fill type="linear" rotation="90">
              <colors>
                <color rgb="0x292929" alpha="100" stop="0" />
              </colors>
            </fill>
          </color>
          <color name="search_text">
            <fill type="linear" rotation="90">
              <colors>
                <color rgb="0xAAAAAA" alpha="100" stop="0" />
              </colors>
            </fill>
          </color>
          <color name="hover_glow">
            <fill type="linear" rotation="90">
              <colors>
                <color rgb="0x457E13" alpha="0" stop="0" />
              </colors>
            </fill>
          </color>
          <color name="button_hover">
            <fill type="linear" rotation="90">
              <colors>
                <color rgb="0x3F8500" alpha="100" stop="0" />
              </colors>
            </fill>
          </color>
          <color name="icon">
            <fill type="linear" rotation="90">
              <colors>
                <color rgb="0xFFFFFF" alpha="100" stop="0" />
              </colors>
            </fill>
          </color>
          <color name="border">
            <fill type="linear" rotation="90">
              <colors>
                <color rgb="0x000000" alpha="0" stop="0" />
              </colors>
            </fill>
          </color>
          <color name="bg">
            <fill type="linear" rotation="90">
              <colors>
                <color rgb="0x3C3C3C" alpha="100" stop="0" />
              </colors>
            </fill>
          </color>
          <color name="bg_in_tab">
            <fill type="linear" rotation="90">
              <colors>
                <color rgb="0x545454" alpha="100" stop="0" />
              </colors>
            </fill>
          </color>
        </group_colors>
      </color_group>
      <color_group name="scrollarea">
        <group_colors>
          <color name="detailb">
            <fill type="linear" rotation="90">
              <colors>
                <color rgb="0x6AA242" alpha="100" stop="0" />
              </colors>
            </fill>
          </color>
          <color name="detaila">
            <fill type="linear" rotation="90">
              <colors>
                <color rgb="0x2A5400" alpha="100" stop="0" />
              </colors>
            </fill>
          </color>
          <color name="shadow">
            <fill type="linear" rotation="90">
              <colors>
                <color rgb="0x275000" alpha="100" stop="0" />
              </colors>
            </fill>
          </color>
          <color name="icons">
            <fill type="linear" rotation="90">
              <colors>
                <color rgb="0xFFFFFF" alpha="100" stop="0" />
              </colors>
            </fill>
          </color>
          <color name="button_border">
            <fill type="linear" rotation="90">
              <colors>
                <color rgb="0x2A5500" alpha="100" stop="0" />
              </colors>
            </fill>
          </color>
          <color name="button_inner">
            <fill type="linear" rotation="90">
              <colors>
                <color rgb="0x4B8A16" alpha="100" stop="0" />
              </colors>
            </fill>
          </color>
          <color name="button_bg">
            <fill type="linear" rotation="90">
              <colors>
                <color rgb="0x494949" alpha="100" stop="0" />
              </colors>
            </fill>
          </color>
          <color name="button_bg_hover">
            <fill type="linear" rotation="90">
              <colors>
                <color rgb="0x7B7B7B" alpha="100" stop="0" />
              </colors>
            </fill>
          </color>
          <color name="border">
            <fill type="linear" rotation="90">
              <colors>
                <color rgb="0x479901" alpha="100" stop="0" />
              </colors>
            </fill>
          </color>
          <color name="bg">
            <fill type="linear" rotation="0">
              <colors>
                <color rgb="0x366F00" alpha="100" stop="0" />
              </colors>
            </fill>
          </color>
        </group_colors>
      </color_group>
      <color_group name="menu">
        <group_colors>
          <color name="shadow">
            <fill type="linear" rotation="90">
              <colors>
                <color rgb="0x000000" alpha="0" stop="0" />
              </colors>
            </fill>
          </color>
          <color name="bg">
            <fill type="linear" rotation="90">
              <colors>
                <color rgb="0x1B1B1B" alpha="100" stop="0" />
              </colors>
            </fill>
          </color>
          <color name="generic_shadow">
            <fill type="linear" rotation="90">
              <colors>
                <color rgb="0x000000" alpha="40" stop="0" />
              </colors>
            </fill>
          </color>
          <color name="right_shadow">
            <fill type="linear" rotation="0">
              <colors>
                <color rgb="0x000000" alpha="0" stop="0" />
                <color rgb="0x000000" alpha="30" stop="255" />
              </colors>
            </fill>
          </color>
        </group_colors>
      </color_group>
      <color_group name="logo">
        <group_colors>
          <color name="shadow">
            <fill type="linear" rotation="90">
              <colors>
                <color rgb="0x254B00" alpha="100" stop="0" />
              </colors>
            </fill>
          </color>
          <color name="bg">
            <fill type="linear" rotation="90">
              <colors>
                <color rgb="0xFFFFFF" alpha="0" stop="0" />
              </colors>
            </fill>
          </color>
        </group_colors>
      </color_group>
      <color_group name="checkbox">
        <group_colors>
          <color name="hover">
            <fill type="linear" rotation="90">
              <colors>
                <color rgb="0xAFDD82" alpha="100" stop="0" />
              </colors>
            </fill>
          </color>
          <color name="text">
            <fill type="linear" rotation="90">
              <colors>
                <color rgb="0xFFFFFF" alpha="100" stop="0" />
              </colors>
            </fill>
          </color>
          <color name="check">
            <fill type="linear" rotation="90">
              <colors>
                <color rgb="0x2BC400" alpha="100" stop="0" />
              </colors>
            </fill>
          </color>
          <color name="bg">
            <fill type="linear" rotation="90">
              <colors>
                <color rgb="0xFFFFFF" alpha="100" stop="0" />
              </colors>
            </fill>
          </color>
          <color name="border">
            <fill type="linear" rotation="90">
              <colors>
                <color rgb="0x2A5300" alpha="100" stop="0" />
              </colors>
            </fill>
          </color>
        </group_colors>
      </color_group>
      <color_group name="button">
        <group_colors>
          <color name="btn_icon_color">
            <fill type="linear" rotation="90">
              <colors>
                <color rgb="0xB4B4B4" alpha="100" stop="0" />
              </colors>
            </fill>
          </color>
          <color name="btn_text_shadow">
            <fill type="linear" rotation="90">
              <colors>
                <color rgb="0x000000" alpha="0" stop="0" />
              </colors>
            </fill>
          </color>
          <color name="btn_text">
            <fill type="linear" rotation="90">
              <colors>
                <color rgb="0xB4B4B4" alpha="100" stop="0" />
              </colors>
            </fill>
          </color>
          <color name="btn_border">
            <fill type="linear" rotation="90">
              <colors>
                <color rgb="0x000000" alpha="0" stop="0" />
              </colors>
            </fill>
          </color>
          <color name="btn_hover">
            <fill type="linear" rotation="90">
              <colors>
                <color rgb="0xFFFFFF" alpha="100" stop="0" />
              </colors>
            </fill>
          </color>
          <color name="btn_down">
            <fill type="linear" rotation="90">
              <colors>
                <color rgb="0x000000" alpha="0" stop="0" />
              </colors>
            </fill>
          </color>
          <color name="btn_bg">
            <fill type="linear" rotation="90">
              <colors>
                <color rgb="0x000000" alpha="0" stop="0" />
              </colors>
            </fill>
          </color>
          <color name="btn_glow">
            <fill type="linear" rotation="90">
              <colors>
                <color rgb="0x000000" alpha="0" stop="0" />
              </colors>
            </fill>
          </color>
        </group_colors>
      </color_group>
      <color_group name="base">
        <group_colors>
          <color name="brandhighlight">
            <fill type="linear" rotation="90">
              <colors>
                <color rgb="0x4F81BD" alpha="100" stop="0" />
              </colors>
            </fill>
          </color>
          <color name="text">
            <fill type="linear" rotation="90">
              <colors>
                <color rgb="0xB4B4B4" alpha="100" stop="0" />
              </colors>
            </fill>
          </color>
          <color name="text_hover">
            <fill type="linear" rotation="90">
              <colors>
                <color rgb="0xFFFFFF" alpha="100" stop="0" />
              </colors>
            </fill>
          </color>
          <color name="text_selected">
            <fill type="linear" rotation="90">
              <colors>
                <color rgb="0xFFFFFF" alpha="100" stop="0" />
              </colors>
            </fill>
          </color>
          <color name="diva">
            <fill type="linear" rotation="90">
              <colors>
                <color rgb="0x555555" alpha="100" stop="0" />
              </colors>
            </fill>
          </color>
          <color name="divb">
            <fill type="linear" rotation="90">
              <colors>
                <color rgb="0x000000" alpha="0" stop="0" />
              </colors>
            </fill>
          </color>
          <color name="menu_shade">
            <fill type="linear" rotation="90">
              <colors>
                <color rgb="0x1B1B1B" alpha="100" stop="0" />
              </colors>
            </fill>
          </color>
          <color name="border">
            <fill type="linear" rotation="90">
              <colors>
                <color rgb="0x282828" alpha="100" stop="0" />
              </colors>
            </fill>
          </color>
          <color name="bg">
            <fill type="linear" rotation="90">
              <colors>
                <color rgb="0x282828" alpha="100" stop="0" />
              </colors>
            </fill>
          </color>
          <color name="slide_bg">
            <fill type="linear" rotation="90">
              <colors>
                <color rgb="0x282828" alpha="100" stop="0" />
              </colors>
            </fill>
          </color>
          <color name="overlay_message">
            <fill type="linear" rotation="90">
              <colors>
                <color rgb="0x000000" alpha="85" stop="0" />
              </colors>
            </fill>
          </color>
        </group_colors>
      </color_group>
      <color_group name="volume">
        <group_colors>
          <color name="panel_bg">
            <fill type="linear" rotation="90">
              <colors>
                <color rgb="0x323232" alpha="100" stop="0" />
              </colors>
            </fill>
          </color>
          <color name="thumb_border">
            <fill type="linear" rotation="90">
              <colors>
                <color rgb="0x2B5500" alpha="100" stop="0" />
              </colors>
            </fill>
          </color>
          <color name="thumb_inner">
            <fill type="linear" rotation="90">
              <colors>
                <color rgb="0x2B5500" alpha="100" stop="0" />
              </colors>
            </fill>
          </color>
          <color name="thumb_bg">
            <fill type="linear" rotation="90">
              <colors>
                <color rgb="0xFFFFFF" alpha="100" stop="0" />
              </colors>
            </fill>
          </color>
          <color name="slider_border">
            <fill type="linear" rotation="90">
              <colors>
                <color rgb="0x428C01" alpha="100" stop="0" />
              </colors>
            </fill>
          </color>
          <color name="slider_bg">
            <fill type="linear" rotation="0">
              <colors>
                <color rgb="0x3C3C3C" alpha="100" stop="0" />
              </colors>
            </fill>
          </color>
          <color name="slider_shadow">
            <fill type="linear" rotation="90">
              <colors>
                <color rgb="0x000000" alpha="40" stop="0" />
              </colors>
            </fill>
          </color>
        </group_colors>
      </color_group>
    </colorscheme>
  </colorschemes>
  <string_tables>
    <string_table name="npnxnanbnsnfns00001100001">
      <string id="submit">SUBMIT</string>
      <string id="acc_submit">submit</string>
      <string id="check_include">Check to include</string>
      <string id="submitall">SUBMIT ALL</string>
      <string id="acc_submitall">submit all</string>
      <string id="search">Search...</string>
      <string id="exit">Exit</string>
      <string id="disabled_orientation">Please rotate your device</string>
      <string id="acc_active">active</string>
      <string id="finish">FINISH</string>
      <string id="acc_finish">finish</string>
      <string id="acc_replay">replay</string>
      <string id="slide_text_chk">Slide Text</string>
      <string id="resume">Resume</string>
      <string id="question_list">Question List</string>
      <string id="glossary">Glossary</string>
      <string id="terms">Terms</string>
      <string id="acc_definition">definition</string>
      <string id="definition">Definition</string>
      <string id="acc_volume">volume</string>
      <string id="acc_skipnavigation">Skip Navigation. Hit enter to return to the slide.</string>
      <string id="restart">Restart</string>
      <string id="transcript_chk">Notes</string>
      <string id="bio">Bio</string>
      <string id="more_info">More info</string>
      <string id="closed_captions">Captions</string>
      <string id="acc_pause">pause</string>
      <string id="send_an_email">Send an email</string>
      <string id="acc_resources">resources</string>
      <string id="continueresponsive">Continue</string>
      <string id="close">Close</string>
      <string id="continue">Continue</string>
      <string id="filter">Filter</string>
      <string id="clear">Clear and return to Menu</string>
      <string id="desktop_start">Start Course</string>
      <string id="mobile_start">Start Course</string>
      <string id="sidebar_toggle">Sidebar Toggle</string>
      <string id="acc_search_input">search</string>
      <string id="search_toggle">Search</string>
      <string id="search_results">Search Results</string>
      <string id="search_in">Search in:</string>
      <string id="outline">Menu</string>
      <string id="transcript">Notes</string>
      <string id="resources">Resources</string>
      <string id="acc_closed_captions">Closed captions. Press the spacebar to toggle captions on and off.</string>
      <string id="next">NEXT</string>
      <string id="acc_next">next</string>
      <string id="acc_play">play</string>
      <string id="acc_previous">previous</string>
      <string id="prev">PREV</string>
    </string_table>
  </string_tables>
  <fonts>
    <font name="Lato">
      <files>
        <file bold="true" italic="false" />
        <file bold="false" italic="false" />
      </files>
    </font>
  </fonts>
  <sounds enabled="true" />
  <nav_data>
    <outline>
      <links>
        <slidelink slideid="_player.6CkGLVwMhBW" displaytext="main secario" expand="true" type="slide">
          <links>
            <slidelink slideid="_player.6CkGLVwMhBW.6ivvHHbtyBp" displaytext="Folie ohne Titel" expand="false" type="slide" />
            <slidelink slideid="_player.6CkGLVwMhBW.6ER7BtpJCcJ" displaytext="Folie ohne Titel" expand="false" type="slide" />
            <slidelink slideid="_player.6CkGLVwMhBW.5eaO22O5R3K" displaytext="Folie ohne Titel" expand="false" type="slide" />
            <slidelink slideid="_player.6CkGLVwMhBW.68pSWgVKg8I" displaytext="Folie ohne Titel" expand="false" type="slide" />
            <slidelink slideid="_player.6CkGLVwMhBW.5p8ujDyJ49Q" displaytext="Folie ohne Titel" expand="false" type="slide" />
            <slidelink slideid="_player.6CkGLVwMhBW.5smQ2rt3wSP" displaytext="Folie ohne Titel" expand="false" type="slide" />
          </links>
        </slidelink>
        <slidelink slideid="_player.6Y5q8ELK9ie" displaytext="Menu backgroud culture" expand="true" type="slide">
          <links>
            <slidelink slideid="_player.6Y5q8ELK9ie.6WqcfhSUPjf" displaytext="Folie ohne Titel" expand="false" type="slide" />
            <slidelink slideid="_player.6Y5q8ELK9ie.5WrQJGqu5zg" displaytext="Folie ohne Titel" expand="false" type="slide" />
            <slidelink slideid="_player.6Y5q8ELK9ie.6r77ljy3jtN" displaytext="Folie ohne Titel" expand="false" type="slide" />
            <slidelink slideid="_player.6Y5q8ELK9ie.6oZpAOwQdnt" displaytext="Folie ohne Titel" expand="false" type="slide" />
            <slidelink slideid="_player.6Y5q8ELK9ie.6Adz5ItdBOS" displaytext="Folie ohne Titel" expand="false" type="slide" />
          </links>
        </slidelink>
        <slidelink slideid="_player.6Ovrg18emTZ" displaytext="Spain body" expand="true" type="slide">
          <links>
            <slidelink slideid="_player.6Ovrg18emTZ.69dwhY19tO9" displaytext="Communication – non verbal How does spanish people talk about their emotions and how does it is expressed in body behavior?" expand="false" type="slide" />
            <slidelink slideid="_player.6Ovrg18emTZ.5XqoXLq60VT" displaytext="Spanish body language interpretation (Question is followed)" expand="false" type="slide" />
            <slidelink slideid="_player.6Ovrg18emTZ.6fD6n5IdDph" displaytext="Non verbal- when a Spanish person express himself's in the following way, what does it means? (Drag and drop the correct answer)" expand="false" type="slide" />
          </links>
        </slidelink>
        <slidelink slideid="_player.6PjBrgP9gjX" displaytext="Group work" expand="true" type="slide">
          <links>
            <slidelink slideid="_player.6PjBrgP9gjX.5wb3mcDP0z3" displaytext="Introduction" expand="false" type="slide" />
            <slidelink slideid="_player.6PjBrgP9gjX.6MDbXmPeByA" displaytext="Question 1" expand="false" type="slide" />
            <slidelink slideid="_player.6PjBrgP9gjX.6Yg3euovyjP" displaytext="Question 1" expand="false" type="slide" />
            <slidelink slideid="_player.6PjBrgP9gjX.664LmT4WvKQ" displaytext="Question 1" expand="false" type="slide" />
            <slidelink slideid="_player.6PjBrgP9gjX.6WP7JBp5WPz" displaytext="Question 1" expand="false" type="slide" />
            <slidelink slideid="_player.6PjBrgP9gjX.5cQlVUrlGK6" displaytext="Question 1" expand="false" type="slide" />
            <slidelink slideid="_player.6PjBrgP9gjX.6Mxp3rUcJ4H" displaytext="Question 1" expand="false" type="slide" />
            <slidelink slideid="_player.6PjBrgP9gjX.6Jxs56sGfO9" displaytext="Question 1" expand="false" type="slide" />
          </links>
        </slidelink>
        <slidelink slideid="_player.62ExYSYSSdg" displaytext="taboos" expand="true" type="slide">
          <links>
            <slidelink slideid="_player.62ExYSYSSdg.6c8PUkhnp4F" displaytext="Hotspot" expand="false" type="slide" />
          </links>
        </slidelink>
        <slidelink slideid="_player.5wnjnMhu3J5" displaytext="Conflict resulotion menu" expand="true" type="slide">
          <links>
            <slidelink slideid="_player.5wnjnMhu3J5.6B9E4rMhDwZ" displaytext="Hotspot" expand="false" type="slide" />
          </links>
        </slidelink>
        <slidelink slideid="_player.5V3orf7tMhG" displaytext="Pakistan taboo" expand="true" type="slide">
          <links>
            <slidelink slideid="_player.5V3orf7tMhG.6q8DWez410O" displaytext="Mehrere wählen" expand="false" type="slide" />
            <slidelink slideid="_player.5V3orf7tMhG.69ogttbaUFV" displaytext="Eine wählen" expand="false" type="slide" />
          </links>
        </slidelink>
        <slidelink slideid="" displaytext="Language expression" expand="true" type="slide" />
        <slidelink slideid="_player.64BfdxRE7bz" displaytext="Comapre between cultures test" expand="true" type="slide">
          <links>
            <slidelink slideid="_player.64BfdxRE7bz.6myubDHxF8Y" displaytext="Introduction" expand="false" type="slide" />
            <slidelink slideid="_player.64BfdxRE7bz.6LhX1HWwont" displaytext="Question 1" expand="false" type="slide" />
            <slidelink slideid="_player.64BfdxRE7bz.6g5gB430rA5" displaytext="Question 1" expand="false" type="slide" />
            <slidelink slideid="_player.64BfdxRE7bz.5f2oddZyoC2" displaytext="Question 1" expand="false" type="slide" />
            <slidelink slideid="_player.64BfdxRE7bz.6DS3T0c5bLp" displaytext="Question 1" expand="false" type="slide" />
            <slidelink slideid="_player.64BfdxRE7bz.6lbhjnyOc5D" displaytext="Question 1" expand="false" type="slide" />
            <slidelink slideid="_player.64BfdxRE7bz.6rhRNjWdjqE" displaytext="Question 1" expand="false" type="slide" />
            <slidelink slideid="_player.64BfdxRE7bz.5kJbPvvjsRo" displaytext="Question 1" expand="false" type="slide" />
            <slidelink slideid="_player.64BfdxRE7bz.6KOcoFfnG0d" displaytext="Question 1" expand="false" type="slide" />
            <slidelink slideid="_player.64BfdxRE7bz.5v3VX56SPHu" displaytext="Question 1" expand="false" type="slide" />
            <slidelink slideid="_player.64BfdxRE7bz.6c4rZN7gxAx" displaytext="Question 1" expand="false" type="slide" />
            <slidelink slideid="_player.64BfdxRE7bz.65ZGeE1A2UX" displaytext="Question 1" expand="false" type="slide" />
            <slidelink slideid="_player.64BfdxRE7bz.5iBFuQe2oXc" displaytext="Question 1" expand="false" type="slide" />
            <slidelink slideid="_player.64BfdxRE7bz.6Ov8d70W9n4" displaytext="Question 1" expand="false" type="slide" />
            <slidelink slideid="_player.64BfdxRE7bz.5ikBv04cF9q" displaytext="Question 1" expand="false" type="slide" />
            <slidelink slideid="_player.64BfdxRE7bz.6qZ5IrHf4GY" displaytext="Question 1" expand="false" type="slide" />
            <slidelink slideid="_player.64BfdxRE7bz.69N0a2DahaI" displaytext="Question 1" expand="false" type="slide" />
            <slidelink slideid="_player.64BfdxRE7bz.5yGL5OXBApL" displaytext="Question 1" expand="false" type="slide" />
            <slidelink slideid="_player.64BfdxRE7bz.6idCdAg60kc" displaytext="Question 1" expand="false" type="slide" />
            <slidelink slideid="_player.64BfdxRE7bz.6Rc7OwnbSkq" displaytext="Question 1" expand="false" type="slide" />
            <slidelink slideid="_player.64BfdxRE7bz.6Eo6DbfIiEz" displaytext="Question 1" expand="false" type="slide" />
          </links>
        </slidelink>
        <slidelink slideid="_player.6mypvgJuLEL" displaytext="Iran taboos" expand="true" type="slide">
          <links>
            <slidelink slideid="_player.6mypvgJuLEL.5zgA1X5kVup" displaytext="Introduction" expand="false" type="slide" />
            <slidelink slideid="_player.6mypvgJuLEL.5dkZYLnQX3g" displaytext="Question 1" expand="false" type="slide" />
          </links>
        </slidelink>
        <slidelink slideid="_player.68rMTaAAp4Q" displaytext="Arabs body new" expand="true" type="slide">
          <links>
            <slidelink slideid="_player.68rMTaAAp4Q.66dBQCyAgda" displaytext="Introduction" expand="false" type="slide" />
            <slidelink slideid="_player.68rMTaAAp4Q.67uCMQnFPtT" displaytext="Question 1" expand="false" type="slide" />
            <slidelink slideid="_player.68rMTaAAp4Q.6DUmGQN1upp" displaytext="BL-Arab-Q2" expand="false" type="slide" />
            <slidelink slideid="_player.68rMTaAAp4Q.6hmrPUEu68T" displaytext="Question 1" expand="false" type="slide" />
            <slidelink slideid="_player.68rMTaAAp4Q.6arPjh0ztIR" displaytext="Question 1" expand="false" type="slide" />
            <slidelink slideid="_player.68rMTaAAp4Q.6iJsAx3xb76" displaytext="Question 1" expand="false" type="slide" />
            <slidelink slideid="_player.68rMTaAAp4Q.60UBY4rcLcv" displaytext="Question 1" expand="false" type="slide" />
            <slidelink slideid="_player.68rMTaAAp4Q.65MCO3bA286" displaytext="Question 1" expand="false" type="slide" />
            <slidelink slideid="_player.68rMTaAAp4Q.5rCXHyf7SFM" displaytext="Question 1" expand="false" type="slide" />
            <slidelink slideid="_player.68rMTaAAp4Q.64JNvkdDBtZ" displaytext="Question 1" expand="false" type="slide" />
            <slidelink slideid="_player.68rMTaAAp4Q.61BALswmxgf" displaytext="Question 1" expand="false" type="slide" />
          </links>
        </slidelink>
        <slidelink slideid="_player.6c5nCyX8V4P" displaytext="India body new" expand="true" type="slide">
          <links>
            <slidelink slideid="_player.6c5nCyX8V4P.6AtqaY4I2cP" displaytext="Introduction" expand="false" type="slide" />
            <slidelink slideid="_player.6c5nCyX8V4P.65iwMuP3VbX" displaytext="Question 1" expand="false" type="slide" />
            <slidelink slideid="_player.6c5nCyX8V4P.6672ULNqSdk" displaytext="Question 1" expand="false" type="slide" />
            <slidelink slideid="_player.6c5nCyX8V4P.6GB8SmZD4Fs" displaytext="Question 1" expand="false" type="slide" />
            <slidelink slideid="_player.6c5nCyX8V4P.661giGBbm25" displaytext="Question 1" expand="false" type="slide" />
            <slidelink slideid="_player.6c5nCyX8V4P.5owxGBpBUga" displaytext="Question 1" expand="false" type="slide" />
            <slidelink slideid="_player.6c5nCyX8V4P.5og1Wi69PIb" displaytext="Question 1" expand="false" type="slide" />
            <slidelink slideid="_player.6c5nCyX8V4P.6j9sVu0hhqn" displaytext="Question 1" expand="false" type="slide" />
            <slidelink slideid="_player.6c5nCyX8V4P.6M9RVlm7Zv0" displaytext="Question 1" expand="false" type="slide" />
            <slidelink slideid="_player.6c5nCyX8V4P.6PCNfksiYWm" displaytext="Question 1" expand="false" type="slide" />
          </links>
        </slidelink>
        <slidelink slideid="_player.5tR10EPk8BU" displaytext="China body new" expand="true" type="slide">
          <links>
            <slidelink slideid="_player.5tR10EPk8BU.6EeawYzKIO0" displaytext="Introduction" expand="false" type="slide" />
            <slidelink slideid="_player.5tR10EPk8BU.6OfyW6fTryl" displaytext="Question 1" expand="false" type="slide" />
            <slidelink slideid="_player.5tR10EPk8BU.5pYEfNin94d" displaytext="Question 1" expand="false" type="slide" />
            <slidelink slideid="_player.5tR10EPk8BU.5cfsqW9mmUY" displaytext="Question 1" expand="false" type="slide" />
            <slidelink slideid="_player.5tR10EPk8BU.5hzmibyAToz" displaytext="Question 1" expand="false" type="slide" />
            <slidelink slideid="_player.5tR10EPk8BU.6ljAm3C7GDu" displaytext="Question 1" expand="false" type="slide" />
            <slidelink slideid="_player.5tR10EPk8BU.6URXZYkNN85" displaytext="Question 1" expand="false" type="slide" />
            <slidelink slideid="_player.5tR10EPk8BU.6bc6ystcsTt" displaytext="Question 1" expand="false" type="slide" />
            <slidelink slideid="_player.5tR10EPk8BU.5p8EWtCpGtT" displaytext="Question 1" expand="false" type="slide" />
            <slidelink slideid="_player.5tR10EPk8BU.64WYi24tNVf" displaytext="Question 1" expand="false" type="slide" />
            <slidelink slideid="_player.5tR10EPk8BU.6NVeizkjhuf" displaytext="Question 1" expand="false" type="slide" />
          </links>
        </slidelink>
        <slidelink slideid="_player.5zCB3kTTP4M" displaytext="Iran body new" expand="true" type="slide">
          <links>
            <slidelink slideid="_player.5zCB3kTTP4M.5oW5j9FDtzL" displaytext="Introduction" expand="false" type="slide" />
            <slidelink slideid="_player.5zCB3kTTP4M.5toKps4398g" displaytext="Question 1" expand="false" type="slide" />
            <slidelink slideid="_player.5zCB3kTTP4M.6qTDwZoJLvT" displaytext="Question 1" expand="false" type="slide" />
            <slidelink slideid="_player.5zCB3kTTP4M.6Xw11o17CuU" displaytext="Question 1" expand="false" type="slide" />
            <slidelink slideid="_player.5zCB3kTTP4M.6VWyI8ajmdU" displaytext="Question 1" expand="false" type="slide" />
            <slidelink slideid="_player.5zCB3kTTP4M.6GslYRdI3Ya" displaytext="Question 1" expand="false" type="slide" />
            <slidelink slideid="_player.5zCB3kTTP4M.6Th9yI7g3uC" displaytext="Question 1" expand="false" type="slide" />
            <slidelink slideid="_player.5zCB3kTTP4M.5nW4pVSKqkF" displaytext="Eye contact is necessary and important in every culture. Consider the following aspects and please sort for each category the appropriate match" expand="false" type="slide" />
            <slidelink slideid="_player.5zCB3kTTP4M.64PVgTJ4Bnx" displaytext="Question 1" expand="false" type="slide" />
            <slidelink slideid="_player.5zCB3kTTP4M.6QlpfNfwJMK" displaytext="Question 1" expand="false" type="slide" />
          </links>
        </slidelink>
      </links>
    </outline>
  </nav_data>
  <resource_data description="&lt;p align='left'&gt;&lt;font face='Lato' style='font-size: 11px;' size='11' color='#B4B4B4'&gt;Hier finden Sie ein paar n&amp;#252;tzliche Links und Dokumente:&lt;/font&gt;&lt;/p&gt;" />
  <transcript_data />
  <glossary_data />
</bwFrame>