﻿<?xml version="1.0" encoding="utf-8"?>
<manifest identifier="_6pcQj6srkTL_course_id" version="1.0" xmlns="http://www.imsproject.org/xsd/imscp_rootv1p1p2" xmlns:adlcp="http://www.adlnet.org/xsd/adlcp_rootv1p2" xmlns:xsi="http://www.w3.org/2001/XMLSchema-instance" xsi:schemaLocation="http://www.imsproject.org/xsd/imscp_rootv1p1p2 imscp_rootv1p1p2.xsd http://www.imsglobal.org/xsd/imsmd_rootv1p2p1 imsmd_rootv1p2p1.xsd http://www.adlnet.org/xsd/adlcp_rootv1p2 adlcp_rootv1p2.xsd">
  <metadata>
    <schema>ADL SCORM</schema>
    <schemaversion>1.2</schemaversion>
    <lom xmlns="http://www.imsglobal.org/xsd/imsmd_rootv1p2p1" xmlns:xsi="http://www.w3.org/2001/XMLSchema-instance" xsi:schemaLocation="http://www.imsglobal.org/xsd/imsmd_rootv1p2p1 imsmd_rootv1p2p1.xsd">
      <general>
        <title>
          <langstring xml:lang="x-none">Lernstrategien_grpw-360</langstring>
        </title>
      </general>
      <lifecycle>
        <version>
          <langstring xml:lang="x-none">1</langstring>
        </version>
        <status>
          <source>
            <langstring xml:lang="x-none">LOMv1.0</langstring>
          </source>
          <value>
            <langstring xml:lang="x-none">Final</langstring>
          </value>
        </status>
      </lifecycle>
      <metametadata>
        <metadatascheme>ADL SCORM 1.2</metadatascheme>
      </metametadata>
      <educational>
        <typicallearningtime>
          <datetime>PT0H0M0S</datetime>
        </typicallearningtime>
      </educational>
      <rights>
        <cost>
          <source>
            <langstring xml:lang="x-none">LOMv1.0</langstring>
          </source>
          <value>
            <langstring xml:lang="x-none">yes</langstring>
          </value>
        </cost>
        <copyrightandotherrestrictions>
          <source>
            <langstring xml:lang="x-none">LOMv1.0</langstring>
          </source>
          <value>
            <langstring xml:lang="x-none">yes</langstring>
          </value>
        </copyrightandotherrestrictions>
      </rights>
    </lom>
  </metadata>
  <organizations default="Lernstrategien_grpw-360_ORG">
    <organization identifier="Lernstrategien_grpw-360_ORG">
      <title>Lernstrategien_grpw-360</title>
      <item identifier="Lernstrategien_grpw-360_SCO" isvisible="true" identifierref="__6pcQj6srkTL_course_id_RES">
        <title>Lernstrategien_grpw-360</title>
        <adlcp:masteryscore>80</adlcp:masteryscore>
      </item>
    </organization>
  </organizations>
  <resources>
    <resource identifier="__6pcQj6srkTL_course_id_RES" type="webcontent" href="index_lms.html" adlcp:scormtype="sco">
      <file href="story_content/thumbnail.jpg" />
      <file href="story_content/5Wx5z6MhR3E_80_DX464_DY464.jpg" />
      <file href="mobile/5Wx5z6MhR3E_80_DX464_DY464_CX342_CY330.jpg" />
      <file href="story_content/6pWa1mgLaJT_80_DX416_DY416.swf" />
      <file href="mobile/6pWa1mgLaJT_80_DX416_DY416_CX305_CY118.png" />
      <file href="story_content/6FydltnQs8l_80_DX366_DY366.jpg" />
      <file href="mobile/6FydltnQs8l_80_DX366_DY366_CX274_CY213.jpg" />
      <file href="story_content/6kIqa8zrvcS_80_DX570_DY570.swf" />
      <file href="mobile/6kIqa8zrvcS_80_DX570_DY570_CX112_CY285.png" />
      <file href="story_content/5pBhl0roVnO_80_DX572_DY572.swf" />
      <file href="mobile/5pBhl0roVnO_80_DX572_DY572_CX154_CY427.png" />
      <file href="story_content/6gkecEguVku_80_DX390_DY390.swf" />
      <file href="mobile/6gkecEguVku_80_DX390_DY390_CX291_CY108.png" />
      <file href="story_content/6PK5TltSxAK_80_DX342_DY342.swf" />
      <file href="mobile/6PK5TltSxAK_80_DX342_DY342_CX256_CY165.png" />
      <file href="story_content/6oBKlByEpu9_80_DX342_DY342.swf" />
      <file href="mobile/6oBKlByEpu9_80_DX342_DY342_CX256_CY191.png" />
      <file href="story_content/63CqANhvNup_80_P_0_0_8027_4200_DX418_DY418.swf" />
      <file href="mobile/63CqANhvNup_80_P_0_0_8027_4200_DX418_DY418_CX312_CY163.png" />
      <file href="story_content/65Czgjj0fz3_X_80_P_0_0_8027_4822_DX420_DY420.swf" />
      <file href="mobile/65Czgjj0fz3_X_80_P_0_0_8027_4822_DX420_DY420_CX315_CY189.png" />
      <file href="story_content/5n4ips5geHM_80_P_0_0_8027_4200_DX418_DY418.swf" />
      <file href="mobile/5n4ips5geHM_80_P_0_0_8027_4200_DX418_DY418_CX312_CY163.png" />
      <file href="story_content/63CqANhvNup_80_DX418_DY418.swf" />
      <file href="mobile/63CqANhvNup_80_DX418_DY418_CX220_CY218.png" />
      <file href="story_content/6ImLtTM6iBc_80_DX294_DY294.swf" />
      <file href="mobile/6ImLtTM6iBc_80_DX294_DY294_CX220_CY218.png" />
      <file href="story_content/6qFqwNUAL36_80_DX294_DY294.swf" />
      <file href="mobile/6qFqwNUAL36_80_DX294_DY294_CX220_CY218.png" />
      <file href="story_content/5YcGiIKTI27_80_DX294_DY294.swf" />
      <file href="mobile/5YcGiIKTI27_80_DX294_DY294_CX220_CY218.png" />
      <file href="story_content/6QrUNE1XoSA_X_80_P_0_0_8027_4659_DX434_DY434.swf" />
      <file href="mobile/6QrUNE1XoSA_X_80_P_0_0_8027_4659_DX434_DY434_CX325_CY189.png" />
      <file href="story_content/66FjS3Qkj5U_80_DX572_DY572.swf" />
      <file href="mobile/66FjS3Qkj5U_80_DX572_DY572_CX164_CY429.png" />
      <file href="story_content/6Q0wi0fpd6w_80_DX572_DY572.swf" />
      <file href="mobile/6Q0wi0fpd6w_80_DX572_DY572_CX292_CY429.png" />
      <file href="story_content/6rpwhabVDxi_80_DX572_DY572.swf" />
      <file href="mobile/6rpwhabVDxi_80_DX572_DY572_CX207_CY428.png" />
      <file href="story_content/6Wm4UXRISux_80_DX572_DY572.swf" />
      <file href="mobile/6Wm4UXRISux_80_DX572_DY572_CX203_CY429.png" />
      <file href="story_content/6inLfZ3lU62_80_P_0_0_8028_4203_DX418_DY418.swf" />
      <file href="mobile/6inLfZ3lU62_80_P_0_0_8028_4203_DX418_DY418_CX311_CY163.png" />
      <file href="story_content/6eflgBEaSPn_80_P_0_0_8028_4203_DX418_DY418.swf" />
      <file href="mobile/6eflgBEaSPn_80_P_0_0_8028_4203_DX418_DY418_CX311_CY163.png" />
      <file href="story_content/6pBCAuXzIzp_80_DX294_DY294.swf" />
      <file href="mobile/6pBCAuXzIzp_80_DX294_DY294_CX220_CY218.png" />
      <file href="story_content/5s69YWaxQt1_80_DX294_DY294.swf" />
      <file href="mobile/5s69YWaxQt1_80_DX294_DY294_CX220_CY218.png" />
      <file href="story_content/6V5sMTzKbVE_80_DX294_DY294.swf" />
      <file href="mobile/6V5sMTzKbVE_80_DX294_DY294_CX220_CY218.png" />
      <file href="story_content/6CCOeFEzHEy_80_DX294_DY294.swf" />
      <file href="mobile/6CCOeFEzHEy_80_DX294_DY294_CX220_CY218.png" />
      <file href="story_content/5z8O1UAfQbF_80_DX572_DY572.swf" />
      <file href="mobile/5z8O1UAfQbF_80_DX572_DY572_CX208_CY429.png" />
      <file href="story_content/6axsM92zCBp_80_DX572_DY572.swf" />
      <file href="mobile/6axsM92zCBp_80_DX572_DY572_CX292_CY428.png" />
      <file href="story_content/6EgD84PWkJ0_80_DX572_DY572.swf" />
      <file href="mobile/6EgD84PWkJ0_80_DX572_DY572_CX204_CY429.png" />
      <file href="story_content/6oZf2iEkYZm_80_DX572_DY572.swf" />
      <file href="mobile/6oZf2iEkYZm_80_DX572_DY572_CX234_CY428.png" />
      <file href="story_content/5ix4neLeXTV_80_P_0_0_8028_4200_DX418_DY418.swf" />
      <file href="mobile/5ix4neLeXTV_80_P_0_0_8028_4200_DX418_DY418_CX312_CY163.png" />
      <file href="story_content/5zBHskmtV2B_80_P_0_0_8028_4200_DX418_DY418.swf" />
      <file href="mobile/5zBHskmtV2B_80_P_0_0_8028_4200_DX418_DY418_CX312_CY163.png" />
      <file href="story_content/5s7BI5Tiy2s_80_DX294_DY294.swf" />
      <file href="mobile/5s7BI5Tiy2s_80_DX294_DY294_CX220_CY218.png" />
      <file href="story_content/64o853ymD3K_80_DX294_DY294.swf" />
      <file href="mobile/64o853ymD3K_80_DX294_DY294_CX220_CY218.png" />
      <file href="story_content/5ZCp8NG3wn6_80_DX294_DY294.swf" />
      <file href="mobile/5ZCp8NG3wn6_80_DX294_DY294_CX220_CY218.png" />
      <file href="story_content/6KXnHs1nrzz_80_DX294_DY294.swf" />
      <file href="mobile/6KXnHs1nrzz_80_DX294_DY294_CX220_CY218.png" />
      <file href="story_content/6qIONvuzhgJ_80_DX572_DY572.swf" />
      <file href="mobile/6qIONvuzhgJ_80_DX572_DY572_CX177_CY429.png" />
      <file href="story_content/5gA5WOSZgFC_80_DX572_DY572.swf" />
      <file href="mobile/5gA5WOSZgFC_80_DX572_DY572_CX161_CY429.png" />
      <file href="story_content/6FJonfXan3N_80_DX572_DY572.swf" />
      <file href="mobile/6FJonfXan3N_80_DX572_DY572_CX240_CY429.png" />
      <file href="story_content/5g8ECt32pHE_80_DX572_DY572.swf" />
      <file href="mobile/5g8ECt32pHE_80_DX572_DY572_CX181_CY428.png" />
      <file href="story_content/68FNsJcOVYK_80_DX572_DY572.swf" />
      <file href="mobile/68FNsJcOVYK_80_DX572_DY572_CX177_CY429.png" />
      <file href="story_content/6FYrPClgdwt_80_P_0_0_8028_4204_DX418_DY418.swf" />
      <file href="mobile/6FYrPClgdwt_80_P_0_0_8028_4204_DX418_DY418_CX313_CY164.png" />
      <file href="story_content/6jVdBrDpM3P_80_DX294_DY294.swf" />
      <file href="mobile/6jVdBrDpM3P_80_DX294_DY294_CX220_CY218.png" />
      <file href="story_content/6plR9Ptt9Ji_80_DX294_DY294.swf" />
      <file href="mobile/6plR9Ptt9Ji_80_DX294_DY294_CX220_CY218.png" />
      <file href="story_content/63LC4cLW8ac_80_DX294_DY294.swf" />
      <file href="mobile/63LC4cLW8ac_80_DX294_DY294_CX220_CY218.png" />
      <file href="story_content/5WJgKhm0oHC_80_DX294_DY294.swf" />
      <file href="mobile/5WJgKhm0oHC_80_DX294_DY294_CX220_CY218.png" />
      <file href="story_content/6rA1dEQVZjH_80_DX294_DY294.swf" />
      <file href="mobile/6rA1dEQVZjH_80_DX294_DY294_CX220_CY218.png" />
      <file href="story_content/6TE7ZuYGVB0_80_DX572_DY572.swf" />
      <file href="mobile/6TE7ZuYGVB0_80_DX572_DY572_CX177_CY429.png" />
      <file href="story_content/5dJdAevAmtm_80_DX572_DY572.swf" />
      <file href="mobile/5dJdAevAmtm_80_DX572_DY572_CX161_CY429.png" />
      <file href="story_content/5hMjPAx6cL1_80_DX572_DY572.swf" />
      <file href="mobile/5hMjPAx6cL1_80_DX572_DY572_CX240_CY429.png" />
      <file href="story_content/6TIbqSWvNAA_80_DX572_DY572.swf" />
      <file href="mobile/6TIbqSWvNAA_80_DX572_DY572_CX177_CY429.png" />
      <file href="story_content/5hnR53i78ek_80_P_0_0_8028_4205_DX418_DY418.swf" />
      <file href="mobile/5hnR53i78ek_80_P_0_0_8028_4205_DX418_DY418_CX313_CY164.png" />
      <file href="story_content/68E1CYkNDYY_80_DX294_DY294.swf" />
      <file href="mobile/68E1CYkNDYY_80_DX294_DY294_CX220_CY218.png" />
      <file href="story_content/6qMfU03oNra_80_DX294_DY294.swf" />
      <file href="mobile/6qMfU03oNra_80_DX294_DY294_CX220_CY218.png" />
      <file href="story_content/6je0XGwDT39_80_DX294_DY294.swf" />
      <file href="mobile/6je0XGwDT39_80_DX294_DY294_CX220_CY218.png" />
      <file href="story_content/5aIzqTzpwe4_80_DX294_DY294.swf" />
      <file href="mobile/5aIzqTzpwe4_80_DX294_DY294_CX220_CY218.png" />
      <file href="story_content/5xV1H8CnPAq_80_DX294_DY294.swf" />
      <file href="mobile/5xV1H8CnPAq_80_DX294_DY294_CX220_CY218.png" />
      <file href="story_content/6b2Py6tYnh7_80_DX572_DY572.swf" />
      <file href="mobile/6b2Py6tYnh7_80_DX572_DY572_CX170_CY429.png" />
      <file href="story_content/5aZb8qOD9Yo_80_DX572_DY572.swf" />
      <file href="mobile/5aZb8qOD9Yo_80_DX572_DY572_CX154_CY428.png" />
      <file href="story_content/6YzInK7cgZ4_80_DX572_DY572.swf" />
      <file href="mobile/6YzInK7cgZ4_80_DX572_DY572_CX175_CY429.png" />
      <file href="story_content/6mYQu5rng3a_80_DX572_DY572.swf" />
      <file href="mobile/6mYQu5rng3a_80_DX572_DY572_CX240_CY429.png" />
      <file href="story_content/6g7cYVOeE3J_80_DX572_DY572.swf" />
      <file href="mobile/6g7cYVOeE3J_80_DX572_DY572_CX154_CY428.png" />
      <file href="story_content/6E0abb5eHuw_80_P_0_0_8028_4204_DX418_DY418.swf" />
      <file href="mobile/6E0abb5eHuw_80_P_0_0_8028_4204_DX418_DY418_CX311_CY163.png" />
      <file href="story_content/6E0abb5eHuw_80_DX418_DY418.swf" />
      <file href="mobile/6E0abb5eHuw_80_DX418_DY418_CX220_CY218.png" />
      <file href="story_content/6CrY8KczCL6_80_DX294_DY294.swf" />
      <file href="mobile/6CrY8KczCL6_80_DX294_DY294_CX220_CY218.png" />
      <file href="story_content/5mCE0A6jhR2_80_DX294_DY294.swf" />
      <file href="mobile/5mCE0A6jhR2_80_DX294_DY294_CX220_CY218.png" />
      <file href="story_content/6hmclQ2662k_80_DX294_DY294.swf" />
      <file href="mobile/6hmclQ2662k_80_DX294_DY294_CX220_CY218.png" />
      <file href="story_content/5ccIDhzEziu_80_DX572_DY572.swf" />
      <file href="mobile/5ccIDhzEziu_80_DX572_DY572_CX175_CY426.png" />
      <file href="story_content/6d1LLvy3Lh3_80_DX572_DY572.swf" />
      <file href="mobile/6d1LLvy3Lh3_80_DX572_DY572_CX160_CY426.png" />
      <file href="story_content/6Jx7TIOkv2n_80_DX572_DY572.swf" />
      <file href="mobile/6Jx7TIOkv2n_80_DX572_DY572_CX129_CY429.png" />
      <file href="story_content/6O8ZCY19ZgM_80_DX572_DY572.swf" />
      <file href="mobile/6O8ZCY19ZgM_80_DX572_DY572_CX181_CY429.png" />
      <file href="story_content/5mpZXAJpROY_80_DX572_DY572.swf" />
      <file href="mobile/5mpZXAJpROY_80_DX572_DY572_CX175_CY426.png" />
      <file href="story_content/62ufvYRcS07_80_DX572_DY572.swf" />
      <file href="mobile/62ufvYRcS07_80_DX572_DY572_CX175_CY426.png" />
      <file href="story_content/5XI01mRA9rq_80_DX572_DY572.swf" />
      <file href="mobile/5XI01mRA9rq_80_DX572_DY572_CX129_CY429.png" />
      <file href="story_content/6aO4lw3fhDw_80_DX572_DY572.swf" />
      <file href="mobile/6aO4lw3fhDw_80_DX572_DY572_CX181_CY429.png" />
      <file href="story_content/5ozrtvkPJsi_80_DX480_DY480.swf" />
      <file href="mobile/5ozrtvkPJsi_80_DX480_DY480_CX121_CY357.png" />
      <file href="story_content/6NRnJBUkTzW_80_DX480_DY480.swf" />
      <file href="mobile/6NRnJBUkTzW_80_DX480_DY480_CX138_CY360.png" />
      <file href="story_content/6riMhP1exoP_80_DX480_DY480.swf" />
      <file href="mobile/6riMhP1exoP_80_DX480_DY480_CX244_CY359.png" />
      <file href="story_content/6Cuon8YLynR_80_DX480_DY480.swf" />
      <file href="mobile/6Cuon8YLynR_80_DX480_DY480_CX174_CY360.png" />
      <file href="story_content/68L02oAM5Ov_80_DX480_DY480.swf" />
      <file href="mobile/68L02oAM5Ov_80_DX480_DY480_CX171_CY360.png" />
      <file href="story_content/5xNKnaC4Atq_80_DX480_DY480.swf" />
      <file href="mobile/5xNKnaC4Atq_80_DX480_DY480_CX121_CY357.png" />
      <file href="story_content/6WAX4nIWazx_80_DX480_DY480.swf" />
      <file href="mobile/6WAX4nIWazx_80_DX480_DY480_CX174_CY359.png" />
      <file href="story_content/69fsy2DU1Wk_80_DX480_DY480.swf" />
      <file href="mobile/69fsy2DU1Wk_80_DX480_DY480_CX245_CY360.png" />
      <file href="story_content/64lK1mgqYiK_80_DX480_DY480.swf" />
      <file href="mobile/64lK1mgqYiK_80_DX480_DY480_CX171_CY360.png" />
      <file href="story_content/5ru3TKUkBMK_80_DX480_DY480.swf" />
      <file href="mobile/5ru3TKUkBMK_80_DX480_DY480_CX196_CY358.png" />
      <file href="story_content/5ifActMExiK_80_DX480_DY480.swf" />
      <file href="mobile/5ifActMExiK_80_DX480_DY480_CX103_CY360.png" />
      <file href="story_content/6GAeqWnyxAr_80_DX480_DY480.swf" />
      <file href="mobile/6GAeqWnyxAr_80_DX480_DY480_CX148_CY359.png" />
      <file href="story_content/5h4tFbIwsZY_80_DX480_DY480.swf" />
      <file href="mobile/5h4tFbIwsZY_80_DX480_DY480_CX201_CY359.png" />
      <file href="story_content/5sv8QlH3Fvf_80_DX480_DY480.swf" />
      <file href="mobile/5sv8QlH3Fvf_80_DX480_DY480_CX135_CY359.png" />
      <file href="story_content/6rE1GKwJNWF_80_DX480_DY480.swf" />
      <file href="mobile/6rE1GKwJNWF_80_DX480_DY480_CX151_CY357.png" />
      <file href="story_content/6RHxDjM80bY_80_DX480_DY480.swf" />
      <file href="mobile/6RHxDjM80bY_80_DX480_DY480_CX103_CY360.png" />
      <file href="story_content/5tGtAKSau8R_80_DX480_DY480.swf" />
      <file href="mobile/5tGtAKSau8R_80_DX480_DY480_CX201_CY360.png" />
      <file href="story_content/6a3XXXcnYaw_80_DX480_DY480.swf" />
      <file href="mobile/6a3XXXcnYaw_80_DX480_DY480_CX135_CY359.png" />
      <file href="story_content/5Upkbm4O1Ye_80_DX480_DY480.swf" />
      <file href="mobile/5Upkbm4O1Ye_80_DX480_DY480_CX148_CY360.png" />
      <file href="story_content/5cGvxeLefqm_80_DX480_DY480.swf" />
      <file href="mobile/5cGvxeLefqm_80_DX480_DY480_CX148_CY360.png" />
      <file href="story_content/6hcPuRobVh8_80_DX480_DY480.swf" />
      <file href="mobile/6hcPuRobVh8_80_DX480_DY480_CX103_CY357.png" />
      <file href="story_content/5sY0EhlpviW_80_DX480_DY480.swf" />
      <file href="mobile/5sY0EhlpviW_80_DX480_DY480_CX147_CY360.png" />
      <file href="mobile/6b2Py6tYnh7_80_DX572_DY572_CX142_CY357.png" />
      <file href="story_content/6NXdGRXGbqr_80_DX480_DY480.swf" />
      <file href="mobile/6NXdGRXGbqr_80_DX480_DY480_CX129_CY358.png" />
      <file href="story_content/62DBOLAu9hz_80_DX480_DY480.swf" />
      <file href="mobile/62DBOLAu9hz_80_DX480_DY480_CX201_CY359.png" />
      <file href="story_content/6VdYe5jG1rK_80_DX572_DY572.swf" />
      <file href="mobile/6VdYe5jG1rK_80_DX572_DY572_CX103_CY359.png" />
      <file href="mobile/5mpZXAJpROY_80_DX572_DY572_CX148_CY360.png" />
      <file href="mobile/62ufvYRcS07_80_DX572_DY572_CX148_CY360.png" />
      <file href="story_content/6H10wyAjuR5_80_DX480_DY480.swf" />
      <file href="mobile/6H10wyAjuR5_80_DX480_DY480_CX151_CY358.png" />
      <file href="mobile/6Jx7TIOkv2n_80_DX572_DY572_CX108_CY360.png" />
      <file href="story_content/61UuxeO7ay2_80_P_0_0_3706_3329_DX538_DY538.swf" />
      <file href="mobile/61UuxeO7ay2_80_P_0_0_3706_3329_DX538_DY538_CX144_CY129.png" />
      <file href="story_content/61Gvvbzbd6o_80_DX102_DY102.swf" />
      <file href="mobile/61Gvvbzbd6o_80_DX102_DY102_CX61_CY74.png" />
      <file href="story_content/5qGVcWabLzi_80_P_0_0_3706_3320_DX568_DY568.swf" />
      <file href="mobile/5qGVcWabLzi_80_P_0_0_3706_3320_DX568_DY568_CX144_CY129.png" />
      <file href="story_content/67EtBn37PkC_80_P_0_0_3129_3325_DX570_DY570.swf" />
      <file href="mobile/67EtBn37PkC_80_P_0_0_3129_3325_DX570_DY570_CX121_CY129.png" />
      <file href="story_content/67ola7AkoRH_80_P_0_0_3128_3328_DX570_DY570.swf" />
      <file href="mobile/67ola7AkoRH_80_P_0_0_3128_3328_DX570_DY570_CX121_CY129.png" />
      <file href="story_content/6gQiNNbol3c_80_P_0_0_3168_3333_DX570_DY570.swf" />
      <file href="mobile/6gQiNNbol3c_80_P_0_0_3168_3333_DX570_DY570_CX123_CY129.png" />
      <file href="story_content/6VdYe5jG1rK_80_P_0_0_3151_3336_DX572_DY572.swf" />
      <file href="mobile/6VdYe5jG1rK_80_P_0_0_3151_3336_DX572_DY572_CX123_CY130.png" />
      <file href="story_content/Shape5Uu86kW2Q1Q.swf" />
      <file href="story_content/5wppAYVX52E_80_DX202_DY202.swf" />
      <file href="mobile/5wppAYVX52E_80_DX202_DY202_CX119_CY117.png" />
      <file href="story_content/Shape6pxsO4kQOPD.swf" />
      <file href="story_content/txt__default_5mMryAAeHMf.swf" />
      <file href="story_content/txt__default_5wMA0gLLHSa.swf" />
      <file href="story_content/txt__default_6kysCGzNidJ.swf" />
      <file href="story_content/txt__default_61YQuLZAzMO.swf" />
      <file href="story_content/txt__default_5XEp1GmEobX.swf" />
      <file href="story_content/txt__default_5b9KBPH22sv.swf" />
      <file href="story_content/txt__default_6aE74sNiAM8.swf" />
      <file href="story_content/txt__default_5bYtQa6UVH0.swf" />
      <file href="story_content/txt__default_5uX4WQ8kulQ.swf" />
      <file href="story_content/txt__default_5lLlwei0uct.swf" />
      <file href="story_content/txt__default_6FY85xa7w5R.swf" />
      <file href="story_content/txt__default_5iItMrCMnIx.swf" />
      <file href="story_content/txt__default_6nFFhH42n2g.swf" />
      <file href="story_content/txt__default_6Pj6DoP9Hwh.swf" />
      <file href="story_content/txt__default_6WrsIm98ecS.swf" />
      <file href="story_content/txt__default_5uQ07r6umIg.swf" />
      <file href="story_content/txt__default_6NmlXNshxiz.swf" />
      <file href="story_content/txt__default_66SYR0hB2x3.swf" />
      <file href="story_content/txt__default_6UlXt7VV3Qc.swf" />
      <file href="story_content/txt__default_6SX5sfl6AER.swf" />
      <file href="story_content/txt__default_6ZpRKHIjCG6.swf" />
      <file href="story_content/txt__default_6Je1RkBgfEO.swf" />
      <file href="story_content/txt__default_5tgPLAGHbkK.swf" />
      <file href="story_content/txt__default_5iiIe42gNsn.swf" />
      <file href="story_content/txt__default_5pa72j1jDJq.swf" />
      <file href="story_content/txt__default_5wIntNHwaP1.swf" />
      <file href="story_content/txt__default_6iYvAjgD6L4.swf" />
      <file href="story_content/txt__default_5cRQop9dk5L.swf" />
      <file href="story_content/txt__default_6By8BgaDLYl.swf" />
      <file href="story_content/txt__default_5lzbBt1IlCS.swf" />
      <file href="story_content/txt__default_5WZWEGNsF5t.swf" />
      <file href="story_content/txt__default_5oK6XU1k3wd.swf" />
      <file href="story_content/Shape6Zlk7k871Zm.swf" />
      <file href="story_content/Shape6VAcZ8gXOp6.swf" />
      <file href="story_content/txt__default_5wrfVd20ypx.swf" />
      <file href="story_content/txt__default_5q0eOfnLdPY.swf" />
      <file href="story_content/txt__default_6PEgJ2aR30l.swf" />
      <file href="story_content/txt__default_6it3cYFCGqo.swf" />
      <file href="story_content/txt__default_6889IZGc3Ms.swf" />
      <file href="story_content/txt__default_6omWqRDI9ba.swf" />
      <file href="story_content/txt__default_6AO5EcTJ5yf.swf" />
      <file href="story_content/txt__default_6OmO1mNtlp9.swf" />
      <file href="story_content/txt__default_5pnXkGCHwIx.swf" />
      <file href="story_content/txt__default_6UBgHnSEvLs.swf" />
      <file href="story_content/txt__default_64dSwtH5GRH.swf" />
      <file href="story_content/txt__default_66rkHmNWaDM.swf" />
      <file href="story_content/txt__default_5prc9yjqP2g.swf" />
      <file href="story_content/txt__default_5duYzyAFbBD.swf" />
      <file href="story_content/txt__default_64FMKG7u7fE.swf" />
      <file href="story_content/txt__default_5rwdVo7nCFo.swf" />
      <file href="story_content/txt__default_6eiwVbVt4l1.swf" />
      <file href="story_content/txt__default_5dIkav7ZwVE.swf" />
      <file href="story_content/txt__default_5X1ixwrwy47.swf" />
      <file href="story_content/txt__default_6Gu1RiKU4El.swf" />
      <file href="story_content/txt__default_6TTZqHspKdU.swf" />
      <file href="story_content/txt__default_6pkVKQ8CCPL.swf" />
      <file href="story_content/txt__default_69gXX6ZzynQ.swf" />
      <file href="story_content/txt__default_6ho7RgkpqbQ.swf" />
      <file href="story_content/txt__default_6e6MT2kQX6v.swf" />
      <file href="story_content/txt__default_6lRdA9ONlXj.swf" />
      <file href="story_content/txt__default_5zgKQmuSpww.swf" />
      <file href="story_content/txt__default_6WYx9hQI1np.swf" />
      <file href="story_content/txt__default_6SFuCoi4t6p.swf" />
      <file href="story_content/txt__default_5zrqwaBaaiY.swf" />
      <file href="story_content/txt__default_5t2Q1rYKrE6.swf" />
      <file href="story_content/txt__default_5aTp5nOm40J.swf" />
      <file href="story_content/Shape6GqBi1H15eu.swf" />
      <file href="story_content/Shape653PcqkjWrs.swf" />
      <file href="story_content/txt__default_5gwn1MmB81G.swf" />
      <file href="story_content/txt__default_6h9lJ5xGQ5a.swf" />
      <file href="story_content/txt__default_6dkPCnAWLte.swf" />
      <file href="story_content/txt__default_5eYFkaONKO6.swf" />
      <file href="story_content/txt__default_64f8u3jprKt.swf" />
      <file href="story_content/txt__default_6goFM2LOYxq.swf" />
      <file href="story_content/txt__default_5pzPHr4z5XU.swf" />
      <file href="story_content/txt__default_6KbOcsxfmNH.swf" />
      <file href="story_content/txt__default_5UlxSLwTWgw.swf" />
      <file href="story_content/txt__default_5sfmJ3Bt8OQ.swf" />
      <file href="story_content/txt__default_5vsTbE7IvJa.swf" />
      <file href="story_content/txt__default_6UILsob59nw.swf" />
      <file href="story_content/txt__default_5ZzwX3zjH1y.swf" />
      <file href="story_content/txt__default_6474kyjafNU.swf" />
      <file href="story_content/txt__default_6qED0AKqEQp.swf" />
      <file href="story_content/txt__default_6A3mpSU0KZh.swf" />
      <file href="story_content/txt__default_6hjbYsfowB4.swf" />
      <file href="story_content/txt__default_6ViXayNSWVL.swf" />
      <file href="story_content/txt__default_6MXWmFYitLG.swf" />
      <file href="story_content/txt__default_6TNKgtel9ye.swf" />
      <file href="story_content/txt__default_5kyGL6m5ur2.swf" />
      <file href="story_content/txt__default_6LiL9yklFE9.swf" />
      <file href="story_content/txt__default_6T14GyZjk2w.swf" />
      <file href="story_content/txt__default_5jTp84uzkBM.swf" />
      <file href="story_content/txt__default_6hBYQ8Q0Hbj.swf" />
      <file href="story_content/txt__default_6Tht4kSJ08g.swf" />
      <file href="story_content/txt__default_5pqgT2Dmggy.swf" />
      <file href="story_content/txt__default_6N6SAY83k3V.swf" />
      <file href="story_content/txt__default_5vXuHHyBgrw.swf" />
      <file href="story_content/txt__default_5aMUgPlXB1c.swf" />
      <file href="story_content/txt__default_659gJ2y7kBb.swf" />
      <file href="story_content/txt__default_6XTj0dngp3M.swf" />
      <file href="story_content/5epfRGa728E_80_DX1526_DY1526.swf" />
      <file href="mobile/5epfRGa728E_80_DX1526_DY1526_CX1144_CY552.png" />
      <file href="story_content/6daTnWJe3r4_80_DX132_DY132.swf" />
      <file href="mobile/6daTnWJe3r4_80_DX132_DY132_CX94_CY94.png" />
      <file href="story_content/6T88ojrfszF_80_DX340_DY340.swf" />
      <file href="mobile/6T88ojrfszF_80_DX340_DY340_CX199_CY173.png" />
      <file href="story_content/5UuuZ95HJZx_80_DX312_DY312.swf" />
      <file href="mobile/5UuuZ95HJZx_80_DX312_DY312_CX126_CY182.png" />
      <file href="story_content/Shape6DMnpEP75hN.swf" />
      <file href="story_content/6SW6p0OZFGk_80_DX416_DY416.jpg" />
      <file href="mobile/6SW6p0OZFGk_80_DX416_DY416_CX252_CY59.jpg" />
      <file href="story_content/Shape5uU41oAp3zQ.swf" />
      <file href="story_content/6jF4p8J6hIB_80_DX442_DY442.jpg" />
      <file href="mobile/6jF4p8J6hIB_80_DX442_DY442_CX60_CY253.jpg" />
      <file href="story_content/Shape5aK1EE9EF52.swf" />
      <file href="story_content/60SL551xfHk_80_DX442_DY442.jpg" />
      <file href="mobile/60SL551xfHk_80_DX442_DY442_CX59_CY253.jpg" />
      <file href="story_content/Shape5W7iXO5jx6k.swf" />
      <file href="story_content/6QTHouim3gZ_80_DX442_DY442.jpg" />
      <file href="mobile/6QTHouim3gZ_80_DX442_DY442_CX59_CY253.jpg" />
      <file href="story_content/Shape6KgllEw2iGl.swf" />
      <file href="story_content/Shape6Dt7rE06IJH.swf" />
      <file href="story_content/Shape5jrIPwpq78H.swf" />
      <file href="story_content/Shape6Hj11jOpcNn.swf" />
      <file href="story_content/Shape6Rwftl7qKo3.swf" />
      <file href="story_content/Shape6Qr8WhqUedf.swf" />
      <file href="story_content/Shape66RyheaejEd.swf" />
      <file href="story_content/5oGVNmrafpU_80_DX1306_DY1306.swf" />
      <file href="mobile/5oGVNmrafpU_80_DX1306_DY1306_CX761_CY471.png" />
      <file href="story_content/69my5NMFyay_80_DX804_DY804.swf" />
      <file href="mobile/69my5NMFyay_80_DX804_DY804_CX306_CY404.png" />
      <file href="story_content/5f3KM7dnffZ_80_DX724_DY724.swf" />
      <file href="mobile/5f3KM7dnffZ_80_DX724_DY724_CX69_CY224.png" />
      <file href="story_content/60dEgkCGi8q_80_DX720_DY720.swf" />
      <file href="mobile/60dEgkCGi8q_80_DX720_DY720_CX73_CY221.png" />
      <file href="story_content/61QWd0CJXeV_80_DX548_DY548.jpg" />
      <file href="mobile/61QWd0CJXeV_80_DX548_DY548_CX411_CY290.jpg" />
      <file href="story_content/txt__default_5i363JQyUVW.swf" />
      <file href="story_content/txt__default_6Cy1Fezfh5N.swf" />
      <file href="story_content/txt__default_6icF3iLS3Sl.swf" />
      <file href="story_content/txt__default_6ncGApRqumr.swf" />
      <file href="story_content/txt__default_6rh1YIihWjf.swf" />
      <file href="story_content/txt__default_6Aa7FtJWYKG.swf" />
      <file href="story_content/txt__default_6QlYD2Uaffw.swf" />
      <file href="story_content/txt__default_5vTU9WxKYH9.swf" />
      <file href="story_content/txt__default_6nVOjlv9yEr.swf" />
      <file href="story_content/txt__default_6BsE2GtcSbc.swf" />
      <file href="story_content/txt__default_5dxzju1wodM.swf" />
      <file href="story_content/txt__default_65CJCh9AcTh.swf" />
      <file href="story_content/txt__default_6pPmPTHMWIQ.swf" />
      <file href="story_content/txt__default_6U2UquwzYzg.swf" />
      <file href="story_content/Shape5dcrb1dGX0Y.swf" />
      <file href="story_content/txt__default_5znP16L8rLw.swf" />
      <file href="story_content/txt__default_6VcCcQocpLm.swf" />
      <file href="story_content/txt__default_6YuvhQJY3xI.swf" />
      <file href="story_content/txt__default_69eBeZ8s3oP.swf" />
      <file href="story_content/txt__default_6O2WHWK9GYo.swf" />
      <file href="story_content/txt__default_5Wy6043VaVi.swf" />
      <file href="story_content/txt__default_6YrKQ5pRmB8.swf" />
      <file href="story_content/txt__default_5soPayKko5e.swf" />
      <file href="story_content/txt__default_6Ke7N9DZ9zr.swf" />
      <file href="story_content/txt__default_6FxBFtNf79e.swf" />
      <file href="story_content/txt__default_6QbzdJO5T0b.swf" />
      <file href="story_content/txt__default_6AkN8HWXMNM.swf" />
      <file href="story_content/txt__default_6r3uFbvq5wa.swf" />
      <file href="story_content/txt__default_6rFanLCsgtN.swf" />
      <file href="story_content/txt__default_5iZypwXl7G1.swf" />
      <file href="story_content/txt__default_6IRXfI7LgGO.swf" />
      <file href="story_content/txt__default_5gJoaHeumdK.swf" />
      <file href="story_content/txt__default_5ZI4qXLVxML.swf" />
      <file href="story_content/txt__default_6OQEToeMzeQ.swf" />
      <file href="story_content/txt__default_5pciPHml11p.swf" />
      <file href="story_content/txt__default_5X4Gl2JA0bg.swf" />
      <file href="story_content/txt__default_6mx9mU4u4W8.swf" />
      <file href="story_content/txt__default_6p0etR6tTnp.swf" />
      <file href="story_content/txt__default_5X3LBFHSs4R.swf" />
      <file href="story_content/txt__default_6hO2X7u03aG.swf" />
      <file href="story_content/txt__default_5WPDKTAnq5c.swf" />
      <file href="story_content/txt__default_5fXW5Xjxa8M.swf" />
      <file href="story_content/txt__default_5qXKsreVmK0.swf" />
      <file href="story_content/txt__default_6HhsTkZuFiY.swf" />
      <file href="story_content/txt__default_5myDG3f7xWB.swf" />
      <file href="story_content/txt__default_5YEW7nuXYy5.swf" />
      <file href="story_content/txt__default_5ofdPgdSgD9.swf" />
      <file href="story_content/txt__default_63GxHgcu0dy.swf" />
      <file href="story_content/txt__default_6SuXHzmb5b6.swf" />
      <file href="story_content/6fLOvME7gqL_80_DX110_DY110.swf" />
      <file href="mobile/6fLOvME7gqL_80_DX110_DY110_CX46_CY55.png" />
      <file href="story_content/6KdjwnC6IvC_80_DX1122_DY1122.swf" />
      <file href="mobile/6KdjwnC6IvC_80_DX1122_DY1122_CX837_CY465.png" />
      <file href="story_content/62usORmqFhu_80_DX672_DY672.swf" />
      <file href="mobile/62usORmqFhu_80_DX672_DY672_CX315_CY504.png" />
      <file href="story_content/5quRSe0BM6t_80_DX540_DY540.swf" />
      <file href="mobile/5quRSe0BM6t_80_DX540_DY540_CX404_CY253.png" />
      <file href="story_content/6Xf1YNreUf35iewYB5lvHR{Width=260, Height=220,0782}Light_80_DX520_DY520.jpg" />
      <file href="mobile/6Xf1YNreUf35iewYB5lvHR{Width=260, Height=220,0782}Light_80_DX520_DY520_CX260_CY220.jpg" />
      <file href="story_content/65zodoxOm3i_80_DX360_DY360.swf" />
      <file href="mobile/65zodoxOm3i_80_DX360_DY360_CX180_CY134.png" />
      <file href="story_content/5jnVyw2S0SA_80_DX652_DY652.swf" />
      <file href="mobile/5jnVyw2S0SA_80_DX652_DY652_CX489_CY297.png" />
      <file href="story_content/5XnP5G7nLra_80_DX662_DY662.swf" />
      <file href="mobile/5XnP5G7nLra_80_DX662_DY662_CX375_CY135.png" />
      <file href="story_content/6MwMmkxNPgx_80_DX652_DY652.swf" />
      <file href="mobile/6MwMmkxNPgx_80_DX652_DY652_CX489_CY297.png" />
      <file href="story_content/5w26dib0MmU_80_DX450_DY450.swf" />
      <file href="mobile/5w26dib0MmU_80_DX450_DY450_CX225_CY133.png" />
      <file href="story_content/6Iu8iAIEaVq_80_DX652_DY652.swf" />
      <file href="mobile/6Iu8iAIEaVq_80_DX652_DY652_CX489_CY297.png" />
      <file href="story_content/6Iap3GQpKGM_80_DX450_DY450.swf" />
      <file href="mobile/6Iap3GQpKGM_80_DX450_DY450_CX225_CY133.png" />
      <file href="story_content/5gkl0OltChy_80_DX652_DY652.swf" />
      <file href="mobile/5gkl0OltChy_80_DX652_DY652_CX489_CY297.png" />
      <file href="story_content/5XkKqrx5Iwo_80_DX376_DY376.swf" />
      <file href="mobile/5XkKqrx5Iwo_80_DX376_DY376_CX188_CY123.png" />
      <file href="story_content/68juitbBXhK_80_DX652_DY652.swf" />
      <file href="mobile/68juitbBXhK_80_DX652_DY652_CX489_CY297.png" />
      <file href="meta.xml" />
      <file href="story_content/FontFactory.swf" />
      <file href="story_content/fonts.swf" />
      <file href="story_content/frame.xml" />
      <file href="story_content/user.js" />
      <file href="mobile/Shape5Uu86kW2Q1Q.png" />
      <file href="mobile/Shape6pxsO4kQOPD.png" />
      <file href="mobile/txt__default_5mMryAAeHMf.png" />
      <file href="mobile/txt__default_5wMA0gLLHSa.png" />
      <file href="mobile/txt__default_6kysCGzNidJ.png" />
      <file href="mobile/txt__default_61YQuLZAzMO.png" />
      <file href="mobile/txt__default_5XEp1GmEobX.png" />
      <file href="mobile/txt__default_5b9KBPH22sv.png" />
      <file href="mobile/txt__default_6aE74sNiAM8.png" />
      <file href="mobile/txt__default_5bYtQa6UVH0.png" />
      <file href="mobile/txt__default_5uX4WQ8kulQ.png" />
      <file href="mobile/txt__default_5lLlwei0uct.png" />
      <file href="mobile/txt__default_6FY85xa7w5R.png" />
      <file href="mobile/txt__default_5iItMrCMnIx.png" />
      <file href="mobile/txt__default_6nFFhH42n2g.png" />
      <file href="mobile/txt__default_6Pj6DoP9Hwh.png" />
      <file href="mobile/txt__default_6WrsIm98ecS.png" />
      <file href="mobile/txt__default_5uQ07r6umIg.png" />
      <file href="mobile/txt__default_6NmlXNshxiz.png" />
      <file href="mobile/txt__default_66SYR0hB2x3.png" />
      <file href="mobile/txt__default_6UlXt7VV3Qc.png" />
      <file href="mobile/txt__default_6SX5sfl6AER.png" />
      <file href="mobile/txt__default_6ZpRKHIjCG6.png" />
      <file href="mobile/txt__default_6Je1RkBgfEO.png" />
      <file href="mobile/txt__default_5tgPLAGHbkK.png" />
      <file href="mobile/txt__default_5iiIe42gNsn.png" />
      <file href="mobile/txt__default_5pa72j1jDJq.png" />
      <file href="mobile/txt__default_5wIntNHwaP1.png" />
      <file href="mobile/txt__default_6iYvAjgD6L4.png" />
      <file href="mobile/txt__default_5cRQop9dk5L.png" />
      <file href="mobile/txt__default_6By8BgaDLYl.png" />
      <file href="mobile/txt__default_5lzbBt1IlCS.png" />
      <file href="mobile/txt__default_5WZWEGNsF5t.png" />
      <file href="mobile/txt__default_5oK6XU1k3wd.png" />
      <file href="mobile/Shape6Zlk7k871Zm.png" />
      <file href="mobile/Shape6VAcZ8gXOp6.png" />
      <file href="mobile/txt__default_5wrfVd20ypx.png" />
      <file href="mobile/txt__default_5q0eOfnLdPY.png" />
      <file href="mobile/txt__default_6PEgJ2aR30l.png" />
      <file href="mobile/txt__default_6it3cYFCGqo.png" />
      <file href="mobile/txt__default_6889IZGc3Ms.png" />
      <file href="mobile/txt__default_6omWqRDI9ba.png" />
      <file href="mobile/txt__default_6AO5EcTJ5yf.png" />
      <file href="mobile/txt__default_6OmO1mNtlp9.png" />
      <file href="mobile/txt__default_5pnXkGCHwIx.png" />
      <file href="mobile/txt__default_6UBgHnSEvLs.png" />
      <file href="mobile/txt__default_64dSwtH5GRH.png" />
      <file href="mobile/txt__default_66rkHmNWaDM.png" />
      <file href="mobile/txt__default_5prc9yjqP2g.png" />
      <file href="mobile/txt__default_5duYzyAFbBD.png" />
      <file href="mobile/txt__default_64FMKG7u7fE.png" />
      <file href="mobile/txt__default_5rwdVo7nCFo.png" />
      <file href="mobile/txt__default_6eiwVbVt4l1.png" />
      <file href="mobile/txt__default_5dIkav7ZwVE.png" />
      <file href="mobile/txt__default_5X1ixwrwy47.png" />
      <file href="mobile/txt__default_6Gu1RiKU4El.png" />
      <file href="mobile/txt__default_6TTZqHspKdU.png" />
      <file href="mobile/txt__default_6pkVKQ8CCPL.png" />
      <file href="mobile/txt__default_69gXX6ZzynQ.png" />
      <file href="mobile/txt__default_6ho7RgkpqbQ.png" />
      <file href="mobile/txt__default_6e6MT2kQX6v.png" />
      <file href="mobile/txt__default_6lRdA9ONlXj.png" />
      <file href="mobile/txt__default_5zgKQmuSpww.png" />
      <file href="mobile/txt__default_6WYx9hQI1np.png" />
      <file href="mobile/txt__default_6SFuCoi4t6p.png" />
      <file href="mobile/txt__default_5zrqwaBaaiY.png" />
      <file href="mobile/txt__default_5t2Q1rYKrE6.png" />
      <file href="mobile/txt__default_5aTp5nOm40J.png" />
      <file href="mobile/Shape6GqBi1H15eu.png" />
      <file href="mobile/Shape653PcqkjWrs.png" />
      <file href="mobile/txt__default_5gwn1MmB81G.png" />
      <file href="mobile/txt__default_6h9lJ5xGQ5a.png" />
      <file href="mobile/txt__default_6dkPCnAWLte.png" />
      <file href="mobile/txt__default_5eYFkaONKO6.png" />
      <file href="mobile/txt__default_64f8u3jprKt.png" />
      <file href="mobile/txt__default_6goFM2LOYxq.png" />
      <file href="mobile/txt__default_5pzPHr4z5XU.png" />
      <file href="mobile/txt__default_6KbOcsxfmNH.png" />
      <file href="mobile/txt__default_5UlxSLwTWgw.png" />
      <file href="mobile/txt__default_5sfmJ3Bt8OQ.png" />
      <file href="mobile/txt__default_5vsTbE7IvJa.png" />
      <file href="mobile/txt__default_6UILsob59nw.png" />
      <file href="mobile/txt__default_5ZzwX3zjH1y.png" />
      <file href="mobile/txt__default_6474kyjafNU.png" />
      <file href="mobile/txt__default_6qED0AKqEQp.png" />
      <file href="mobile/txt__default_6A3mpSU0KZh.png" />
      <file href="mobile/txt__default_6hjbYsfowB4.png" />
      <file href="mobile/txt__default_6ViXayNSWVL.png" />
      <file href="mobile/txt__default_6MXWmFYitLG.png" />
      <file href="mobile/txt__default_6TNKgtel9ye.png" />
      <file href="mobile/txt__default_5kyGL6m5ur2.png" />
      <file href="mobile/txt__default_6LiL9yklFE9.png" />
      <file href="mobile/txt__default_6T14GyZjk2w.png" />
      <file href="mobile/txt__default_5jTp84uzkBM.png" />
      <file href="mobile/txt__default_6hBYQ8Q0Hbj.png" />
      <file href="mobile/txt__default_6Tht4kSJ08g.png" />
      <file href="mobile/txt__default_5pqgT2Dmggy.png" />
      <file href="mobile/txt__default_6N6SAY83k3V.png" />
      <file href="mobile/txt__default_5vXuHHyBgrw.png" />
      <file href="mobile/txt__default_5aMUgPlXB1c.png" />
      <file href="mobile/txt__default_659gJ2y7kBb.png" />
      <file href="mobile/txt__default_6XTj0dngp3M.png" />
      <file href="mobile/Shape6DMnpEP75hN.png" />
      <file href="mobile/Shape5uU41oAp3zQ.png" />
      <file href="mobile/Shape5aK1EE9EF52.png" />
      <file href="mobile/Shape5W7iXO5jx6k.png" />
      <file href="mobile/Shape6KgllEw2iGl.png" />
      <file href="mobile/Shape6Dt7rE06IJH.png" />
      <file href="mobile/Shape5jrIPwpq78H.png" />
      <file href="mobile/Shape6Hj11jOpcNn.png" />
      <file href="mobile/Shape6Rwftl7qKo3.png" />
      <file href="mobile/Shape6Qr8WhqUedf.png" />
      <file href="mobile/Shape66RyheaejEd.png" />
      <file href="mobile/txt__default_5i363JQyUVW.png" />
      <file href="mobile/txt__default_6Cy1Fezfh5N.png" />
      <file href="mobile/txt__default_6icF3iLS3Sl.png" />
      <file href="mobile/txt__default_6ncGApRqumr.png" />
      <file href="mobile/txt__default_6rh1YIihWjf.png" />
      <file href="mobile/txt__default_6Aa7FtJWYKG.png" />
      <file href="mobile/txt__default_6QlYD2Uaffw.png" />
      <file href="mobile/txt__default_5vTU9WxKYH9.png" />
      <file href="mobile/txt__default_6nVOjlv9yEr.png" />
      <file href="mobile/txt__default_6BsE2GtcSbc.png" />
      <file href="mobile/txt__default_5dxzju1wodM.png" />
      <file href="mobile/txt__default_65CJCh9AcTh.png" />
      <file href="mobile/txt__default_6pPmPTHMWIQ.png" />
      <file href="mobile/txt__default_6U2UquwzYzg.png" />
      <file href="mobile/Shape5dcrb1dGX0Y.png" />
      <file href="mobile/txt__default_5znP16L8rLw.png" />
      <file href="mobile/txt__default_6VcCcQocpLm.png" />
      <file href="mobile/txt__default_6YuvhQJY3xI.png" />
      <file href="mobile/txt__default_69eBeZ8s3oP.png" />
      <file href="mobile/txt__default_6O2WHWK9GYo.png" />
      <file href="mobile/txt__default_5Wy6043VaVi.png" />
      <file href="mobile/txt__default_6YrKQ5pRmB8.png" />
      <file href="mobile/txt__default_5soPayKko5e.png" />
      <file href="mobile/txt__default_6Ke7N9DZ9zr.png" />
      <file href="mobile/txt__default_6FxBFtNf79e.png" />
      <file href="mobile/txt__default_6QbzdJO5T0b.png" />
      <file href="mobile/txt__default_6AkN8HWXMNM.png" />
      <file href="mobile/txt__default_6r3uFbvq5wa.png" />
      <file href="mobile/txt__default_6rFanLCsgtN.png" />
      <file href="mobile/txt__default_5iZypwXl7G1.png" />
      <file href="mobile/txt__default_6IRXfI7LgGO.png" />
      <file href="mobile/txt__default_5gJoaHeumdK.png" />
      <file href="mobile/txt__default_5ZI4qXLVxML.png" />
      <file href="mobile/txt__default_6OQEToeMzeQ.png" />
      <file href="mobile/txt__default_5pciPHml11p.png" />
      <file href="mobile/txt__default_5X4Gl2JA0bg.png" />
      <file href="mobile/txt__default_6mx9mU4u4W8.png" />
      <file href="mobile/txt__default_6p0etR6tTnp.png" />
      <file href="mobile/txt__default_5X3LBFHSs4R.png" />
      <file href="mobile/txt__default_6hO2X7u03aG.png" />
      <file href="mobile/txt__default_5WPDKTAnq5c.png" />
      <file href="mobile/txt__default_5fXW5Xjxa8M.png" />
      <file href="mobile/txt__default_5qXKsreVmK0.png" />
      <file href="mobile/txt__default_6HhsTkZuFiY.png" />
      <file href="mobile/txt__default_5myDG3f7xWB.png" />
      <file href="mobile/txt__default_5YEW7nuXYy5.png" />
      <file href="mobile/txt__default_5ofdPgdSgD9.png" />
      <file href="mobile/txt__default_63GxHgcu0dy.png" />
      <file href="mobile/txt__default_6SuXHzmb5b6.png" />
      <file href="story.swf" />
      <file href="story_content/frame.swf" />
      <file href="story_content/slides/6rMp2Eq6Luh.swf" />
      <file href="story_content/slides/6nkWAMKqPfI.swf" />
      <file href="story_content/slides/5oV8R2EdXCo.swf" />
      <file href="story_content/slides/66TItNw2kYS.swf" />
      <file href="story_content/slides/68dN4BINFBu.swf" />
      <file href="story_content/slides/642Ema5GNpU.swf" />
      <file href="story_content/slides/6rPmg02ExNb.swf" />
      <file href="story_content/slides/6lojmZuX2EL.swf" />
      <file href="story_content/slides/5dWmRYCEDMj.swf" />
      <file href="story_content/slides/5cOxLgkyGHp.swf" />
      <file href="story_content/slides/6nPhNdLgGRD.swf" />
      <file href="story_content/slides/5VXRwg8dMBe.swf" />
      <file href="story_content/slides/6nptDP71er8.swf" />
      <file href="story_content/slides/6Sg8aNbRorh.swf" />
      <file href="story_content/slides/5mzYEWlQt6O.swf" />
      <file href="story_content/slides/5zi2R9UYkOc.swf" />
      <file href="story_content/slides/5q8Pbd2oqBD.swf" />
      <file href="story_content/slides/6n3biYNbBlZ.swf" />
      <file href="story_content/slides/6l1bdFuTTvx.swf" />
      <file href="story_content/slides/5mXzZq94DQw.swf" />
      <file href="story_content/slides/6cnHShcRUWg.swf" />
      <file href="story_content/slides/6ZkbRuO5V8v.swf" />
      <file href="story_content/slides/6bkI4rn6mzm.swf" />
      <file href="story_content/slides/6HIQD0KO2SB.swf" />
      <file href="story_content/slides/5oszHHrf6y5.swf" />
      <file href="story_content/slides/60DGV0VqPi4.swf" />
      <file href="story_content/slides/62P0ZwpMXcO.swf" />
      <file href="story_content/slides/6ZO463zkyRW.swf" />
      <file href="story_content/slides/6NVgWrrq68k.swf" />
      <file href="story_content/slides/5xVvzd0k2Ai.swf" />
      <file href="story_content/slides/6rdTEhVZ2Ey.swf" />
      <file href="story_content/slides/64VdX8UDeeD.swf" />
      <file href="story_content/slides/5huIrS4noLh.swf" />
      <file href="story_content/slides/6U2H9uqgv8F.swf" />
      <file href="story_content/slides/6Qqbc0jvYqy.swf" />
      <file href="story_content/slides/6YLHWQQ5JwL.swf" />
      <file href="story_content/slides/63fj1HNF9Dg.swf" />
      <file href="story_content/slides/61pZzi6rAaO.swf" />
      <file href="story_content/slides/6Na4XQv04t4.swf" />
      <file href="story_content/slides/6PWhYdZeVBz.swf" />
      <file href="story_content/slides/5flHUytwk92.swf" />
      <file href="story_content/slides/6Iw23INIOar.swf" />
      <file href="story_content/slides/5lzs9ygB8sB.swf" />
      <file href="story_content/slides/6oRuXzkwYT9.swf" />
      <file href="story_content/slides/5VbG8qqLo6x.swf" />
      <file href="story_content/slides/5XHpvAhb6xc.swf" />
      <file href="story_content/slides/5Z4JANeJO2b.swf" />
      <file href="story_content/slides/6lpF7iUcfg6.swf" />
      <file href="story_content/slides/6JfPa8sP6Lg.swf" />
      <file href="story_content/slides/5y4SxMOUvlY.swf" />
      <file href="story_content/slides/6IRTY7pdMUB.swf" />
      <file href="story_content/slides/613CCGkchGZ.swf" />
      <file href="story_content/slides/6mu9Zxt8TcP.swf" />
      <file href="story_content/slides/6qtMbwdaEwO.swf" />
      <file href="story_content/slides/6OfbkttL8fi.swf" />
      <file href="story_content/slides/6eHnZUS3SUZ.swf" />
      <file href="story_content/data.swf" />
      <file href="html5/lib/scripts/ds-frame.desktop.min.js" />
      <file href="html5/lib/scripts/ds-slides.min.js" />
      <file href="html5/lib/scripts/ds-frame.mobile.min.js" />
      <file href="html5/lib/scripts/ds-bootstrap.min.js" />
      <file href="html5/lib/stylesheets/mobile.min.css" />
      <file href="html5/lib/stylesheets/desktop.min.css" />
      <file href="html5/lib/stylesheets/mobile-fonts/open-sans-light.woff" />
      <file href="html5/lib/stylesheets/mobile-fonts/open-sans-bold.woff" />
      <file href="html5/lib/stylesheets/mobile-fonts/open-sans-regular.woff" />
      <file href="html5/data/css/output.min.css" />
      <file href="html5/data/js/6ZO463zkyRW.js" />
      <file href="html5/data/js/6eHnZUS3SUZ.js" />
      <file href="html5/data/js/6nptDP71er8.js" />
      <file href="html5/data/js/6l1bdFuTTvx.js" />
      <file href="html5/data/js/5dWmRYCEDMj.js" />
      <file href="html5/data/js/6NVgWrrq68k.js" />
      <file href="html5/data/js/6IRTY7pdMUB.js" />
      <file href="html5/data/js/6Sg8aNbRorh.js" />
      <file href="html5/data/js/63fj1HNF9Dg.js" />
      <file href="html5/data/js/60DGV0VqPi4.js" />
      <file href="html5/data/js/5VbG8qqLo6x.js" />
      <file href="html5/data/js/6OfbkttL8fi.js" />
      <file href="html5/data/js/5oV8R2EdXCo.js" />
      <file href="html5/data/js/5mzYEWlQt6O.js" />
      <file href="html5/data/js/6Na4XQv04t4.js" />
      <file href="html5/data/js/5mXzZq94DQw.js" />
      <file href="html5/data/js/6qtMbwdaEwO.js" />
      <file href="html5/data/js/6YLHWQQ5JwL.js" />
      <file href="html5/data/js/68dN4BINFBu.js" />
      <file href="html5/data/js/6lpF7iUcfg6.js" />
      <file href="html5/data/js/642Ema5GNpU.js" />
      <file href="html5/data/js/6cnHShcRUWg.js" />
      <file href="html5/data/js/62P0ZwpMXcO.js" />
      <file href="html5/data/js/5huIrS4noLh.js" />
      <file href="html5/data/js/6nPhNdLgGRD.js" />
      <file href="html5/data/js/6PWhYdZeVBz.js" />
      <file href="html5/data/js/6bkI4rn6mzm.js" />
      <file href="html5/data/js/paths.js" />
      <file href="html5/data/js/5cOxLgkyGHp.js" />
      <file href="html5/data/js/64VdX8UDeeD.js" />
      <file href="html5/data/js/6n3biYNbBlZ.js" />
      <file href="html5/data/js/5oszHHrf6y5.js" />
      <file href="html5/data/js/6ZkbRuO5V8v.js" />
      <file href="html5/data/js/6rMp2Eq6Luh.js" />
      <file href="html5/data/js/5XHpvAhb6xc.js" />
      <file href="html5/data/js/5VXRwg8dMBe.js" />
      <file href="html5/data/js/5lzs9ygB8sB.js" />
      <file href="html5/data/js/6U2H9uqgv8F.js" />
      <file href="html5/data/js/5zi2R9UYkOc.js" />
      <file href="html5/data/js/6JfPa8sP6Lg.js" />
      <file href="html5/data/js/613CCGkchGZ.js" />
      <file href="html5/data/js/6lojmZuX2EL.js" />
      <file href="html5/data/js/data.js" />
      <file href="html5/data/js/5y4SxMOUvlY.js" />
      <file href="html5/data/js/61pZzi6rAaO.js" />
      <file href="html5/data/js/6Iw23INIOar.js" />
      <file href="html5/data/js/5Z4JANeJO2b.js" />
      <file href="html5/data/js/6nkWAMKqPfI.js" />
      <file href="html5/data/js/5xVvzd0k2Ai.js" />
      <file href="html5/data/js/5flHUytwk92.js" />
      <file href="html5/data/js/6mu9Zxt8TcP.js" />
      <file href="html5/data/js/5q8Pbd2oqBD.js" />
      <file href="html5/data/js/6rdTEhVZ2Ey.js" />
      <file href="html5/data/js/6oRuXzkwYT9.js" />
      <file href="html5/data/js/frame.js" />
      <file href="html5/data/js/6Qqbc0jvYqy.js" />
      <file href="html5/data/js/66TItNw2kYS.js" />
      <file href="html5/data/js/6rPmg02ExNb.js" />
      <file href="html5/data/js/6HIQD0KO2SB.js" />
      <file href="analytics-frame.html" />
      <file href="story.html" />
      <file href="story_html5.html" />
      <file href="story_flash.html" />
      <file href="story_content/story.js" />
      <file href="story_content/blank.html" />
      <file href="index_lms.html" />
      <file href="index_lms_html5.html" />
      <file href="index_lms_flash.html" />
      <file href="lms/AICCComm.html" />
      <file href="lms/AICCFunctions.js" />
      <file href="lms/API.js" />
      <file href="lms/APIConstants.js" />
      <file href="lms/blank.html" />
      <file href="lms/browsersniff.js" />
      <file href="lms/Configuration.js" />
      <file href="lms/goodbye.html" />
      <file href="lms/lms.js" />
      <file href="lms/LMSAPI.js" />
      <file href="lms/NONEFunctions.js" />
      <file href="lms/SCORM2004Functions.js" />
      <file href="lms/SCORMFunctions.js" />
      <file href="lms/UtilityFunctions.js" />
    </resource>
  </resources>
</manifest>