﻿<?xml version="1.0" encoding="utf-8"?>
<manifest identifier="_6AOZ5kzju33_course_id" version="1.0" xmlns="http://www.imsproject.org/xsd/imscp_rootv1p1p2" xmlns:adlcp="http://www.adlnet.org/xsd/adlcp_rootv1p2" xmlns:xsi="http://www.w3.org/2001/XMLSchema-instance" xsi:schemaLocation="http://www.imsproject.org/xsd/imscp_rootv1p1p2 imscp_rootv1p1p2.xsd http://www.imsglobal.org/xsd/imsmd_rootv1p2p1 imsmd_rootv1p2p1.xsd http://www.adlnet.org/xsd/adlcp_rootv1p2 adlcp_rootv1p2.xsd">
  <metadata>
    <schema>ADL SCORM</schema>
    <schemaversion>1.2</schemaversion>
    <lom xmlns="http://www.imsglobal.org/xsd/imsmd_rootv1p2p1" xmlns:xsi="http://www.w3.org/2001/XMLSchema-instance" xsi:schemaLocation="http://www.imsglobal.org/xsd/imsmd_rootv1p2p1 imsmd_rootv1p2p1.xsd">
      <general>
        <title>
          <langstring xml:lang="x-none">RSA-Verschlüsselung</langstring>
        </title>
      </general>
      <lifecycle>
        <version>
          <langstring xml:lang="x-none">1</langstring>
        </version>
        <status>
          <source>
            <langstring xml:lang="x-none">LOMv1.0</langstring>
          </source>
          <value>
            <langstring xml:lang="x-none">Final</langstring>
          </value>
        </status>
      </lifecycle>
      <metametadata>
        <metadatascheme>ADL SCORM 1.2</metadatascheme>
      </metametadata>
      <educational>
        <typicallearningtime>
          <datetime>PT0H0M0S</datetime>
        </typicallearningtime>
      </educational>
      <rights>
        <cost>
          <source>
            <langstring xml:lang="x-none">LOMv1.0</langstring>
          </source>
          <value>
            <langstring xml:lang="x-none">yes</langstring>
          </value>
        </cost>
        <copyrightandotherrestrictions>
          <source>
            <langstring xml:lang="x-none">LOMv1.0</langstring>
          </source>
          <value>
            <langstring xml:lang="x-none">yes</langstring>
          </value>
        </copyrightandotherrestrictions>
      </rights>
    </lom>
  </metadata>
  <organizations default="RSA-Verschlüsselung_ORG">
    <organization identifier="RSA-Verschlüsselung_ORG">
      <title>RSA-Verschlüsselung</title>
      <item identifier="Storyline_SCO" isvisible="true" identifierref="__6AOZ5kzju33_course_id_RES">
        <title>RSA-Verschlüsselung</title>
      </item>
    </organization>
  </organizations>
  <resources>
    <resource identifier="__6AOZ5kzju33_course_id_RES" type="webcontent" href="index_lms.html" adlcp:scormtype="sco">
      <file href="story_content/thumbnail.jpg" />
      <file href="mobile/6UxvC8hP3GL_80_DX566_DY566_CX445_CY267.jpg" />
      <file href="mobile/6H8479gq3eF_80_DX294_DY294_CX73_CY229.png" />
      <file href="mobile/5elRobEZsXb_80_DX294_DY294_CX73_CY229.png" />
      <file href="mobile/64GS0UmrLon_80_DX294_DY294_CX73_CY229.png" />
      <file href="mobile/5ac3c9tnVYQ_80_DX290_DY290_CX80_CY228.png" />
      <file href="mobile/5ilOkQYa661_80_DX294_DY294_CX81_CY228.png" />
      <file href="mobile/6opExegUGcv_80_DX294_DY294_CX81_CY228.png" />
      <file href="mobile/5gb1Cvv2d7b_80_DX294_DY294_CX81_CY228.png" />
      <file href="mobile/5wRBE20NSGu_80_DX294_DY294_CX81_CY228.png" />
      <file href="mobile/5u3RR0bWNq8_80_DX292_DY292_CX153_CY229.jpg" />
      <file href="mobile/6HCh9Iml8bE_80_DX290_DY290_CX76_CY228.png" />
      <file href="mobile/63cAME1DoFm_80_DX494_DY494_CX388_CY155.jpg" />
      <file href="mobile/6EvHW1e7sDS_80_DX276_DY276_CX216_CY146.png" />
      <file href="mobile/6ITsp1GU2fW_80_DX308_DY308_CX241_CY169.jpg" />
      <file href="mobile/5jnP5shaO51_80_DX448_DY448_CX242_CY138.png" />
      <file href="mobile/6bfHysLimCM_80_DX278_DY278_CX117_CY181.png" />
      <file href="mobile/6bfHysLimCM_80_DX278_DY278_CX141_CY218.png" />
      <file href="mobile/5jnP5shaO51_80_DX448_DY448_CX352_CY201.png" />
      <file href="mobile/5nIQOsx3DHh_80_DX498_DY498_CX391_CY277.jpg" />
      <file href="mobile/5sqt5ulxlaD_80_DX88_DY88_CX56_CY31.png" />
      <file href="mobile/6EEJT9B6jFt_80_DX86_DY86_CX55_CY38.png" />
      <file href="mobile/5qzfmffXgRA_80_DX356_DY356_CX78_CY276.png" />
      <file href="mobile/5tMVEFUotdT_80_DX356_DY356_CX89_CY280.png" />
      <file href="mobile/67EnJaTuURx_80_DX356_DY356_CX94_CY280.png" />
      <file href="mobile/6dXq5h84F0r_80_DX356_DY356_CX189_CY280.png" />
      <file href="mobile/6gH38UZUMoh_80_DX356_DY356_CX133_CY280.png" />
      <file href="mobile/5ayOGhbD0au_80_DX356_DY356_CX89_CY280.png" />
      <file href="mobile/5ayOGhbD0au_80_DX356_DY356_CX81_CY256.png" />
      <file href="mobile/685ft5crcbn_80_DX332_DY332_CX81_CY256.png" />
      <file href="mobile/5dIIT0i3Thu_80_DX332_DY332_CX81_CY256.png" />
      <file href="mobile/6FQEauZFxLF_80_DX536_DY536_CX310_CY162.jpg" />
      <file href="mobile/6JJ66FYqsWq_80_DX238_DY238_CX60_CY187.png" />
      <file href="mobile/6l9cuWlJIZV_80_DX238_DY238_CX60_CY187.png" />
      <file href="mobile/6pwYrIAVfb6_80_DX234_DY234_CX65_CY184.png" />
      <file href="mobile/5uaKhyXZmBR_80_DX352_DY352_CX277_CY50.png" />
      <file href="mobile/68vXfU6sNpQ_80_DX412_DY412_CX272_CY52.png" />
      <file href="mobile/68vXfU6sNpQ_80_P_125_0_139_52_DX412_DY412_CX140_CY52.png" />
      <file href="mobile/6rb78R0U5gB_80_DX188_DY188_CX118_CY51.png" />
      <file href="mobile/5V1uTdCfZcG_80_DX400_DY400_CX223_CY23.png" />
      <file href="mobile/6bJJAgFMCNJ_80_DX290_DY290_CX192_CY228.jpg" />
      <file href="mobile/6awzwPooDl8_80_DX170_DY170_CX100_CY43.png" />
      <file href="mobile/6k3JHg9YYLN_80_DX360_DY360_CX195_CY43.png" />
      <file href="mobile/6EcSXheWc4Y_80_DX546_DY546_CX338_CY57.png" />
      <file href="mobile/5t6Q6NRoRXI_80_DX352_DY352_CX176_CY57.png" />
      <file href="meta.xml" />
      <file href="story_content/user.js" />
      <file href="mobile/Shape6m2dc9RrHLo.png" />
      <file href="mobile/Shape6ZXOzFiEbV6.png" />
      <file href="mobile/Shape6CR6XhvSB55.png" />
      <file href="mobile/Shape5mG43kHVbeW.png" />
      <file href="mobile/Shape5p6Ab7e296W.png" />
      <file href="mobile/Shape6PdNP6KkwIo.png" />
      <file href="mobile/Shape5xz0JaCxftS.png" />
      <file href="mobile/Shape5nbPUdUyFio.png" />
      <file href="mobile/Shape6pJGCKTaSvp.png" />
      <file href="mobile/Shape64yl0gkPghi.png" />
      <file href="mobile/Shape6qbTIODEILC.png" />
      <file href="mobile/Shape6YdGHnQ7ICZ.png" />
      <file href="mobile/txt__default_5xeu0cMH46y.png" />
      <file href="mobile/txt__default_5qJDKsIpWsY.png" />
      <file href="mobile/txt__default_5pLcffrdmvI.png" />
      <file href="mobile/txt__default_6VkaPxsm8uY.png" />
      <file href="mobile/txt__default_6INIYmmeYnO.png" />
      <file href="mobile/txt__default_612QYmyU3Jl.png" />
      <file href="mobile/txt__default_6goZvHyQsE3.png" />
      <file href="mobile/txt__default_6RCtPJm4aMJ.png" />
      <file href="mobile/txt__default_5z5iCEggY7N.png" />
      <file href="html5/lib/scripts/app.min.js" />
      <file href="html5/lib/stylesheets/main.min.css" />
      <file href="html5/lib/stylesheets/mobile-fonts/open-sans-light.woff" />
      <file href="html5/lib/stylesheets/mobile-fonts/open-sans-bold.woff" />
      <file href="html5/lib/stylesheets/mobile-fonts/open-sans-regular.woff" />
      <file href="html5/data/css/output.min.css" />
      <file href="html5/data/js/5docOYiu7VS.js" />
      <file href="html5/data/js/5fCeJzs618N.js" />
      <file href="html5/data/js/6pI0xC0m8FR.js" />
      <file href="html5/data/js/5rxZkGAC11M.js" />
      <file href="html5/data/js/6hlHPpwnmRD.js" />
      <file href="html5/data/js/6TdvcsNEdRf.js" />
      <file href="html5/data/js/6YzyQqrP0FT.js" />
      <file href="html5/data/js/6mIsTGoNJLF.js" />
      <file href="html5/data/js/6fuxVqe41pd.js" />
      <file href="html5/data/js/6gonHBfFPBi.js" />
      <file href="html5/data/js/5kb6ij2fMeA.js" />
      <file href="html5/data/js/6FM6V6iL5fx.js" />
      <file href="html5/data/js/5ueqjlSkUEV.js" />
      <file href="html5/data/js/6YJC1KLR51F.js" />
      <file href="html5/data/js/paths.js" />
      <file href="html5/data/js/5xxpn0IX3Fa.js" />
      <file href="html5/data/js/6b9YLpMYrC8.js" />
      <file href="html5/data/js/60fveiS6zSg.js" />
      <file href="html5/data/js/5p7rugl7Cpb.js" />
      <file href="html5/data/js/6QYy7C8fvoN.js" />
      <file href="html5/data/js/5h5odu6IPVI.js" />
      <file href="html5/data/js/64R79GEjOEi.js" />
      <file href="html5/data/js/6dlptohC6sW.js" />
      <file href="html5/data/js/5isxs2sJqUS.js" />
      <file href="html5/data/js/6m5PfBsosdU.js" />
      <file href="html5/data/js/5wQ3xqM4NRZ.js" />
      <file href="html5/data/js/6qkQggzZMy1.js" />
      <file href="html5/data/js/6Py3hFdlGvV.js" />
      <file href="html5/data/js/5iFOWt8812W.js" />
      <file href="html5/data/js/6nSCTou7gci.js" />
      <file href="html5/data/js/6gQwVRaCT5G.js" />
      <file href="html5/data/js/data.js" />
      <file href="html5/data/js/6jlwPTJIjoz.js" />
      <file href="html5/data/js/5rt6u9fspFR.js" />
      <file href="html5/data/js/5VJza1WCpvw.js" />
      <file href="html5/data/js/6TE9YlQ8tgD.js" />
      <file href="html5/data/js/6LhEDDRj29D.js" />
      <file href="html5/data/js/5bxUTADIiQc.js" />
      <file href="html5/data/js/67V374RFkDG.js" />
      <file href="html5/data/js/6Qp0RExA0Pq.js" />
      <file href="html5/data/js/5zYVfAUMnpu.js" />
      <file href="html5/data/js/frame.js" />
      <file href="html5/data/js/64smSbiRzgB.js" />
      <file href="html5/data/js/5a6D8nNNuaQ.js" />
      <file href="story.html" />
      <file href="story_html5.html" />
      <file href="analytics-frame.html" />
      <file href="story_content/blank.html" />
      <file href="story_content/story.js" />
      <file href="index_lms.html" />
      <file href="index_lms_html5.html" />
      <file href="lms/AICCComm.html" />
      <file href="lms/AICCFunctions.js" />
      <file href="lms/API.js" />
      <file href="lms/APIConstants.js" />
      <file href="lms/blank.html" />
      <file href="lms/browsersniff.js" />
      <file href="lms/Configuration.js" />
      <file href="lms/goodbye.html" />
      <file href="lms/lms.js" />
      <file href="lms/LMSAPI.js" />
      <file href="lms/NONEFunctions.js" />
      <file href="lms/SCORM2004Functions.js" />
      <file href="lms/SCORMFunctions.js" />
      <file href="lms/UtilityFunctions.js" />
    </resource>
  </resources>
</manifest>