<?xml version="1.0" encoding="utf-8"?>
<bwFrame xmlns:xsi="http://www.w3.org/2001/XMLSchema-instance" xmlns:xsd="http://www.w3.org/2001/XMLSchema" default_layout="pxabnsnfns00000000001" textdirection="ltr" device="false" fontscale="100" kbshortcuts="false" skip_nav_enabled="true" chromeless="false" outputtype="undefined" theme="unified">
  <layouts>
    <layout name="npnxnanbsnfns00000000001" font="Lato" controllayout="npnxnanbsnfns00000000001" colorscheme="pxabnsnfns00000000001" string_table="pxabnsnfns00000000001" />
    <layout name="pxabnsnfns00000000001" font="Lato" controllayout="pxabnsnfns00000000001" colorscheme="pxabnsnfns00000000001" string_table="pxabnsnfns00000000001" />
    <layout name="npxnabnsnfns00000000001" font="Lato" controllayout="npxnabnsnfns00000000001" colorscheme="pxabnsnfns00000000001" string_table="pxabnsnfns00000000001" />
    <layout name="npnxnanbnsnfns00000000001" font="Lato" controllayout="npnxnanbnsnfns00000000001" colorscheme="pxabnsnfns00000000001" string_table="pxabnsnfns00000000001" />
    <layout name="pxabnsnfns00000000000" font="Lato" controllayout="pxabnsnfns00000000000" colorscheme="pxabnsnfns00000000001" string_table="pxabnsnfns00000000001" />
    <layout name="pnxanbnsnfns00000000001" font="Lato" controllayout="pnxanbnsnfns00000000001" colorscheme="pxabnsnfns00000000001" string_table="pxabnsnfns00000000001" />
    <layout name="npxnanbnsnfns00000000001" font="Lato" controllayout="npxnanbnsnfns00000000001" colorscheme="pxabnsnfns00000000001" string_table="pxabnsnfns00000000001" />
  </layouts>
  <control_options>
    <optiongroups>
      <optiongroup name="sidebaroptions">
        <options>
          <option name="title_enabled" value="true">
            <options>
              <option name="title_text" value="Prinzip der minimalen Hilfe" />
            </options>
          </option>
          <option name="logo_enabled" value="false">
            <options />
          </option>
          <option name="sidebar_enabled" value="false">
            <options>
              <option name="sidebarpos" value="left" />
            </options>
          </option>
          <optionlist name="tabs">
            <listitems>
              <listitem name="resources" value="false" group="linkright" />
              <listitem name="outline" value="false" group="sidebar" />
              <listitem name="glossary" value="false" group="sidebar" />
              <listitem name="transcript" value="false" group="sidebar" />
            </listitems>
          </optionlist>
          <option name="time_enabled" value="false">
            <options>
              <option name="time_format" value="" />
            </options>
          </option>
          <option name="video_enabled" value="false">
            <options>
              <option name="height" value="135" />
            </options>
          </option>
        </options>
      </optiongroup>
      <optiongroup name="menuoptions">
        <options>
          <option name="flow" value="free" />
          <option name="wraplistitems" value="false" />
          <option name="tooltips" value="true" />
          <option name="autocollapse" value="true" />
          <option name="autonumber" value="false" />
          <option name="enableresultsicons" value="true" />
        </options>
      </optiongroup>
      <optiongroup name="controls">
        <options>
          <option name="volume" value="false" />
          <option name="seekbar" value="false">
            <options>
              <option name="readonly" value="false" />
              <option name="readonlyOnce" value="false" />
            </options>
          </option>
          <option name="search" value="false" />
          <option name="pauseplay" value="false" />
          <option name="replay" value="false" />
          <option name="closed_captions" value="false">
            <options>
              <option name="font" value="Lato" />
            </options>
          </option>
        </options>
      </optiongroup>
      <optiongroup name="bottombaroptions">
        <options>
          <option name="bottombar_enabled" value="true" />
        </options>
      </optiongroup>
      <optiongroup name="buttonoptions">
        <options>
          <option name="next" value="icontext" />
          <option name="previous" value="icontext" />
          <option name="submit" value="icontext" />
        </options>
      </optiongroup>
    </optiongroups>
  </control_options>
  <control_layouts>
    <control_layout name="npnxnanbsnfns00000000001">
      <control name="volume" enabled="false" />
      <control name="seekbar" enabled="false" />
      <control name="replay" enabled="false" />
      <control name="pauseplay" enabled="false" />
      <control name="logo" enabled="false" />
      <control name="previous" enabled="false" />
      <control name="next" enabled="false" />
      <control name="swipeleft" enabled="false" />
      <control name="swiperight" enabled="false" />
      <control name="submit" enabled="true" />
      <control name="finish" enabled="false" />
      <control name="submitall" enabled="false" />
      <control name="resources" enabled="false" />
      <control name="glossary" enabled="false" />
      <control name="transcript" enabled="false" />
      <control name="outline" enabled="false">
        <controls>
          <control name="search" enabled="false" />
        </controls>
      </control>
      <control name="close_btn" enabled="true" />
    </control_layout>
    <control_layout name="pxabnsnfns00000000001">
      <control name="volume" enabled="false" />
      <control name="seekbar" enabled="false" />
      <control name="replay" enabled="false" />
      <control name="pauseplay" enabled="false" />
      <control name="logo" enabled="false" />
      <control name="previous" enabled="true" />
      <control name="next" enabled="true" />
      <control name="swipeleft" enabled="true" />
      <control name="swiperight" enabled="true" />
      <control name="submit" enabled="false" />
      <control name="finish" enabled="false" />
      <control name="submitall" enabled="false" />
      <control name="resources" enabled="false" />
      <control name="glossary" enabled="false" />
      <control name="transcript" enabled="false" />
      <control name="outline" enabled="false">
        <controls>
          <control name="search" enabled="false" />
        </controls>
      </control>
      <control name="close_btn" enabled="true" />
    </control_layout>
    <control_layout name="npxnabnsnfns00000000001">
      <control name="volume" enabled="false" />
      <control name="seekbar" enabled="false" />
      <control name="replay" enabled="false" />
      <control name="pauseplay" enabled="false" />
      <control name="logo" enabled="false" />
      <control name="previous" enabled="false" />
      <control name="next" enabled="true" />
      <control name="swipeleft" enabled="false" />
      <control name="swiperight" enabled="true" />
      <control name="submit" enabled="false" />
      <control name="finish" enabled="false" />
      <control name="submitall" enabled="false" />
      <control name="resources" enabled="false" />
      <control name="glossary" enabled="false" />
      <control name="transcript" enabled="false" />
      <control name="outline" enabled="false">
        <controls>
          <control name="search" enabled="false" />
        </controls>
      </control>
      <control name="close_btn" enabled="true" />
    </control_layout>
    <control_layout name="npnxnanbnsnfns00000000001">
      <control name="volume" enabled="false" />
      <control name="seekbar" enabled="false" />
      <control name="replay" enabled="false" />
      <control name="pauseplay" enabled="false" />
      <control name="logo" enabled="false" />
      <control name="previous" enabled="false" />
      <control name="next" enabled="false" />
      <control name="swipeleft" enabled="false" />
      <control name="swiperight" enabled="false" />
      <control name="submit" enabled="false" />
      <control name="finish" enabled="false" />
      <control name="submitall" enabled="false" />
      <control name="resources" enabled="false" />
      <control name="glossary" enabled="false" />
      <control name="transcript" enabled="false" />
      <control name="outline" enabled="false">
        <controls>
          <control name="search" enabled="false" />
        </controls>
      </control>
      <control name="close_btn" enabled="true" />
    </control_layout>
    <control_layout name="pxabnsnfns00000000000">
      <control name="volume" enabled="false" />
      <control name="seekbar" enabled="false" />
      <control name="replay" enabled="false" />
      <control name="pauseplay" enabled="false" />
      <control name="logo" enabled="false" />
      <control name="previous" enabled="true" />
      <control name="next" enabled="true" />
      <control name="swipeleft" enabled="true" />
      <control name="swiperight" enabled="true" />
      <control name="submit" enabled="false" />
      <control name="finish" enabled="false" />
      <control name="submitall" enabled="false" />
      <control name="resources" enabled="false" />
      <control name="glossary" enabled="false" />
      <control name="transcript" enabled="false" />
      <control name="outline" enabled="false">
        <controls>
          <control name="search" enabled="false" />
        </controls>
      </control>
      <control name="close_btn" enabled="false" />
    </control_layout>
    <control_layout name="pnxanbnsnfns00000000001">
      <control name="volume" enabled="false" />
      <control name="seekbar" enabled="false" />
      <control name="replay" enabled="false" />
      <control name="pauseplay" enabled="false" />
      <control name="logo" enabled="false" />
      <control name="previous" enabled="true" />
      <control name="next" enabled="false" />
      <control name="swipeleft" enabled="true" />
      <control name="swiperight" enabled="false" />
      <control name="submit" enabled="false" />
      <control name="finish" enabled="false" />
      <control name="submitall" enabled="false" />
      <control name="resources" enabled="false" />
      <control name="glossary" enabled="false" />
      <control name="transcript" enabled="false" />
      <control name="outline" enabled="false">
        <controls>
          <control name="search" enabled="false" />
        </controls>
      </control>
      <control name="close_btn" enabled="true" />
    </control_layout>
    <control_layout name="npxnanbnsnfns00000000001">
      <control name="volume" enabled="false" />
      <control name="seekbar" enabled="false" />
      <control name="replay" enabled="false" />
      <control name="pauseplay" enabled="false" />
      <control name="logo" enabled="false" />
      <control name="previous" enabled="false" />
      <control name="next" enabled="true" />
      <control name="swipeleft" enabled="false" />
      <control name="swiperight" enabled="false" />
      <control name="submit" enabled="false" />
      <control name="finish" enabled="false" />
      <control name="submitall" enabled="false" />
      <control name="resources" enabled="false" />
      <control name="glossary" enabled="false" />
      <control name="transcript" enabled="false" />
      <control name="outline" enabled="false">
        <controls>
          <control name="search" enabled="false" />
        </controls>
      </control>
      <control name="close_btn" enabled="true" />
    </control_layout>
  </control_layouts>
  <colorschemes>
    <colorscheme name="pxabnsnfns00000000001">
      <color_group name="HTML">
        <group_colors>
          <color name="htmlpage_bg_color">
            <fill type="linear" rotation="90">
              <colors>
                <color rgb="0x282828" alpha="100" stop="0" />
              </colors>
            </fill>
          </color>
          <color name="preloader">
            <fill type="linear" rotation="90">
              <colors>
                <color rgb="0xFFFFFF" alpha="100" stop="0" />
              </colors>
            </fill>
          </color>
        </group_colors>
      </color_group>
      <color_group name="infopanel">
        <group_colors>
          <color name="link_text">
            <fill type="linear" rotation="90">
              <colors>
                <color rgb="0xB4B4B4" alpha="100" stop="0" />
              </colors>
            </fill>
          </color>
          <color name="link_hover">
            <fill type="linear" rotation="90">
              <colors>
                <color rgb="0xFFFFFF" alpha="100" stop="0" />
              </colors>
            </fill>
          </color>
          <color name="shadow">
            <fill type="linear" rotation="90">
              <colors>
                <color rgb="0x000000" alpha="0" stop="0" />
              </colors>
            </fill>
          </color>
          <color name="bg">
            <fill type="linear" rotation="90">
              <colors>
                <color rgb="0xFFFFFF" alpha="100" stop="0" />
              </colors>
            </fill>
          </color>
          <color name="name_text">
            <fill type="linear" rotation="90">
              <colors>
                <color rgb="0x444444" alpha="100" stop="0" />
              </colors>
            </fill>
          </color>
          <color name="title_text">
            <fill type="linear" rotation="90">
              <colors>
                <color rgb="0x999999" alpha="100" stop="0" />
              </colors>
            </fill>
          </color>
        </group_colors>
      </color_group>
      <color_group name="infopanelpopup">
        <group_colors>
          <color name="link_text">
            <fill type="linear" rotation="90">
              <colors>
                <color rgb="0xFF0000" alpha="100" stop="0" />
              </colors>
            </fill>
          </color>
          <color name="link_hover">
            <fill type="linear" rotation="90">
              <colors>
                <color rgb="0xFFFFFF" alpha="100" stop="0" />
              </colors>
            </fill>
          </color>
          <color name="bg">
            <fill type="linear" rotation="90">
              <colors>
                <color rgb="0x000000" alpha="0" stop="0" />
              </colors>
            </fill>
          </color>
          <color name="shadow">
            <fill type="linear" rotation="90">
              <colors>
                <color rgb="0x000000" alpha="0" stop="0" />
              </colors>
            </fill>
          </color>
          <color name="name_text">
            <fill type="linear" rotation="90">
              <colors>
                <color rgb="0xFFFFFF" alpha="100" stop="0" />
              </colors>
            </fill>
          </color>
          <color name="bio_text">
            <fill type="linear" rotation="90">
              <colors>
                <color rgb="0xB4B4B4" alpha="100" stop="0" />
              </colors>
            </fill>
          </color>
        </group_colors>
      </color_group>
      <color_group name="timer">
        <group_colors>
          <color name="duration">
            <fill type="linear" rotation="90">
              <colors>
                <color rgb="0x3C3C3C" alpha="100" stop="0" />
              </colors>
            </fill>
          </color>
          <color name="elapsed">
            <fill type="linear" rotation="90">
              <colors>
                <color rgb="0xFEE347" alpha="100" stop="0" />
              </colors>
            </fill>
          </color>
          <color name="stroke">
            <fill type="linear" rotation="90">
              <colors>
                <color rgb="0xC7C7C7" alpha="100" stop="0" />
              </colors>
            </fill>
          </color>
          <color name="inner">
            <fill type="linear" rotation="90">
              <colors>
                <color rgb="0xFFFFFF" alpha="100" stop="0" />
              </colors>
            </fill>
          </color>
          <color name="text">
            <fill type="linear" rotation="90">
              <colors>
                <color rgb="0xB4B4B4" alpha="100" stop="0" />
              </colors>
            </fill>
          </color>
        </group_colors>
      </color_group>
      <color_group name="window">
        <group_colors>
          <color name="text">
            <fill type="linear" rotation="90">
              <colors>
                <color rgb="0xFFFFFF" alpha="100" stop="0" />
              </colors>
            </fill>
          </color>
          <color name="inner">
            <fill type="linear" rotation="90">
              <colors>
                <color rgb="0x316300" alpha="0" stop="0" />
              </colors>
            </fill>
          </color>
          <color name="bg">
            <fill type="linear" rotation="90">
              <colors>
                <color rgb="0x222222" alpha="100" stop="0" />
              </colors>
            </fill>
          </color>
          <color name="diva">
            <fill type="linear" rotation="90">
              <colors>
                <color rgb="0x4E4E4E" alpha="100" stop="0" />
              </colors>
            </fill>
          </color>
          <color name="divb">
            <fill type="linear" rotation="90">
              <colors>
                <color rgb="0x4E4E4E" alpha="0" stop="0" />
              </colors>
            </fill>
          </color>
          <color name="shadow">
            <fill type="linear" rotation="90">
              <colors>
                <color rgb="0x000000" alpha="20" stop="0" />
              </colors>
            </fill>
          </color>
        </group_colors>
      </color_group>
      <color_group name="editor">
        <group_colors>
          <color name="slide_text">
            <fill type="linear" rotation="90">
              <colors>
                <color rgb="0xE2E2E2" alpha="100" stop="0" />
              </colors>
            </fill>
          </color>
          <color name="html_text">
            <fill type="linear" rotation="90">
              <colors>
                <color rgb="0xB4B4B4" alpha="100" stop="0" />
              </colors>
            </fill>
          </color>
          <color name="btn_text_shadow">
            <fill type="linear" rotation="90">
              <colors>
                <color rgb="0x000000" alpha="0" stop="0" />
              </colors>
            </fill>
          </color>
          <color name="btn_text">
            <fill type="linear" rotation="90">
              <colors>
                <color rgb="0xFFFFFF" alpha="100" stop="0" />
              </colors>
            </fill>
          </color>
          <color name="btn_border">
            <fill type="linear" rotation="90">
              <colors>
                <color rgb="0xD3D3D3" alpha="100" stop="0" />
              </colors>
            </fill>
          </color>
          <color name="btn_hover">
            <fill type="linear" rotation="90">
              <colors>
                <color rgb="0x444444" alpha="100" stop="0" />
              </colors>
            </fill>
          </color>
          <color name="btn_down">
            <fill type="linear" rotation="90">
              <colors>
                <color rgb="0x444444" alpha="100" stop="0" />
              </colors>
            </fill>
          </color>
          <color name="btn_bg">
            <fill type="linear" rotation="90">
              <colors>
                <color rgb="0x222222" alpha="100" stop="0" />
              </colors>
            </fill>
          </color>
        </group_colors>
      </color_group>
      <color_group name="listitem">
        <group_colors>
          <color name="scene_text">
            <fill type="linear" rotation="90">
              <colors>
                <color rgb="0xFFFFFF" alpha="100" stop="0" />
              </colors>
            </fill>
          </color>
          <color name="selected_text">
            <fill type="linear" rotation="90">
              <colors>
                <color rgb="0xFFFFFF" alpha="100" stop="0" />
              </colors>
            </fill>
          </color>
          <color name="shadow">
            <fill type="linear" rotation="90">
              <colors>
                <color rgb="0x000000" alpha="0" stop="0" />
              </colors>
            </fill>
          </color>
          <color name="selected">
            <fill type="linear" rotation="90">
              <colors>
                <color rgb="0x212121" alpha="100" stop="0" />
              </colors>
            </fill>
          </color>
          <color name="text">
            <fill type="linear" rotation="90">
              <colors>
                <color rgb="0xB4B4B4" alpha="100" stop="0" />
              </colors>
            </fill>
          </color>
          <color name="viewed">
            <fill type="linear" rotation="90">
              <colors>
                <color rgb="0x555555" alpha="100" stop="0" />
              </colors>
            </fill>
          </color>
          <color name="hover">
            <fill type="linear" rotation="90">
              <colors>
                <color rgb="0x212121" alpha="100" stop="0" />
              </colors>
            </fill>
          </color>
          <color name="lines">
            <fill type="linear" rotation="90">
              <colors>
                <color rgb="0x000000" alpha="0" stop="0" />
              </colors>
            </fill>
          </color>
        </group_colors>
      </color_group>
      <color_group name="glossary">
        <group_colors>
          <color name="selected_text">
            <fill type="linear" rotation="90">
              <colors>
                <color rgb="0xFFFFFF" alpha="100" stop="0" />
              </colors>
            </fill>
          </color>
          <color name="selected">
            <fill type="linear" rotation="90">
              <colors>
                <color rgb="0xFFFFFF" alpha="100" stop="0" />
              </colors>
            </fill>
          </color>
          <color name="text">
            <fill type="linear" rotation="90">
              <colors>
                <color rgb="0xB4B4B4" alpha="100" stop="0" />
              </colors>
            </fill>
          </color>
          <color name="hover">
            <fill type="linear" rotation="90">
              <colors>
                <color rgb="0xB4B4B4" alpha="100" stop="0" />
              </colors>
            </fill>
          </color>
          <color name="heading_text">
            <fill type="linear" rotation="90">
              <colors>
                <color rgb="0xFFFFFF" alpha="100" stop="0" />
              </colors>
            </fill>
          </color>
          <color name="diva">
            <fill type="linear" rotation="90">
              <colors>
                <color rgb="0x000000" alpha="0" stop="0" />
              </colors>
            </fill>
          </color>
          <color name="divb">
            <fill type="linear" rotation="90">
              <colors>
                <color rgb="0x000000" alpha="0" stop="0" />
              </colors>
            </fill>
          </color>
          <color name="divc">
            <fill type="linear" rotation="90">
              <colors>
                <color rgb="0x000000" alpha="0" stop="0" />
              </colors>
            </fill>
          </color>
          <color name="bg">
            <fill type="linear" rotation="90">
              <colors>
                <color rgb="0x000000" alpha="0" stop="0" />
              </colors>
            </fill>
          </color>
        </group_colors>
      </color_group>
      <color_group name="resource">
        <group_colors>
          <color name="separator">
            <fill type="linear" rotation="90">
              <colors>
                <color rgb="0x000000" alpha="0" stop="0" />
              </colors>
            </fill>
          </color>
          <color name="hover">
            <fill type="linear" rotation="90">
              <colors>
                <color rgb="0x404040" alpha="100" stop="0" />
              </colors>
            </fill>
          </color>
        </group_colors>
      </color_group>
      <color_group name="outline">
        <group_colors>
          <color name="search_hover">
            <fill type="linear" rotation="90">
              <colors>
                <color rgb="0x000000" alpha="0" stop="0" />
              </colors>
            </fill>
          </color>
          <color name="search_text">
            <fill type="linear" rotation="90">
              <colors>
                <color rgb="0x2D2D2D" alpha="100" stop="0" />
              </colors>
            </fill>
          </color>
          <color name="divc">
            <fill type="linear" rotation="90">
              <colors>
                <color rgb="0x000000" alpha="0" stop="0" />
              </colors>
            </fill>
          </color>
          <color name="divb">
            <fill type="linear" rotation="90">
              <colors>
                <color rgb="0x000000" alpha="0" stop="0" />
              </colors>
            </fill>
          </color>
          <color name="diva">
            <fill type="linear" rotation="90">
              <colors>
                <color rgb="0x000000" alpha="0" stop="0" />
              </colors>
            </fill>
          </color>
        </group_colors>
      </color_group>
      <color_group name="transcript">
        <group_colors>
          <color name="heading_text">
            <fill type="linear" rotation="90">
              <colors>
                <color rgb="0xFFFFFF" alpha="100" stop="0" />
              </colors>
            </fill>
          </color>
          <color name="div">
            <fill type="linear" rotation="90">
              <colors>
                <color rgb="0x000000" alpha="0" stop="0" />
              </colors>
            </fill>
          </color>
        </group_colors>
      </color_group>
      <color_group name="tabs">
        <group_colors>
          <color name="shadow">
            <fill type="linear" rotation="90">
              <colors>
                <color rgb="0x000000" alpha="0" stop="0" />
              </colors>
            </fill>
          </color>
          <color name="hover">
            <fill type="linear" rotation="90">
              <colors>
                <color rgb="0xFFFFFF" alpha="100" stop="0" />
              </colors>
            </fill>
          </color>
          <color name="selected">
            <fill type="linear" rotation="90">
              <colors>
                <color rgb="0xFFFFFF" alpha="100" stop="0" />
              </colors>
            </fill>
          </color>
          <color name="text">
            <fill type="linear" rotation="90">
              <colors>
                <color rgb="0xB4B4B4" alpha="100" stop="0" />
              </colors>
            </fill>
          </color>
          <color name="bg">
            <fill type="linear" rotation="90">
              <colors>
                <color rgb="0x000000" alpha="0" stop="0" />
              </colors>
            </fill>
          </color>
          <color name="panel_bg">
            <fill type="linear" rotation="90">
              <colors>
                <color rgb="0x323232" alpha="100" stop="0" />
              </colors>
            </fill>
          </color>
          <color name="bottom_border">
            <fill type="linear" rotation="90">
              <colors>
                <color rgb="0x313131" alpha="100" stop="0" />
              </colors>
            </fill>
          </color>
        </group_colors>
      </color_group>
      <color_group name="seekcontrol">
        <group_colors>
          <color name="btn_icon_color">
            <fill type="linear" rotation="90">
              <colors>
                <color rgb="0xB4B4B4" alpha="100" stop="0" />
              </colors>
            </fill>
          </color>
          <color name="seek_position">
            <fill type="linear" rotation="90">
              <colors>
                <color rgb="0xFFFFFF" alpha="20" stop="0" />
              </colors>
            </fill>
          </color>
          <color name="seek_bg">
            <fill type="linear" rotation="90">
              <colors>
                <color rgb="0x3C3C3C" alpha="100" stop="0" />
              </colors>
            </fill>
          </color>
          <color name="seek_border">
            <fill type="linear" rotation="90">
              <colors>
                <color rgb="0x000000" alpha="0" stop="0" />
              </colors>
            </fill>
          </color>
          <color name="border">
            <fill type="linear" rotation="90">
              <colors>
                <color rgb="0x000000" alpha="0" stop="0" />
              </colors>
            </fill>
          </color>
          <color name="bg">
            <fill type="linear" rotation="90">
              <colors>
                <color rgb="0x000000" alpha="0" stop="0" />
              </colors>
            </fill>
          </color>
          <color name="btn_icon_hover">
            <fill type="linear" rotation="90">
              <colors>
                <color rgb="0xFFFFFF" alpha="100" stop="0" />
              </colors>
            </fill>
          </color>
          <color name="btn_icon_shadow">
            <fill type="linear" rotation="90">
              <colors>
                <color rgb="0x000000" alpha="0" stop="0" />
              </colors>
            </fill>
          </color>
        </group_colors>
      </color_group>
      <color_group name="searchinput">
        <group_colors>
          <color name="text_active">
            <fill type="linear" rotation="90">
              <colors>
                <color rgb="0xF8F8F8" alpha="100" stop="0" />
              </colors>
            </fill>
          </color>
          <color name="bg_active">
            <fill type="linear" rotation="90">
              <colors>
                <color rgb="0x292929" alpha="100" stop="0" />
              </colors>
            </fill>
          </color>
          <color name="search_text">
            <fill type="linear" rotation="90">
              <colors>
                <color rgb="0xAAAAAA" alpha="100" stop="0" />
              </colors>
            </fill>
          </color>
          <color name="hover_glow">
            <fill type="linear" rotation="90">
              <colors>
                <color rgb="0x457E13" alpha="0" stop="0" />
              </colors>
            </fill>
          </color>
          <color name="button_hover">
            <fill type="linear" rotation="90">
              <colors>
                <color rgb="0x3F8500" alpha="100" stop="0" />
              </colors>
            </fill>
          </color>
          <color name="icon">
            <fill type="linear" rotation="90">
              <colors>
                <color rgb="0xFFFFFF" alpha="100" stop="0" />
              </colors>
            </fill>
          </color>
          <color name="border">
            <fill type="linear" rotation="90">
              <colors>
                <color rgb="0x000000" alpha="0" stop="0" />
              </colors>
            </fill>
          </color>
          <color name="bg">
            <fill type="linear" rotation="90">
              <colors>
                <color rgb="0x3C3C3C" alpha="100" stop="0" />
              </colors>
            </fill>
          </color>
          <color name="bg_in_tab">
            <fill type="linear" rotation="90">
              <colors>
                <color rgb="0x545454" alpha="100" stop="0" />
              </colors>
            </fill>
          </color>
        </group_colors>
      </color_group>
      <color_group name="scrollarea">
        <group_colors>
          <color name="detailb">
            <fill type="linear" rotation="90">
              <colors>
                <color rgb="0x6AA242" alpha="100" stop="0" />
              </colors>
            </fill>
          </color>
          <color name="detaila">
            <fill type="linear" rotation="90">
              <colors>
                <color rgb="0x2A5400" alpha="100" stop="0" />
              </colors>
            </fill>
          </color>
          <color name="shadow">
            <fill type="linear" rotation="90">
              <colors>
                <color rgb="0x275000" alpha="100" stop="0" />
              </colors>
            </fill>
          </color>
          <color name="icons">
            <fill type="linear" rotation="90">
              <colors>
                <color rgb="0xFFFFFF" alpha="100" stop="0" />
              </colors>
            </fill>
          </color>
          <color name="button_border">
            <fill type="linear" rotation="90">
              <colors>
                <color rgb="0x2A5500" alpha="100" stop="0" />
              </colors>
            </fill>
          </color>
          <color name="button_inner">
            <fill type="linear" rotation="90">
              <colors>
                <color rgb="0x4B8A16" alpha="100" stop="0" />
              </colors>
            </fill>
          </color>
          <color name="button_bg">
            <fill type="linear" rotation="90">
              <colors>
                <color rgb="0x494949" alpha="100" stop="0" />
              </colors>
            </fill>
          </color>
          <color name="button_bg_hover">
            <fill type="linear" rotation="90">
              <colors>
                <color rgb="0x7B7B7B" alpha="100" stop="0" />
              </colors>
            </fill>
          </color>
          <color name="border">
            <fill type="linear" rotation="90">
              <colors>
                <color rgb="0x479901" alpha="100" stop="0" />
              </colors>
            </fill>
          </color>
          <color name="bg">
            <fill type="linear" rotation="0">
              <colors>
                <color rgb="0x366F00" alpha="100" stop="0" />
              </colors>
            </fill>
          </color>
        </group_colors>
      </color_group>
      <color_group name="menu">
        <group_colors>
          <color name="shadow">
            <fill type="linear" rotation="90">
              <colors>
                <color rgb="0x000000" alpha="0" stop="0" />
              </colors>
            </fill>
          </color>
          <color name="bg">
            <fill type="linear" rotation="90">
              <colors>
                <color rgb="0x1B1B1B" alpha="100" stop="0" />
              </colors>
            </fill>
          </color>
          <color name="generic_shadow">
            <fill type="linear" rotation="90">
              <colors>
                <color rgb="0x000000" alpha="40" stop="0" />
              </colors>
            </fill>
          </color>
          <color name="right_shadow">
            <fill type="linear" rotation="0">
              <colors>
                <color rgb="0x000000" alpha="0" stop="0" />
                <color rgb="0x000000" alpha="30" stop="255" />
              </colors>
            </fill>
          </color>
        </group_colors>
      </color_group>
      <color_group name="logo">
        <group_colors>
          <color name="shadow">
            <fill type="linear" rotation="90">
              <colors>
                <color rgb="0x254B00" alpha="100" stop="0" />
              </colors>
            </fill>
          </color>
          <color name="bg">
            <fill type="linear" rotation="90">
              <colors>
                <color rgb="0xFFFFFF" alpha="0" stop="0" />
              </colors>
            </fill>
          </color>
        </group_colors>
      </color_group>
      <color_group name="checkbox">
        <group_colors>
          <color name="hover">
            <fill type="linear" rotation="90">
              <colors>
                <color rgb="0xAFDD82" alpha="100" stop="0" />
              </colors>
            </fill>
          </color>
          <color name="text">
            <fill type="linear" rotation="90">
              <colors>
                <color rgb="0xFFFFFF" alpha="100" stop="0" />
              </colors>
            </fill>
          </color>
          <color name="check">
            <fill type="linear" rotation="90">
              <colors>
                <color rgb="0x2BC400" alpha="100" stop="0" />
              </colors>
            </fill>
          </color>
          <color name="bg">
            <fill type="linear" rotation="90">
              <colors>
                <color rgb="0xFFFFFF" alpha="100" stop="0" />
              </colors>
            </fill>
          </color>
          <color name="border">
            <fill type="linear" rotation="90">
              <colors>
                <color rgb="0x2A5300" alpha="100" stop="0" />
              </colors>
            </fill>
          </color>
        </group_colors>
      </color_group>
      <color_group name="button">
        <group_colors>
          <color name="btn_icon_color">
            <fill type="linear" rotation="90">
              <colors>
                <color rgb="0xB4B4B4" alpha="100" stop="0" />
              </colors>
            </fill>
          </color>
          <color name="btn_text_shadow">
            <fill type="linear" rotation="90">
              <colors>
                <color rgb="0x000000" alpha="0" stop="0" />
              </colors>
            </fill>
          </color>
          <color name="btn_text">
            <fill type="linear" rotation="90">
              <colors>
                <color rgb="0xB4B4B4" alpha="100" stop="0" />
              </colors>
            </fill>
          </color>
          <color name="btn_border">
            <fill type="linear" rotation="90">
              <colors>
                <color rgb="0x000000" alpha="0" stop="0" />
              </colors>
            </fill>
          </color>
          <color name="btn_hover">
            <fill type="linear" rotation="90">
              <colors>
                <color rgb="0xFFFFFF" alpha="100" stop="0" />
              </colors>
            </fill>
          </color>
          <color name="btn_down">
            <fill type="linear" rotation="90">
              <colors>
                <color rgb="0x000000" alpha="0" stop="0" />
              </colors>
            </fill>
          </color>
          <color name="btn_bg">
            <fill type="linear" rotation="90">
              <colors>
                <color rgb="0x000000" alpha="0" stop="0" />
              </colors>
            </fill>
          </color>
          <color name="btn_glow">
            <fill type="linear" rotation="90">
              <colors>
                <color rgb="0x000000" alpha="0" stop="0" />
              </colors>
            </fill>
          </color>
        </group_colors>
      </color_group>
      <color_group name="base">
        <group_colors>
          <color name="brandhighlight">
            <fill type="linear" rotation="90">
              <colors>
                <color rgb="0xFE8637" alpha="100" stop="0" />
              </colors>
            </fill>
          </color>
          <color name="text">
            <fill type="linear" rotation="90">
              <colors>
                <color rgb="0xB4B4B4" alpha="100" stop="0" />
              </colors>
            </fill>
          </color>
          <color name="text_hover">
            <fill type="linear" rotation="90">
              <colors>
                <color rgb="0xFFFFFF" alpha="100" stop="0" />
              </colors>
            </fill>
          </color>
          <color name="text_selected">
            <fill type="linear" rotation="90">
              <colors>
                <color rgb="0xFFFFFF" alpha="100" stop="0" />
              </colors>
            </fill>
          </color>
          <color name="diva">
            <fill type="linear" rotation="90">
              <colors>
                <color rgb="0x555555" alpha="100" stop="0" />
              </colors>
            </fill>
          </color>
          <color name="divb">
            <fill type="linear" rotation="90">
              <colors>
                <color rgb="0x000000" alpha="0" stop="0" />
              </colors>
            </fill>
          </color>
          <color name="menu_shade">
            <fill type="linear" rotation="90">
              <colors>
                <color rgb="0x1B1B1B" alpha="100" stop="0" />
              </colors>
            </fill>
          </color>
          <color name="border">
            <fill type="linear" rotation="90">
              <colors>
                <color rgb="0x282828" alpha="100" stop="0" />
              </colors>
            </fill>
          </color>
          <color name="bg">
            <fill type="linear" rotation="90">
              <colors>
                <color rgb="0x282828" alpha="100" stop="0" />
              </colors>
            </fill>
          </color>
          <color name="slide_bg">
            <fill type="linear" rotation="90">
              <colors>
                <color rgb="0x282828" alpha="100" stop="0" />
              </colors>
            </fill>
          </color>
          <color name="overlay_message">
            <fill type="linear" rotation="90">
              <colors>
                <color rgb="0x000000" alpha="85" stop="0" />
              </colors>
            </fill>
          </color>
        </group_colors>
      </color_group>
      <color_group name="volume">
        <group_colors>
          <color name="panel_bg">
            <fill type="linear" rotation="90">
              <colors>
                <color rgb="0x323232" alpha="100" stop="0" />
              </colors>
            </fill>
          </color>
          <color name="thumb_border">
            <fill type="linear" rotation="90">
              <colors>
                <color rgb="0x2B5500" alpha="100" stop="0" />
              </colors>
            </fill>
          </color>
          <color name="thumb_inner">
            <fill type="linear" rotation="90">
              <colors>
                <color rgb="0x2B5500" alpha="100" stop="0" />
              </colors>
            </fill>
          </color>
          <color name="thumb_bg">
            <fill type="linear" rotation="90">
              <colors>
                <color rgb="0xFFFFFF" alpha="100" stop="0" />
              </colors>
            </fill>
          </color>
          <color name="slider_border">
            <fill type="linear" rotation="90">
              <colors>
                <color rgb="0x428C01" alpha="100" stop="0" />
              </colors>
            </fill>
          </color>
          <color name="slider_bg">
            <fill type="linear" rotation="0">
              <colors>
                <color rgb="0x3C3C3C" alpha="100" stop="0" />
              </colors>
            </fill>
          </color>
          <color name="slider_shadow">
            <fill type="linear" rotation="90">
              <colors>
                <color rgb="0x000000" alpha="40" stop="0" />
              </colors>
            </fill>
          </color>
        </group_colors>
      </color_group>
      <color_group name="accessibility">
        <group_colors>
          <color name="focus_rect">
            <fill type="linear" rotation="90">
              <colors>
                <color rgb="0xFFFF00" alpha="100" stop="0" />
              </colors>
            </fill>
          </color>
        </group_colors>
      </color_group>
    </colorscheme>
  </colorschemes>
  <string_tables>
    <string_table name="pxabnsnfns00000000001">
      <string id="submit">SENDEN</string>
      <string id="acc_submit">senden</string>
      <string id="check_include">Überprüfen</string>
      <string id="submitall">ALLES SENDEN</string>
      <string id="acc_submitall">alles senden</string>
      <string id="search">Suche...</string>
      <string id="exit">Verlassen</string>
      <string id="disabled_orientation">Bitte drehen Sie das Gerät</string>
      <string id="acc_active">aktiv</string>
      <string id="finish">BEENDEN</string>
      <string id="acc_finish">beenden</string>
      <string id="acc_replay">erneute wiedergabe</string>
      <string id="slide_text_chk">Folientext</string>
      <string id="resume">Fortsetzen</string>
      <string id="question_list">Liste der Fragen</string>
      <string id="glossary">Glossar</string>
      <string id="terms">Begriffe</string>
      <string id="acc_definition">definition</string>
      <string id="definition">Definition</string>
      <string id="acc_volume">Lautstärke</string>
      <string id="acc_skipnavigation">Navigation überspringen. Eingabetaste drücken, um zur Folie zurückzukehren.</string>
      <string id="restart">Neustart</string>
      <string id="transcript_chk">Notizen</string>
      <string id="bio">Bio</string>
      <string id="more_info">Weitere Informationen</string>
      <string id="closed_captions">Untertitel</string>
      <string id="acc_pause">pause</string>
      <string id="send_an_email">E-Mail senden</string>
      <string id="acc_resources">ressourcen</string>
      <string id="continueresponsive">Fortfahren</string>
      <string id="close">Schließen</string>
      <string id="continue">Fortfahren</string>
      <string id="filter">Filter</string>
      <string id="clear">Löschen</string>
      <string id="desktop_start">Kurs starten</string>
      <string id="mobile_start">Kurs starten</string>
      <string id="sidebar_toggle">Seitenleiste ein-/ausblenden</string>
      <string id="acc_search_input">suche</string>
      <string id="search_toggle">Suchen</string>
      <string id="search_results">Suchergebnisse</string>
      <string id="search_in">Suche in:</string>
      <string id="outline">Menü</string>
      <string id="transcript">Notizen</string>
      <string id="resources">Ressourcen</string>
      <string id="acc_closed_captions">Geschlossene Untertitel. Drücken Sie die Leertaste, um die Untertitel an- und oder auszuschalten.</string>
      <string id="next">WEITER</string>
      <string id="acc_next">nächste</string>
      <string id="acc_play">spielen</string>
      <string id="acc_previous">vorherigen</string>
      <string id="prev">ZURÜCK</string>
    </string_table>
  </string_tables>
  <fonts>
    <font name="Lato">
      <files>
        <file bold="true" italic="false" />
        <file bold="false" italic="false" />
      </files>
    </font>
  </fonts>
  <sounds enabled="true" />
  <nav_data>
    <outline>
      <links>
        <slidelink slideid="_player.5pe71f59p4o" displaytext="Einleitung" expand="true" type="slide">
          <links>
            <slidelink slideid="_player.5pe71f59p4o.6KARL6uNJDb" displaytext="Whiteboard" expand="false" type="slide" />
            <slidelink slideid="_player.5pe71f59p4o.6Zde1i5ZY9l" displaytext="Bitte wähle aus, womit Du fortfahren willst!" expand="false" type="slide" />
          </links>
        </slidelink>
        <slidelink slideid="_player.6OZKpY55v2a" displaytext="Situational Judgement" expand="true" type="slide">
          <links>
            <slidelink slideid="_player.6OZKpY55v2a.5qQT0edpfYU" displaytext="Bitte ziehe die Stufe rechts zur passenden Aussage links!" expand="false" type="slide" />
            <slidelink slideid="_player.6OZKpY55v2a.6cFYezS8zPd" displaytext="Bitte ziehe die Stufe rechts zur passenden Aussage links!" expand="false" type="slide" />
            <slidelink slideid="_player.6OZKpY55v2a.6jKXGpLn5Ze" displaytext="Überblick SJT" expand="false" type="slide" />
            <slidelink slideid="_player.6OZKpY55v2a.5cC5TxI87RA" displaytext="Überblick SJT" expand="false" type="slide" />
            <slidelink slideid="_player.6OZKpY55v2a.5izxToL0ovL" displaytext="SJT: Beispiel" expand="false" type="slide" />
            <slidelink slideid="_player.6OZKpY55v2a.5pwklLLzHoF" displaytext="SJT Frage 1" expand="false" type="slide" />
            <slidelink slideid="_player.6OZKpY55v2a.6SWmek6X1Fe" displaytext="Auswahl beste Reaktion 1" expand="false" type="slide" />
            <slidelink slideid="_player.6OZKpY55v2a.6EQc6VpfJSx" displaytext="SJT Frage 2" expand="false" type="slide" />
            <slidelink slideid="_player.6OZKpY55v2a.6LLBm8tCFi0" displaytext="Auswahl beste Reaktion 2" expand="false" type="slide" />
            <slidelink slideid="_player.6OZKpY55v2a.5lgRzjwoatm" displaytext="SJT Frage 3" expand="false" type="slide" />
            <slidelink slideid="_player.6OZKpY55v2a.5fn9qqNdHxS" displaytext="Auswahl beste Reaktion 3" expand="false" type="slide" />
            <slidelink slideid="_player.6OZKpY55v2a.6bLKLYct6oW" displaytext="SJT Frage 4" expand="false" type="slide" />
            <slidelink slideid="_player.6OZKpY55v2a.5bqlaKn6Nrj" displaytext="Auswahl beste Reaktion 4" expand="false" type="slide" />
            <slidelink slideid="_player.6OZKpY55v2a.5X1rR1iVpCI" displaytext="SJT Frage 5" expand="false" type="slide" />
            <slidelink slideid="_player.6OZKpY55v2a.6FkDPfQtauy" displaytext="Auswahl beste Reaktion 5" expand="false" type="slide" />
            <slidelink slideid="_player.6OZKpY55v2a.6UmOW2FcbCA" displaytext="SJT Frage 6" expand="false" type="slide" />
            <slidelink slideid="_player.6OZKpY55v2a.6QtNuvduGBl" displaytext="Auswahl beste Reaktion 6" expand="false" type="slide" />
            <slidelink slideid="_player.6OZKpY55v2a.6Ht5hMfIffc" displaytext="Abschluss der Situational Judgement Tests" expand="false" type="slide" />
          </links>
        </slidelink>
        <slidelink slideid="_player.6NguPN5ZKgl" displaytext="Beispiel-Kurzdialoge" expand="true" type="slide">
          <links>
            <slidelink slideid="_player.6NguPN5ZKgl.5qYiAWddgkm" displaytext="Erklärung zu den folgenden Seiten" expand="false" type="slide" />
            <slidelink slideid="_player.6NguPN5ZKgl.64xrqPYshGf" displaytext="Erklärung zu den folgenden Seiten" expand="false" type="slide" />
            <slidelink slideid="_player.6NguPN5ZKgl.6nvsy13pCfc" displaytext="1. Beratungsdialog" expand="false" type="slide" />
            <slidelink slideid="_player.6NguPN5ZKgl.5ZurPBykRdS" displaytext="1. Beratungsdialog" expand="false" type="slide" />
            <slidelink slideid="_player.6NguPN5ZKgl.5ZmOE34i4M9" displaytext="2. Beratungsdialog" expand="false" type="slide" />
            <slidelink slideid="_player.6NguPN5ZKgl.6SNiyWNyF7m" displaytext="3. Beratungsdialog" expand="false" type="slide" />
            <slidelink slideid="_player.6NguPN5ZKgl.5flaaFD2w2b" displaytext="4. Beratungsdialog" expand="false" type="slide" />
          </links>
        </slidelink>
        <slidelink slideid="_player.6kNFujglEbM" displaytext="Ausführlicher Dialog" expand="true" type="slide">
          <links>
            <slidelink slideid="_player.6kNFujglEbM.6hZlQXxLhQf" displaytext="Ausführlicherer Dialog mit Studierenden" expand="false" type="slide" />
            <slidelink slideid="_player.6kNFujglEbM.5zXXO3H0cxZ" displaytext="A2B1C1D2" expand="false" type="slide" />
            <slidelink slideid="_player.6kNFujglEbM.69DBhpOxIqT" displaytext="A2B1C1D2" expand="false" type="slide" />
            <slidelink slideid="_player.6kNFujglEbM.65ASIGA0lIi" displaytext="A2B1C3" expand="false" type="slide" />
          </links>
        </slidelink>
        <slidelink slideid="_player.5XkWUCUJYjG" displaytext="Das Prinzip der minimalen Hilfe" expand="true" type="slide">
          <links>
            <slidelink slideid="_player.5XkWUCUJYjG.6pJwPDPv6XY" displaytext="PdmH - Erklärung" expand="false" type="slide" />
            <slidelink slideid="_player.5XkWUCUJYjG.5pbJBm9qlDf" displaytext="Motivation" expand="false" type="slide" />
            <slidelink slideid="_player.5XkWUCUJYjG.5WBC2ee8Sea" displaytext="Motivation Bsp." expand="false" type="slide" />
            <slidelink slideid="_player.5XkWUCUJYjG.5mV1gKN8TLc" displaytext="Übung Motivation" expand="false" type="slide" />
            <slidelink slideid="_player.5XkWUCUJYjG.6WxxxRNIJVo" displaytext="Rückmeldung" expand="false" type="slide" />
            <slidelink slideid="_player.5XkWUCUJYjG.6SaDcnnUsI1" displaytext="Rückmeldung Bsp." expand="false" type="slide" />
            <slidelink slideid="_player.5XkWUCUJYjG.6E9Nej7kXqW" displaytext="Übung Rückmeldung" expand="false" type="slide" />
            <slidelink slideid="_player.5XkWUCUJYjG.5s9bWTYmSfr" displaytext="Allg. Strategisch" expand="false" type="slide" />
            <slidelink slideid="_player.5XkWUCUJYjG.5u5uYJpXsdO" displaytext="Allg. Strategisch Bsp." expand="false" type="slide" />
            <slidelink slideid="_player.5XkWUCUJYjG.6LlvuhvtWFz" displaytext="Übung Allg. Strategisch" expand="false" type="slide" />
            <slidelink slideid="_player.5XkWUCUJYjG.6oOhe1A10NU" displaytext="Inhaltlich Strategisch" expand="false" type="slide" />
            <slidelink slideid="_player.5XkWUCUJYjG.6OkJ4DH2EGz" displaytext="Inhaltlich Strategisch Bsp." expand="false" type="slide" />
            <slidelink slideid="_player.5XkWUCUJYjG.6eRXCNXUHqp" displaytext="Übung Inhaltl. Strategisch" expand="false" type="slide" />
            <slidelink slideid="_player.5XkWUCUJYjG.6l7rdtDCXCb" displaytext="Inhaltlich" expand="false" type="slide" />
            <slidelink slideid="_player.5XkWUCUJYjG.6e992qcjeeb" displaytext="Inhaltlich Bsp." expand="false" type="slide" />
            <slidelink slideid="_player.5XkWUCUJYjG.6ACzlPXCA1i" displaytext="Übung Inhaltlich" expand="false" type="slide" />
          </links>
        </slidelink>
        <slidelink slideid="_player.6SkBTOpDAdi" displaytext="Zweite ausführliche Beratung" expand="true" type="slide">
          <links>
            <slidelink slideid="_player.6SkBTOpDAdi.5mnF5ZaUOq2" displaytext="Ausführlicher Dialog mit Studierenden" expand="false" type="slide" />
            <slidelink slideid="_player.6SkBTOpDAdi.6byJ6SKVP9g" displaytext="Start" expand="false" type="slide" />
            <slidelink slideid="_player.6SkBTOpDAdi.6Yw0I1aejGL" displaytext="A2" expand="false" type="slide" />
            <slidelink slideid="_player.6SkBTOpDAdi.6PP5petsmPw" displaytext="A2B1C1D1" expand="false" type="slide" />
            <slidelink slideid="_player.6SkBTOpDAdi.6OHqnxlbznw" displaytext="A1B1" expand="false" type="slide" />
            <slidelink slideid="_player.6SkBTOpDAdi.5qxjazTMtbg" displaytext="A1B1C2" expand="false" type="slide" />
            <slidelink slideid="_player.6SkBTOpDAdi.63EgeFU14Tp" displaytext="A3B1" expand="false" type="slide" />
            <slidelink slideid="_player.6SkBTOpDAdi.5xWZvDkBHpm" displaytext="A3B3" expand="false" type="slide" />
            <slidelink slideid="_player.6SkBTOpDAdi.6FklSEoknuV" displaytext="A3B3C2" expand="false" type="slide" />
            <slidelink slideid="_player.6SkBTOpDAdi.6J5igej75Iw" displaytext="A2B1C1" expand="false" type="slide" />
            <slidelink slideid="_player.6SkBTOpDAdi.6bd3SBhYd1x" displaytext="A1B1C3" expand="false" type="slide" />
            <slidelink slideid="_player.6SkBTOpDAdi.6otb1Vtn3Uf" displaytext="A1B1C1" expand="false" type="slide" />
            <slidelink slideid="_player.6SkBTOpDAdi.674uECBXcX9" displaytext="A2B1C2" expand="false" type="slide" />
            <slidelink slideid="_player.6SkBTOpDAdi.6mU79YdqiFM" displaytext="A2B1C3" expand="false" type="slide" />
            <slidelink slideid="_player.6SkBTOpDAdi.6AGP6qheotb" displaytext="A2B1C4" expand="false" type="slide" />
            <slidelink slideid="_player.6SkBTOpDAdi.6dx3rDeFAZm" displaytext="A1B1C3D1" expand="false" type="slide" />
            <slidelink slideid="_player.6SkBTOpDAdi.6Q91zIoRSp3" displaytext="A1B4C1" expand="false" type="slide" />
            <slidelink slideid="_player.6SkBTOpDAdi.63nffUXSHnC" displaytext="A1B4C2" expand="false" type="slide" />
            <slidelink slideid="_player.6SkBTOpDAdi.5ogg8ZpT26C" displaytext="A1B1C3D2" expand="false" type="slide" />
            <slidelink slideid="_player.6SkBTOpDAdi.5ccMBdRchgf" displaytext="A1B4C3D1" expand="false" type="slide" />
            <slidelink slideid="_player.6SkBTOpDAdi.6dQXUfSCZct" displaytext="A3B2" expand="false" type="slide" />
            <slidelink slideid="_player.6SkBTOpDAdi.5lIspcugScG" displaytext="A3B4" expand="false" type="slide" />
            <slidelink slideid="_player.6SkBTOpDAdi.66Gy7DaI2nZ" displaytext="A3B3C2D1" expand="false" type="slide" />
            <slidelink slideid="_player.6SkBTOpDAdi.5UriE5kdA0k" displaytext="A3B3C2D2" expand="false" type="slide" />
            <slidelink slideid="_player.6SkBTOpDAdi.5Uw4bnZqbvr" displaytext="A3B3C2D3" expand="false" type="slide" />
            <slidelink slideid="_player.6SkBTOpDAdi.609uphMUWQy" displaytext="A3B3C1" expand="false" type="slide" />
            <slidelink slideid="_player.6SkBTOpDAdi.6VOUNs1BQsc" displaytext="A1B4C3D2" expand="false" type="slide" />
            <slidelink slideid="_player.6SkBTOpDAdi.63IIRakBYRf" displaytext="A1B4C3D3" expand="false" type="slide" />
            <slidelink slideid="_player.6SkBTOpDAdi.6BaSeM7X4de" displaytext="A3B1C1D1" expand="false" type="slide" />
            <slidelink slideid="_player.6SkBTOpDAdi.5hvYF9AJ87L" displaytext="A3B1C2" expand="false" type="slide" />
            <slidelink slideid="_player.6SkBTOpDAdi.6Enm7s1LCgW" displaytext="A3B1C1D2" expand="false" type="slide" />
            <slidelink slideid="_player.6SkBTOpDAdi.5iqY7WZQgxp" displaytext="A3B1C1D3" expand="false" type="slide" />
            <slidelink slideid="_player.6SkBTOpDAdi.6RNi1pyDXW2" displaytext="A1B1C2D1" expand="false" type="slide" />
            <slidelink slideid="_player.6SkBTOpDAdi.5oOcOcxyZgq" displaytext="A1B3" expand="false" type="slide" />
            <slidelink slideid="_player.6SkBTOpDAdi.61peqbUUcWP" displaytext="A1B1C2D2" expand="false" type="slide" />
            <slidelink slideid="_player.6SkBTOpDAdi.6fcPAU1MTNE" displaytext="A2B1C1D2" expand="false" type="slide" />
            <slidelink slideid="_player.6SkBTOpDAdi.65UqyNLoOc9" displaytext="A2B1C1D1E1" expand="false" type="slide" />
            <slidelink slideid="_player.6SkBTOpDAdi.64YyIpHOQAK" displaytext="A2B1C1D1E3" expand="false" type="slide" />
            <slidelink slideid="_player.6SkBTOpDAdi.6YPu5FPkq7n" displaytext="A2B1C1D1E2" expand="false" type="slide" />
            <slidelink slideid="_player.6SkBTOpDAdi.69LrS7xpQZ9" displaytext="A1B2C2" expand="false" type="slide" />
            <slidelink slideid="_player.6SkBTOpDAdi.6cqMf4CbyEx" displaytext="A1B2C1D1" expand="false" type="slide" />
            <slidelink slideid="_player.6SkBTOpDAdi.6flnIbc4sMm" displaytext="A1B2C1D3" expand="false" type="slide" />
            <slidelink slideid="_player.6SkBTOpDAdi.5yDj3J8F07N" displaytext="A1B2C1D2" expand="false" type="slide" />
            <slidelink slideid="_player.6SkBTOpDAdi.6SzoNdODt0U" displaytext="A2B2" expand="false" type="slide" />
            <slidelink slideid="_player.6SkBTOpDAdi.6RT8CZXowAC" displaytext="A2B3" expand="false" type="slide" />
            <slidelink slideid="_player.6SkBTOpDAdi.6parC2kEGLw" displaytext="A1B2C3" expand="false" type="slide" />
            <slidelink slideid="_player.6SkBTOpDAdi.5iHeuQqVU5i" displaytext="Ergebnisübersicht" expand="false" type="slide" />
            <slidelink slideid="_player.6SkBTOpDAdi.5a0wQcf7DtO" displaytext="A1B4" expand="false" type="slide" />
            <slidelink slideid="_player.6SkBTOpDAdi.6d5aY42fQSX" displaytext="A1B4C3" expand="false" type="slide" />
            <slidelink slideid="_player.6SkBTOpDAdi.5x90Ag1W0jA" displaytext="A3B1C1" expand="false" type="slide" />
            <slidelink slideid="_player.6SkBTOpDAdi.620ZUQA0NZQ" displaytext="A1B2" expand="false" type="slide" />
            <slidelink slideid="_player.6SkBTOpDAdi.6A5qEaDfayo" displaytext="A1B2C1" expand="false" type="slide" />
            <slidelink slideid="_player.6SkBTOpDAdi.5g4dOnCtFDD" displaytext="A3" expand="false" type="slide" />
            <slidelink slideid="_player.6SkBTOpDAdi.5iTGMoalYgg" displaytext="A1" expand="false" type="slide" />
            <slidelink slideid="_player.6SkBTOpDAdi.6oHBNq2Wgsw" displaytext="A2B1" expand="false" type="slide" />
            <slidelink slideid="_player.6SkBTOpDAdi.5gbziIFOVlT" displaytext="Aufgabenstellung" expand="false" type="slide" />
          </links>
        </slidelink>
      </links>
    </outline>
  </nav_data>
  <resource_data description="" />
  <transcript_data />
  <glossary_data />
</bwFrame>