﻿<?xml version="1.0" encoding="utf-8"?>
<manifest identifier="_5voFpALQzQ4_course_id" version="1.0" xmlns="http://www.imsproject.org/xsd/imscp_rootv1p1p2" xmlns:adlcp="http://www.adlnet.org/xsd/adlcp_rootv1p2" xmlns:xsi="http://www.w3.org/2001/XMLSchema-instance" xsi:schemaLocation="http://www.imsproject.org/xsd/imscp_rootv1p1p2 imscp_rootv1p1p2.xsd http://www.imsglobal.org/xsd/imsmd_rootv1p2p1 imsmd_rootv1p2p1.xsd http://www.adlnet.org/xsd/adlcp_rootv1p2 adlcp_rootv1p2.xsd">
  <metadata>
    <schema>ADL SCORM</schema>
    <schemaversion>1.2</schemaversion>
    <lom xmlns="http://www.imsglobal.org/xsd/imsmd_rootv1p2p1" xmlns:xsi="http://www.w3.org/2001/XMLSchema-instance" xsi:schemaLocation="http://www.imsglobal.org/xsd/imsmd_rootv1p2p1 imsmd_rootv1p2p1.xsd">
      <general>
        <title>
          <langstring xml:lang="x-none">Prinzip der minimalen Hilfe</langstring>
        </title>
      </general>
      <lifecycle>
        <version>
          <langstring xml:lang="x-none">1</langstring>
        </version>
        <status>
          <source>
            <langstring xml:lang="x-none">LOMv1.0</langstring>
          </source>
          <value>
            <langstring xml:lang="x-none">Final</langstring>
          </value>
        </status>
      </lifecycle>
      <metametadata>
        <metadatascheme>ADL SCORM 1.2</metadatascheme>
      </metametadata>
      <educational>
        <typicallearningtime>
          <datetime>PT0H0M0S</datetime>
        </typicallearningtime>
      </educational>
      <rights>
        <cost>
          <source>
            <langstring xml:lang="x-none">LOMv1.0</langstring>
          </source>
          <value>
            <langstring xml:lang="x-none">yes</langstring>
          </value>
        </cost>
        <copyrightandotherrestrictions>
          <source>
            <langstring xml:lang="x-none">LOMv1.0</langstring>
          </source>
          <value>
            <langstring xml:lang="x-none">yes</langstring>
          </value>
        </copyrightandotherrestrictions>
      </rights>
    </lom>
  </metadata>
  <organizations default="Prinzip_der_minimalen_Hilfe_ORG">
    <organization identifier="Prinzip_der_minimalen_Hilfe_ORG">
      <title>Prinzip der minimalen Hilfe</title>
      <item identifier="pdmh_demo-360_SCO" isvisible="true" identifierref="__5voFpALQzQ4_course_id_RES">
        <title>Prinzip der minimalen Hilfe</title>
      </item>
    </organization>
  </organizations>
  <resources>
    <resource identifier="__5voFpALQzQ4_course_id_RES" type="webcontent" href="index_lms.html" adlcp:scormtype="sco">
      <file href="story_content/thumbnail.jpg" />
      <file href="mobile/5q6Uwx6GITE_80_P_0_0_1462_1902_DX1094_DY1094_CX446_CY580.png" />
      <file href="mobile/6ESuC0VhoI0_FFFFFF_80_DX400_DY400_CX312_CY144.png" />
      <file href="mobile/5ZUlwviHrpL_FFFFFF_80_DX400_DY400_CX312_CY125.png" />
      <file href="mobile/5lyRMfJ7Vc7_80_P_770_-1_1548_1274_DX1242_DY1242_CX470_CY387.png" />
      <file href="mobile/6fJvMjRsEjQ_80_DX382_DY382_CX298_CY144.png" />
      <file href="mobile/5ZcAaF2AOgZ_80_P_0_0_733_2817_DX810_DY810_CX165_CY634.png" />
      <file href="mobile/5yyoiGQD9EW_X_80_P_0_0_733_1198_DX752_DY752_CX154_CY251.png" />
      <file href="mobile/5iEvXqjIzSC_80_P_3_9_977_1548_DX654_DY654_CX174_CY276.png" />
      <file href="mobile/6RAIeRsaJLe_80_DX562_DY562_CX442_CY332.png" />
      <file href="mobile/5egD3LARJiX_X_80_P_0_0_769_1112_DX792_DY792_CX168_CY243.png" />
      <file href="mobile/5yI3HyYk6X8_X_80_P_0_0_1010_1112_DX792_DY792_CX221_CY243.png" />
      <file href="mobile/5z0zWv57V2X_X_80_P_0_0_1202_1114_DX792_DY792_CX262_CY243.png" />
      <file href="mobile/5xsvF4frI3q_X_80_P_0_0_1115_378_DX2178_DY2178_CX673_CY228.png" />
      <file href="mobile/5me3v99jWvT_80_P_0_0_741_2229_DX854_DY854_CX176_CY529.png" />
      <file href="mobile/6Aby0ZM29PX_X_80_P_0_0_972_1307_DX642_DY642_CX173_CY232.png" />
      <file href="mobile/6YMkL75Snwd_X_80_P_0_0_1184_1307_DX642_DY642_CX210_CY232.png" />
      <file href="mobile/6dRp1bEHcwX_X_80_P_0_0_1125_1307_DX642_DY642_CX199_CY231.png" />
      <file href="mobile/5aUfCt3mGC4_X_80_P_0_0_940_1163_DX742_DY742_CX193_CY239.png" />
      <file href="mobile/5wFzZMseSIJ_X_80_P_0_0_1010_1163_DX742_DY742_CX207_CY238.png" />
      <file href="mobile/5cj1Y2iAWpN_X_80_P_0_0_1202_1163_DX742_DY742_CX247_CY239.png" />
      <file href="mobile/6nMeYcvDMUB_X_80_P_0_0_1116_1163_DX742_DY742_CX229_CY239.png" />
      <file href="mobile/6mlvIU5PLos_X_80_P_0_0_1311_1433_DX624_DY624_CX231_CY253.png" />
      <file href="mobile/5e52cuWrx79_X_80_P_0_0_1038_1434_DX648_DY648_CX183_CY253.png" />
      <file href="mobile/5pgwWxIcgq3_X_80_P_0_0_1202_1434_DX648_DY648_CX212_CY253.png" />
      <file href="mobile/6aum0pjgTBO_X_80_P_0_0_1116_1434_DX648_DY648_CX196_CY252.png" />
      <file href="mobile/5ZcAaF2AOgZ_80_P_0_0_733_1411_DX810_DY810_CX165_CY318.png" />
      <file href="mobile/6GR75jhBcqW_80_P_4_7_956_1178_DX628_DY628_CX122_CY150.png" />
      <file href="mobile/5ZcAaF2AOgZ_80_P_0_0_760_1424_DX810_DY810_CX135_CY253.png" />
      <file href="mobile/6aqdhLjoRwI_80_P_0_0_760_1424_DX636_DY636_CX135_CY253.png" />
      <file href="mobile/6estVUUvHu1_80_P_7_7_1509_1179_DX628_DY628_CX253_CY198.png" />
      <file href="mobile/6estVUUvHu1_80_P_7_7_1509_1179_DX628_DY628_CX193_CY151.png" />
      <file href="mobile/5ZcAaF2AOgZ_80_P_0_0_760_1282_DX810_DY810_CX135_CY228.png" />
      <file href="mobile/5yI3HyYk6X8_80_P_4_7_1010_1178_DX792_DY792_CX175_CY204.png" />
      <file href="mobile/5yI3HyYk6X8_80_P_4_7_1010_1178_DX792_DY792_CX174_CY203.png" />
      <file href="mobile/6estVUUvHu1_80_P_7_7_1509_1179_DX628_DY628_CX195_CY152.png" />
      <file href="mobile/6estVUUvHu1_80_P_7_7_1509_1179_DX628_DY628_CX261_CY204.png" />
      <file href="mobile/5WNvJ7UXJE4_80_P_6_7_1318_1178_DX628_DY628_CX228_CY204.png" />
      <file href="mobile/6estVUUvHu1_80_P_7_7_1509_1179_DX628_DY628_CX196_CY153.png" />
      <file href="mobile/5yI3HyYk6X8_80_P_4_7_993_1352_DX792_DY792_CX157_CY214.png" />
      <file href="mobile/6GR75jhBcqW_80_P_4_7_956_1178_DX628_DY628_CX166_CY204.png" />
      <file href="mobile/5egD3LARJiX_80_P_3_7_769_1178_DX792_DY792_CX133_CY204.png" />
      <file href="mobile/6estVUUvHu1_80_P_7_7_1509_1179_DX628_DY628_CX190_CY148.png" />
      <file href="mobile/6GR75jhBcqW_80_P_4_7_956_1178_DX628_DY628_CX132_CY163.png" />
      <file href="mobile/5VdDzKd0xZD_80_P_5_7_1202_1178_DX628_DY628_CX208_CY204.png" />
      <file href="mobile/6Q9PGRo3Z94_80_P_4_7_983_1178_DX628_DY628_CX147_CY176.png" />
      <file href="mobile/6Q9PGRo3Z94_80_P_4_7_983_1178_DX628_DY628_CX170_CY204.png" />
      <file href="mobile/6YZ0v0EmbBD_80_P_4_7_983_1178_DX628_DY628_CX170_CY204.png" />
      <file href="mobile/6hdtKUCyhZE_80_P_4_7_869_1178_DX628_DY628_CX151_CY204.png" />
      <file href="mobile/5obmhxfOf2s_80_P_5_7_1202_1179_DX628_DY628_CX207_CY203.png" />
      <file href="mobile/5lHxRgkYuaN_80_P_7_7_1508_1191_DX610_DY610_CX251_CY198.png" />
      <file href="mobile/6LF2muwuPgW_80_P_6_7_1310_1191_DX610_DY610_CX218_CY198.png" />
      <file href="mobile/5dHW5OydRCw_80_P_4_7_945_1191_DX610_DY610_CX157_CY198.png" />
      <file href="mobile/5e52cuWrx79_80_P_4_7_1038_1192_DX648_DY648_CX177_CY203.png" />
      <file href="meta.xml" />
      <file href="story_content/user.js" />
      <file href="mobile/Shape6PDyYQNJPoW.png" />
      <file href="mobile/Shape5s2wvhMGu2y.png" />
      <file href="mobile/Shape5fvCXgMzIbO.png" />
      <file href="mobile/Shape5tW9keM5V5w.png" />
      <file href="mobile/Shape6cRZ1W03mmG.png" />
      <file href="mobile/Shape5pR2ztAjokd.png" />
      <file href="mobile/Shape5w9IgCrdNOc.png" />
      <file href="mobile/Shape6UGSPuSY1Vl.png" />
      <file href="mobile/Shape6MC348KgLTt.png" />
      <file href="mobile/Shape5tXkk0BrXCG.png" />
      <file href="mobile/Shape6DebZxpm5mp.png" />
      <file href="mobile/Shape64s7g1EwjEA.png" />
      <file href="mobile/Shape6El7tjsZ7kR.png" />
      <file href="mobile/Shape5crNERTU3HU.png" />
      <file href="mobile/Shape6GT4FUbhFlQ.png" />
      <file href="mobile/Shape5WCqCx74Rgt.png" />
      <file href="mobile/Shape6GzqQcpoBCK.png" />
      <file href="mobile/Shape6O59yP6QhzT.png" />
      <file href="mobile/Shape6PN8TyZ7b0l.png" />
      <file href="mobile/Shape6KxWiJ0ssWa.png" />
      <file href="mobile/Shape5Y78NUO7Mrb.png" />
      <file href="mobile/Shape5f5oHXQhA2H.png" />
      <file href="mobile/Shape6NXYm9vAybe.png" />
      <file href="mobile/Shape5Yq53M1HvOK.png" />
      <file href="mobile/Shape5jECXLe8ea6.png" />
      <file href="mobile/Shape6YRBfuIfKX5.png" />
      <file href="mobile/Shape5UtVK9kYfeS.png" />
      <file href="mobile/Shape6JVjz2oW2qO.png" />
      <file href="mobile/Shape6baCvc3J5YZ.png" />
      <file href="mobile/Shape65oa0utSQPA.png" />
      <file href="mobile/Shape5ZKO340PG14.png" />
      <file href="mobile/Shape5n7I2bxJTHL.png" />
      <file href="mobile/Shape5X7ArxJD7BZ.png" />
      <file href="mobile/Shape5ao1FrK6Bdl.png" />
      <file href="mobile/Shape6NDSXizXr0H.png" />
      <file href="mobile/Shape5pxFhldSDgx.png" />
      <file href="mobile/Shape5nQKwr7xSJ9.png" />
      <file href="mobile/Shape6Q51GFqkc29.png" />
      <file href="mobile/Shape5ppFBTyUl0Y.png" />
      <file href="mobile/Shape5Zafg1DjbuC.png" />
      <file href="mobile/Shape5kW22UUUKdP.png" />
      <file href="mobile/Shape6a0zN0aCTaS.png" />
      <file href="mobile/Shape5waIPalMkfN.png" />
      <file href="mobile/Shape6KwA3uKsc43.png" />
      <file href="mobile/Shape6Qbhkjattg1.png" />
      <file href="mobile/Shape5iJfAj00Xyg.png" />
      <file href="mobile/Shape62YzaiRTTAV.png" />
      <file href="mobile/Shape5bPHYfBHsZC.png" />
      <file href="mobile/Shape6my8DgrrCNZ.png" />
      <file href="mobile/Shape5tjj2T26RIY.png" />
      <file href="mobile/Shape6N3bI67nDqI.png" />
      <file href="mobile/Shape6d27FOieJ2L.png" />
      <file href="mobile/Shape6iQacWiuAzG.png" />
      <file href="mobile/Shape6k6T9Mrdz5j.png" />
      <file href="mobile/Shape66ml9L8KHyP.png" />
      <file href="mobile/Shape5n8AwEwPedT.png" />
      <file href="mobile/Shape5WdUgh5pF8y.png" />
      <file href="mobile/Shape6qvMWfTbLxM.png" />
      <file href="mobile/Shape6AYtA7h4uW7.png" />
      <file href="mobile/Shape5aC1WGIJwsi.png" />
      <file href="mobile/Shape6CGwY1W0YHd.png" />
      <file href="mobile/Shape5cYgWkfZ3Jd.png" />
      <file href="mobile/Shape6Fe9nOfBNlm.png" />
      <file href="mobile/Shape5X78fEOv9OM.png" />
      <file href="mobile/Shape66yumPrKYnM.png" />
      <file href="mobile/Shape6fcaTfKQBm7.png" />
      <file href="mobile/Shape6dlO0ziAeuB.png" />
      <file href="mobile/Shape6UCUu6fGbVm.png" />
      <file href="mobile/Shape6OYT5m5ySJ5.png" />
      <file href="mobile/Shape6ObtpbfEhDu.png" />
      <file href="mobile/Shape5wxRrI9j5jL.png" />
      <file href="mobile/Shape61QVe9ZhxW5.png" />
      <file href="mobile/Shape6V82Mmm4e7U.png" />
      <file href="mobile/Shape6e1bH4HzOdn.png" />
      <file href="mobile/Shape5qFPbwnl66k.png" />
      <file href="mobile/Shape5fyBvuGzko2.png" />
      <file href="mobile/Shape6Ihj9tQ6lLm.png" />
      <file href="mobile/Shape68SXZyB2ldy.png" />
      <file href="mobile/Shape6kvDDy5u7iM.png" />
      <file href="mobile/Shape6RvJNspxs0a.png" />
      <file href="mobile/Shape5dsMfSs6w7R.png" />
      <file href="mobile/Shape60QnPG1d8My.png" />
      <file href="mobile/Shape6HX8e8EUj4k.png" />
      <file href="mobile/Shape5Z3imGdlW07.png" />
      <file href="mobile/Shape6NlYR7QcL36.png" />
      <file href="mobile/Shape5cUSAgNqYjt.png" />
      <file href="mobile/Shape6GXyPSP3zfC.png" />
      <file href="mobile/Shape5ymzUXkjkXz.png" />
      <file href="mobile/Shape6Jn21nMEyo4.png" />
      <file href="mobile/Shape5ukKFl6Q19v.png" />
      <file href="mobile/Shape64iF6I7xhfM.png" />
      <file href="mobile/Shape5hLIBrpv4Oh.png" />
      <file href="mobile/Shape5z2h4gIzU9r.png" />
      <file href="mobile/Shape5wuHyjLUt4n.png" />
      <file href="mobile/Shape6TGyHPvVfsY.png" />
      <file href="mobile/Shape5uF0mo0vIkk.png" />
      <file href="mobile/Shape6SDHGw0GYe7.png" />
      <file href="mobile/Shape6YZxCCcVu8i.png" />
      <file href="mobile/Shape69Luj4uTejs.png" />
      <file href="mobile/Shape5tDran94QWT.png" />
      <file href="mobile/Shape6Oee3iRN5QL.png" />
      <file href="mobile/Shape5sJJbEY2hb0.png" />
      <file href="mobile/Shape60crNCJ0aYE.png" />
      <file href="mobile/Shape5tz9jlzL6a7.png" />
      <file href="mobile/Shape69GU66LglPZ.png" />
      <file href="mobile/Shape5tf0qU3UZZh.png" />
      <file href="mobile/Shape6Ni10pMm82c.png" />
      <file href="mobile/Shape5XXlSJORsHa.png" />
      <file href="mobile/Shape5e1zrryBL0i.png" />
      <file href="mobile/Shape6HVySJ19tvi.png" />
      <file href="mobile/Shape5dkaYovW94q.png" />
      <file href="mobile/Shape6147XiHCHRB.png" />
      <file href="mobile/Shape5kHDvJ2efqr.png" />
      <file href="mobile/Shape6glIh3IYXu8.png" />
      <file href="mobile/Shape5aGiYWqoT73.png" />
      <file href="mobile/Shape5dCYPyPyDdG.png" />
      <file href="mobile/Shape6notF7MpSYc.png" />
      <file href="mobile/Shape5kOD53oAPbf.png" />
      <file href="mobile/Shape62MRdOue8M8.png" />
      <file href="mobile/Shape6mP4crBXgyz.png" />
      <file href="mobile/Shape6WEtba6NuTw.png" />
      <file href="mobile/Shape6FVUOXpAN09.png" />
      <file href="mobile/Shape5xZS4hfY9Js.png" />
      <file href="mobile/Shape5jfeSna1zQC.png" />
      <file href="mobile/Shape6E45GkrxSu1.png" />
      <file href="mobile/Shape64cl7MrDsiG.png" />
      <file href="mobile/Shape5iLmzhomOkJ.png" />
      <file href="mobile/Shape6HjSfSLgLSN.png" />
      <file href="mobile/Shape5WMD2ZgPkuo.png" />
      <file href="mobile/Shape62HAyRPKd1j.png" />
      <file href="mobile/Shape6S08TyOQLoO.png" />
      <file href="mobile/Shape61cIb3agq3L.png" />
      <file href="mobile/Shape5VUwlZf2PH3.png" />
      <file href="mobile/Shape5cNdZ7B7WHF.png" />
      <file href="mobile/Shape6SgtCFcFDfY.png" />
      <file href="mobile/Shape6QzInAoXIph.png" />
      <file href="mobile/Shape6TRD4K9CK64.png" />
      <file href="mobile/Shape67uhP6Pkwlc.png" />
      <file href="mobile/Shape6cUyW2GpcKF.png" />
      <file href="mobile/Shape6MQEhzMNm1Y.png" />
      <file href="mobile/Shape66cOcAicPGw.png" />
      <file href="mobile/Shape6Guejbea7KF.png" />
      <file href="mobile/Shape6is6bgwij7s.png" />
      <file href="mobile/Shape6pfYflaIbgW.png" />
      <file href="mobile/Shape6E3kteZxD0j.png" />
      <file href="mobile/Shape6ZC25kZ6BxX.png" />
      <file href="mobile/Shape6oC2x6fsem5.png" />
      <file href="mobile/Shape5XfmgD7lfxt.png" />
      <file href="mobile/Shape6qswKrKzLMo.png" />
      <file href="mobile/Shape5oP8LycTx2C.png" />
      <file href="mobile/Shape6Qrw1lBVRFx.png" />
      <file href="mobile/Shape6QWgdd1Euyw.png" />
      <file href="mobile/Shape6WMtKmvMs2n.png" />
      <file href="mobile/Shape5yjggXP6yAL.png" />
      <file href="mobile/Shape6ILxFfT2A6H.png" />
      <file href="mobile/Shape5vBbob2aTtL.png" />
      <file href="mobile/Shape5lODshcYcPl.png" />
      <file href="mobile/Shape6d9SW00w2wH.png" />
      <file href="mobile/Shape6LGZTijhNkV.png" />
      <file href="mobile/Shape6AQv3BoUfpv.png" />
      <file href="mobile/Shape5yQCeyaZREt.png" />
      <file href="mobile/Shape5eGbtCwekGy.png" />
      <file href="mobile/Shape6aH5CL2HJ2O.png" />
      <file href="mobile/Shape5dRSsw2QZWF.png" />
      <file href="mobile/Shape5zIzFFnruXs.png" />
      <file href="mobile/Shape6RKKS4FakVV.png" />
      <file href="mobile/Shape60lIyodvvDI.png" />
      <file href="mobile/Shape6HTHqP2eVhw.png" />
      <file href="mobile/Shape5zA5arx4ahe.png" />
      <file href="mobile/Shape5YnVZo4Esf8.png" />
      <file href="mobile/Shape6V154aq4FOF.png" />
      <file href="mobile/Shape5XCdfhtKDQY.png" />
      <file href="mobile/Shape5XxGPhTYlkd.png" />
      <file href="mobile/Shape6QcNAfposfG.png" />
      <file href="mobile/Shape5YP5a8YxzSy.png" />
      <file href="mobile/Shape5fR1ewS9NhP.png" />
      <file href="mobile/Shape5cX9wVFUTUl.png" />
      <file href="mobile/Shape5WW2zCNFhHB.png" />
      <file href="mobile/Shape5soDiPCuk9I.png" />
      <file href="mobile/Shape5bD94paXD8h.png" />
      <file href="mobile/Slide6X0KsY5Hyv3.jpg" />
      <file href="mobile/txt__default_5wQbajurW02.png" />
      <file href="mobile/txt__default_5wQ5P5pGwCc.png" />
      <file href="mobile/txt__default_6A9RaSjNKaw.png" />
      <file href="mobile/txt__default_6cMKPqRaY7k.png" />
      <file href="mobile/txt__default_6MMJGdGsOvN.png" />
      <file href="mobile/txt__default_62AcuMgc7Iz.png" />
      <file href="mobile/txt__default_6RdQPDae6rS.png" />
      <file href="mobile/txt__default_65k2YN1VPJX.png" />
      <file href="mobile/txt__default_6aM7MkVpIBI.png" />
      <file href="mobile/txt__default_6kXteP37jHr.png" />
      <file href="mobile/txt__default_61wB5WtgpJc.png" />
      <file href="mobile/txt__default_6RLAYFzH2Vk.png" />
      <file href="mobile/txt__default_5oMmzj6thDq.png" />
      <file href="mobile/txt__default_5w4bdbaGAfh.png" />
      <file href="mobile/txt__default_5kJJVRn9haL.png" />
      <file href="mobile/txt__default_6UV8pVqtoRG.png" />
      <file href="mobile/txt__default_6GpqQdGRfFY.png" />
      <file href="mobile/txt__default_5kLfQV8eNaK.png" />
      <file href="mobile/txt__default_6adpztYGROL.png" />
      <file href="mobile/txt__default_5odvqwcbTEP.png" />
      <file href="mobile/txt__default_6JpdWYtpVGE.png" />
      <file href="mobile/txt__default_5aka7wmdSi0.png" />
      <file href="mobile/txt__default_69eYILrVZ5H.png" />
      <file href="mobile/txt__default_6QkDAKqGPr7.png" />
      <file href="mobile/txt__default_6eQ34gnWeQE.png" />
      <file href="mobile/txt__default_5yR3hKzzMbD.png" />
      <file href="mobile/txt__default_6pvuvgAYdih.png" />
      <file href="mobile/txt__default_6DGroGNGHz2.png" />
      <file href="mobile/txt__default_6V9RSZMzujE.png" />
      <file href="mobile/txt__default_6rm6fSoNk8D.png" />
      <file href="mobile/txt__default_6VoSNQyVIUN.png" />
      <file href="mobile/txt__default_5wifgVvt7Nn.png" />
      <file href="mobile/txt__default_6W4Ea5suyzs.png" />
      <file href="mobile/txt__default_6UQOo8ttjau.png" />
      <file href="mobile/txt__default_6Ggx8TZbSJu.png" />
      <file href="mobile/txt__default_6NDAOJZiChz.png" />
      <file href="mobile/txt__default_5qwn1TtKVA0.png" />
      <file href="mobile/txt__default_5WDv0yHyZ7l.png" />
      <file href="mobile/txt__default_5p02GL0FRhz.png" />
      <file href="mobile/txt__default_5fK8BCSAVCe.png" />
      <file href="mobile/txt__default_6X6jj83EDN9.png" />
      <file href="mobile/txt__default_5w5U37rSw3S.png" />
      <file href="mobile/txt__default_6hlMxP6G9nJ.png" />
      <file href="mobile/txt__default_5W21iuKbWLF.png" />
      <file href="mobile/txt__default_5xQ9FVVoXfV.png" />
      <file href="mobile/txt__default_6g39l3BhLDI.png" />
      <file href="mobile/txt__default_6BU7RMyoIwt.png" />
      <file href="mobile/txt__default_6J9fkLzkY0l.png" />
      <file href="mobile/txt__default_6hjYhb9Ei2j.png" />
      <file href="mobile/txt__default_6lkDtvIQzTF.png" />
      <file href="mobile/txt__default_5fZZESfelmM.png" />
      <file href="mobile/txt__default_5rq52PrMgF4.png" />
      <file href="mobile/txt__default_6SeATNagMfj.png" />
      <file href="mobile/txt__default_6k3EjZ6OI0c.png" />
      <file href="mobile/txt__default_5iOExKN2tZU.png" />
      <file href="mobile/txt__default_6FxujptUNfR.png" />
      <file href="mobile/txt__default_6nTDzNABIfx.png" />
      <file href="mobile/txt__default_5ldVIqJoibw.png" />
      <file href="mobile/txt__default_6J5trE1u3X5.png" />
      <file href="mobile/txt__default_62LZMssgg2r.png" />
      <file href="mobile/txt__default_6lpet19eled.png" />
      <file href="mobile/txt__default_6QJ9a1XbkGm.png" />
      <file href="mobile/txt__default_5YNMO1fGrZX.png" />
      <file href="mobile/txt__default_62uikSCUYvY.png" />
      <file href="mobile/txt__default_6pBSYKPyA6f.png" />
      <file href="mobile/txt__default_5oWUbdoA8Xx.png" />
      <file href="mobile/txt__default_6V6RzSy7tIc.png" />
      <file href="mobile/txt__default_5jgONhr94Gr.png" />
      <file href="mobile/txt__default_62pveqGDhSr.png" />
      <file href="mobile/txt__default_6XvI2TNH72J.png" />
      <file href="mobile/txt__default_6piqDOS4UiQ.png" />
      <file href="mobile/txt__default_5Yb3XQ5BIyn.png" />
      <file href="mobile/txt__default_62uAhF8XyuA.png" />
      <file href="mobile/txt__default_6ImIirUpKhp.png" />
      <file href="mobile/txt__default_5ZVW5EKGWRa.png" />
      <file href="mobile/txt__default_5tb3dSvkbVJ.png" />
      <file href="mobile/txt__default_616PWboHeec.png" />
      <file href="mobile/txt__default_6qGkPomEyKn.png" />
      <file href="mobile/txt__default_5mfNtMHjCZN.png" />
      <file href="mobile/txt__default_65d62gyip3U.png" />
      <file href="mobile/txt__default_6iebIdcHXHb.png" />
      <file href="mobile/txt__default_6Q4AJKU9gOi.png" />
      <file href="mobile/txt__default_6laRduwnqxe.png" />
      <file href="mobile/txt__default_6DC4jqdVz0h.png" />
      <file href="mobile/txt__default_6HFP3TL0FKs.png" />
      <file href="mobile/txt__default_62uz0VBUkpd.png" />
      <file href="mobile/txt__default_6KrhunukjzP.png" />
      <file href="mobile/txt__default_6Eu7eDz2cxm.png" />
      <file href="mobile/txt__default_5luou1iZerV.png" />
      <file href="mobile/txt__default_5zzXB0F2Ixj.png" />
      <file href="mobile/txt__default_6co7fmPAEO2.png" />
      <file href="mobile/txt__default_5yMjZfqDw2v.png" />
      <file href="mobile/txt__default_657jbywFKiL.png" />
      <file href="mobile/txt__default_6pTGGCON4cd.png" />
      <file href="mobile/txt__default_5zUZuIJOin9.png" />
      <file href="mobile/txt__default_5ZiJYE3hXTK.png" />
      <file href="mobile/txt__default_5wm0ZJM3uTR.png" />
      <file href="mobile/txt__default_6rPlDGUToqA.png" />
      <file href="mobile/txt__default_5XgT3cWBxiq.png" />
      <file href="mobile/txt__default_6QFO5hpJ29W.png" />
      <file href="mobile/txt__default_6dsu0IWtRXc.png" />
      <file href="mobile/txt__default_6Dk696tMH5C.png" />
      <file href="mobile/txt__default_6WrqcsiowQe.png" />
      <file href="mobile/txt__default_6l490llA014.png" />
      <file href="mobile/txt__default_61EhiBHl2XS.png" />
      <file href="mobile/txt__default_6fou9MIsEOr.png" />
      <file href="mobile/txt__default_61JRzgYR6TR.png" />
      <file href="mobile/txt__default_5Y4cvBirJ0x.png" />
      <file href="mobile/txt__default_612hHKSsnDR.png" />
      <file href="mobile/txt__default_6OlYYLBHqsk.png" />
      <file href="mobile/txt__default_6pY9MehgWLD.png" />
      <file href="mobile/txt__default_6fw9bWQ2fgC.png" />
      <file href="mobile/txt__default_6l6oY3Rmnx1.png" />
      <file href="mobile/txt__default_6YrrqYHETsD.png" />
      <file href="mobile/txt__default_5jsAr4r8Gui.png" />
      <file href="mobile/txt__default_5p9zrVT0uoB.png" />
      <file href="mobile/txt__default_6WCe4RQZwqD.png" />
      <file href="mobile/txt__default_6NJ7jFkpDWN.png" />
      <file href="mobile/txt__default_66N06Z2AUlR.png" />
      <file href="mobile/txt__default_6Kmj1voJuoN.png" />
      <file href="mobile/txt__default_6kxxg1Vqwmh.png" />
      <file href="mobile/txt__default_64Gw60C3KZi.png" />
      <file href="mobile/txt__default_66ogxdHlYd3.png" />
      <file href="mobile/txt__default_6mrAhIPavpy.png" />
      <file href="mobile/txt__default_5bzpqpo11Vr.png" />
      <file href="mobile/txt__default_5hTkqFciJly.png" />
      <file href="mobile/txt__default_5f68dg1vTO1.png" />
      <file href="mobile/txt__default_5lgUnnjhSqS.png" />
      <file href="mobile/txt__default_5yigmXo4HpG.png" />
      <file href="mobile/txt__default_5zB4jb9NuaB.png" />
      <file href="mobile/txt__default_5ds9JB9e36h.png" />
      <file href="mobile/txt__default_60GRZGfQBrZ.png" />
      <file href="mobile/txt__default_6ipA0RNbwjE.png" />
      <file href="mobile/txt__default_6ACz2zB8xNS.png" />
      <file href="mobile/txt__default_6W5i9glPYFl.png" />
      <file href="mobile/txt__default_5oCla9ST04F.png" />
      <file href="mobile/txt__default_67yMMeNr3Rr.png" />
      <file href="mobile/txt__default_6q4ko8DqiiL.png" />
      <file href="mobile/txt__default_5eq2hHtoHAj.png" />
      <file href="mobile/txt__default_5hIhJXuKkml.png" />
      <file href="mobile/txt__default_6g1oCisQJvu.png" />
      <file href="mobile/txt__default_5t9RdUQ4x0K.png" />
      <file href="mobile/txt__default_6mrTgKIcA7g.png" />
      <file href="mobile/txt__default_66DQ7gXmiRC.png" />
      <file href="mobile/Shape5uwFzOwOJ7X.png" />
      <file href="mobile/Shape6fLCVuOkgzw.png" />
      <file href="mobile/Shape5zjSgtjYAXy.png" />
      <file href="mobile/Shape5nH5ESN8AlE.png" />
      <file href="mobile/Shape6nlSBWK9vP0.png" />
      <file href="mobile/Shape6jgXnYqdQhv.png" />
      <file href="mobile/Shape6XoLNMWCN2J.png" />
      <file href="mobile/Shape5ox93RLXHUQ.png" />
      <file href="mobile/Shape6B5Nn2Fa7TX.png" />
      <file href="mobile/Shape6erlaUka0Ca.png" />
      <file href="mobile/Shape5bGVmEdjScD.png" />
      <file href="mobile/Shape6cr6oZGaXjC.png" />
      <file href="mobile/Shape6E8SE4wbSwo.png" />
      <file href="mobile/Shape6LxmlLiOhkP.png" />
      <file href="mobile/Shape6emO8pveWs2.png" />
      <file href="mobile/Shape6fe8d2jKU7S.png" />
      <file href="mobile/Shape695Zbrg0ngy.png" />
      <file href="mobile/Shape6EGeONODAVi.png" />
      <file href="mobile/Shape5cKecVmw43r.png" />
      <file href="mobile/Shape6qA8w4vrHPE.png" />
      <file href="mobile/Shape5d1mjBqllYU.png" />
      <file href="mobile/Shape6liNDtJ11SD.png" />
      <file href="mobile/Shape5VVHFw2pGRX.png" />
      <file href="mobile/Shape6gU5LifwUQj.png" />
      <file href="mobile/Shape6DVQwBeO0k7.png" />
      <file href="mobile/Shape64kAnwjrdi1.png" />
      <file href="mobile/Shape6cUZgbHwhGX.png" />
      <file href="mobile/Shape61RCtbeOjlu.png" />
      <file href="mobile/Shape62Z1TyK5pPB.png" />
      <file href="mobile/Shape5V7d3U2aXVF.png" />
      <file href="mobile/Shape6hdC8M4dMP7.png" />
      <file href="mobile/Shape5jl8NjIGe71.png" />
      <file href="mobile/Shape6JGRNeil00n.png" />
      <file href="mobile/Shape6OUjI1MrDTf.png" />
      <file href="mobile/Shape6aV1SL0OAe3.png" />
      <file href="mobile/Shape68Ffz38j5PN.png" />
      <file href="mobile/Shape6Zr7p3vIRJP.png" />
      <file href="mobile/Shape6r2FW9mrvBN.png" />
      <file href="mobile/Shape5h8cSezQ9ZT.png" />
      <file href="mobile/Shape6YlxL7HTcoA.png" />
      <file href="mobile/Shape6HbRoCFxEBE.png" />
      <file href="mobile/Shape5xhIrcyZ278.png" />
      <file href="mobile/Shape6U5miJAiM9F.png" />
      <file href="mobile/Shape6ZdjppiclEj.png" />
      <file href="mobile/Shape5YpdQkpfKHv.png" />
      <file href="mobile/Shape5zRIj87crER.png" />
      <file href="mobile/Shape66Wgj2HiI5S.png" />
      <file href="mobile/Shape5e9NeZtHytw.png" />
      <file href="mobile/Shape6NEfktfqmmI.png" />
      <file href="mobile/Shape5VL2QKSWM7x.png" />
      <file href="mobile/Shape5mHmYfGHEnQ.png" />
      <file href="mobile/Shape6TzoSJDDASd.png" />
      <file href="mobile/Shape5mJRQyxRaa1.png" />
      <file href="mobile/Shape5m8SGsFtj7z.png" />
      <file href="mobile/Shape5qklPX57ixK.png" />
      <file href="mobile/Shape5gHIGFN5EEl.png" />
      <file href="mobile/Shape5oDCfEj5I0K.png" />
      <file href="mobile/Shape5vfZg7Qsm5R.png" />
      <file href="mobile/Shape5ybIzbgFHZa.png" />
      <file href="mobile/Shape5kiVLaBY8UR.png" />
      <file href="mobile/Shape6giWCLm5ywQ.png" />
      <file href="mobile/Shape5m2S3Vn4Pn9.png" />
      <file href="mobile/Shape6Ke7Y8dckWN.png" />
      <file href="mobile/Shape5Wn2JQ9K5Id.png" />
      <file href="mobile/Shape6pfoi5BmNlF.png" />
      <file href="mobile/Shape5ogkYvs7WUq.png" />
      <file href="mobile/Shape6f07nZ9sYlJ.png" />
      <file href="mobile/Shape5k5DX2wmzQH.png" />
      <file href="mobile/Shape5vtSLTLO6aG.png" />
      <file href="mobile/Shape674y3A2kLho.png" />
      <file href="mobile/Shape6IZkkptL0Ti.png" />
      <file href="mobile/Shape6GsIQQeAiUO.png" />
      <file href="mobile/Shape5a4h1Z8Suke.png" />
      <file href="mobile/Shape6VzUqNHPqje.png" />
      <file href="mobile/Shape5dfFQkAl5ma.png" />
      <file href="mobile/Shape5dAnnzZR2R4.png" />
      <file href="mobile/Shape5YlBTXvWBMM.png" />
      <file href="mobile/Shape6euOFk23zQ4.png" />
      <file href="mobile/Shape6JvGnUUngHh.png" />
      <file href="mobile/Shape6MNM92A3uXS.png" />
      <file href="mobile/Shape6bMMJ7A5xTv.png" />
      <file href="mobile/Shape6PXkv5HlKkv.png" />
      <file href="mobile/Shape5tmbCS4ReL3.png" />
      <file href="mobile/Shape5zPD5Y27Txg.png" />
      <file href="mobile/Shape6J72dyStKy9.png" />
      <file href="mobile/Shape6Vh8kkkwryb.png" />
      <file href="mobile/Shape69SCRtoQMrp.png" />
      <file href="mobile/Shape65Ey3jwHSPn.png" />
      <file href="mobile/Shape5hEuhYkMKDT.png" />
      <file href="mobile/Shape6gWvomTQf5O.png" />
      <file href="mobile/Shape5peFjD9Z2bP.png" />
      <file href="mobile/Shape5m4f8wakWhi.png" />
      <file href="mobile/Shape6aQB1eCW5W4.png" />
      <file href="mobile/Shape5jI7JNtKULE.png" />
      <file href="mobile/Shape5dqCjHf7bSd.png" />
      <file href="mobile/Shape5olficTtF2q.png" />
      <file href="mobile/Shape5yOuTp4FXqX.png" />
      <file href="mobile/Shape6S7ez5xTxFf.png" />
      <file href="mobile/Shape5a1Z9Y5TQGl.png" />
      <file href="mobile/Shape6ErSZX03n33.png" />
      <file href="mobile/Shape5sxCbDpdSlv.png" />
      <file href="mobile/Shape6gxOJdbJ3TK.png" />
      <file href="mobile/Shape5d2ZuD6vjSr.png" />
      <file href="mobile/Shape5rL7e75tWRa.png" />
      <file href="mobile/Shape5ynbYAhXROp.png" />
      <file href="mobile/Shape5qCW6Qor5GO.png" />
      <file href="mobile/Shape5bfkrzX7v9e.png" />
      <file href="mobile/Shape5i5hc0N4yQ9.png" />
      <file href="mobile/Shape6X6jKl0CiD1.png" />
      <file href="mobile/Shape6DMwLNICr3B.png" />
      <file href="mobile/Shape6BWx4y35IHP.png" />
      <file href="html5/lib/scripts/ds-frame.desktop.min.js" />
      <file href="html5/lib/scripts/ds-slides.min.js" />
      <file href="html5/lib/scripts/ds-frame.mobile.min.js" />
      <file href="html5/lib/scripts/ds-bootstrap.min.js" />
      <file href="html5/lib/stylesheets/mobile.min.css" />
      <file href="html5/lib/stylesheets/desktop.min.css" />
      <file href="html5/lib/stylesheets/mobile-fonts/open-sans-light.woff" />
      <file href="html5/lib/stylesheets/mobile-fonts/open-sans-bold.woff" />
      <file href="html5/lib/stylesheets/mobile-fonts/open-sans-regular.woff" />
      <file href="html5/data/css/output.min.css" />
      <file href="html5/data/js/6QvAWOJDrnf.js" />
      <file href="html5/data/js/5Uw4bnZqbvr.js" />
      <file href="html5/data/js/61peqbUUcWP.js" />
      <file href="html5/data/js/6RmGgkHM0d0.js" />
      <file href="html5/data/js/6mW3gjuxmVz.js" />
      <file href="html5/data/js/6otb1Vtn3Uf.js" />
      <file href="html5/data/js/5iiPEnsF7VP.js" />
      <file href="html5/data/js/5cC5TxI87RA.js" />
      <file href="html5/data/js/674uECBXcX9.js" />
      <file href="html5/data/js/6YRw3kUStyK.js" />
      <file href="html5/data/js/6SNiyWNyF7m.js" />
      <file href="html5/data/js/5pVB7UOXnMZ.js" />
      <file href="html5/data/js/6SaDcnnUsI1.js" />
      <file href="html5/data/js/5jrPox361dd.js" />
      <file href="html5/data/js/64xrqPYshGf.js" />
      <file href="html5/data/js/6fcPAU1MTNE.js" />
      <file href="html5/data/js/66tmTdxNbGZ.js" />
      <file href="html5/data/js/609uphMUWQy.js" />
      <file href="html5/data/js/5kcxItERDUY.js" />
      <file href="html5/data/js/5mnF5ZaUOq2.js" />
      <file href="html5/data/js/5WBC2ee8Sea.js" />
      <file href="html5/data/js/6NtebtE36cK.js" />
      <file href="html5/data/js/6ZGZKvYa2kp.js" />
      <file href="html5/data/js/63IIRakBYRf.js" />
      <file href="html5/data/js/6aoHkmrbrvv.js" />
      <file href="html5/data/js/6ACzlPXCA1i.js" />
      <file href="html5/data/js/5iTGMoalYgg.js" />
      <file href="html5/data/js/6OHqnxlbznw.js" />
      <file href="html5/data/js/6OkJ4DH2EGz.js" />
      <file href="html5/data/js/6C2wlTJqVkD.js" />
      <file href="html5/data/js/5lIspcugScG.js" />
      <file href="html5/data/js/6PP5petsmPw.js" />
      <file href="html5/data/js/5fn9qqNdHxS.js" />
      <file href="html5/data/js/6ej8Mriieck.js" />
      <file href="html5/data/js/5kVY2Fxl1OJ.js" />
      <file href="html5/data/js/5zXXO3H0cxZ.js" />
      <file href="html5/data/js/5g72avQfrOb.js" />
      <file href="html5/data/js/6nvsy13pCfc.js" />
      <file href="html5/data/js/5xWZvDkBHpm.js" />
      <file href="html5/data/js/5XEX0RHzF0i.js" />
      <file href="html5/data/js/6pJwPDPv6XY.js" />
      <file href="html5/data/js/6dQXUfSCZct.js" />
      <file href="html5/data/js/5s9bWTYmSfr.js" />
      <file href="html5/data/js/6Nz7ktCQebw.js" />
      <file href="html5/data/js/6VOUNs1BQsc.js" />
      <file href="html5/data/js/6Zrufn6sh7h.js" />
      <file href="html5/data/js/5ogg8ZpT26C.js" />
      <file href="html5/data/js/6RT8CZXowAC.js" />
      <file href="html5/data/js/6A5qEaDfayo.js" />
      <file href="html5/data/js/6jKXGpLn5Ze.js" />
      <file href="html5/data/js/6hZlQXxLhQf.js" />
      <file href="html5/data/js/6FklSEoknuV.js" />
      <file href="html5/data/js/5g4dOnCtFDD.js" />
      <file href="html5/data/js/6Wx59z0q2Bl.js" />
      <file href="html5/data/js/5qYiAWddgkm.js" />
      <file href="html5/data/js/6flnIbc4sMm.js" />
      <file href="html5/data/js/5a0wQcf7DtO.js" />
      <file href="html5/data/js/6oeWFQfPAGn.js" />
      <file href="html5/data/js/6W5o4PKA45M.js" />
      <file href="html5/data/js/5lgRzjwoatm.js" />
      <file href="html5/data/js/65uZksGm4Hb.js" />
      <file href="html5/data/js/6LlvuhvtWFz.js" />
      <file href="html5/data/js/6dx3rDeFAZm.js" />
      <file href="html5/data/js/5oOcOcxyZgq.js" />
      <file href="html5/data/js/5j5mg2W2YBH.js" />
      <file href="html5/data/js/5kbd4zzGdpN.js" />
      <file href="html5/data/js/5cTYcNLOGUP.js" />
      <file href="html5/data/js/5uLtfvE0iGn.js" />
      <file href="html5/data/js/6WNg64YksO7.js" />
      <file href="html5/data/js/6XS7CJNnbwz.js" />
      <file href="html5/data/js/63EgeFU14Tp.js" />
      <file href="html5/data/js/5xZIXoo7o6H.js" />
      <file href="html5/data/js/6UmOW2FcbCA.js" />
      <file href="html5/data/js/6l7rdtDCXCb.js" />
      <file href="html5/data/js/paths.js" />
      <file href="html5/data/js/5iqY7WZQgxp.js" />
      <file href="html5/data/js/5qQT0edpfYU.js" />
      <file href="html5/data/js/6cFYezS8zPd.js" />
      <file href="html5/data/js/5ZurPBykRdS.js" />
      <file href="html5/data/js/5yDj3J8F07N.js" />
      <file href="html5/data/js/6HpSRieU7LZ.js" />
      <file href="html5/data/js/68JKXKu1Kvs.js" />
      <file href="html5/data/js/6aUwBhmnOSF.js" />
      <file href="html5/data/js/6E9Nej7kXqW.js" />
      <file href="html5/data/js/6byJ6SKVP9g.js" />
      <file href="html5/data/js/69LrS7xpQZ9.js" />
      <file href="html5/data/js/6cqMf4CbyEx.js" />
      <file href="html5/data/js/69DBhpOxIqT.js" />
      <file href="html5/data/js/5iYlrYTrHcV.js" />
      <file href="html5/data/js/6d5aY42fQSX.js" />
      <file href="html5/data/js/5kuUSxySBt1.js" />
      <file href="html5/data/js/6SzoNdODt0U.js" />
      <file href="html5/data/js/6KARL6uNJDb.js" />
      <file href="html5/data/js/6ekSVfyhO49.js" />
      <file href="html5/data/js/6RCJiHAiYOW.js" />
      <file href="html5/data/js/6BaSeM7X4de.js" />
      <file href="html5/data/js/6Yw0I1aejGL.js" />
      <file href="html5/data/js/5iHeuQqVU5i.js" />
      <file href="html5/data/js/6F9FUzcW5lC.js" />
      <file href="html5/data/js/5UriE5kdA0k.js" />
      <file href="html5/data/js/5mV1gKN8TLc.js" />
      <file href="html5/data/js/6parC2kEGLw.js" />
      <file href="html5/data/js/5izxToL0ovL.js" />
      <file href="html5/data/js/5pbJBm9qlDf.js" />
      <file href="html5/data/js/5ai7tcRDZfA.js" />
      <file href="html5/data/js/674IDc3U1vx.js" />
      <file href="html5/data/js/6oHBNq2Wgsw.js" />
      <file href="html5/data/js/6aNAbJZU2Dl.js" />
      <file href="html5/data/js/data.js" />
      <file href="html5/data/js/674BdGSGanm.js" />
      <file href="html5/data/js/6WxxxRNIJVo.js" />
      <file href="html5/data/js/63nffUXSHnC.js" />
      <file href="html5/data/js/6Q91zIoRSp3.js" />
      <file href="html5/data/js/6bd3SBhYd1x.js" />
      <file href="html5/data/js/6FkDPfQtauy.js" />
      <file href="html5/data/js/5oL4uz1Dc6d.js" />
      <file href="html5/data/js/5zP0iYyKGhh.js" />
      <file href="html5/data/js/5gbziIFOVlT.js" />
      <file href="html5/data/js/5X1rR1iVpCI.js" />
      <file href="html5/data/js/6YPu5FPkq7n.js" />
      <file href="html5/data/js/6pUqOmGHiZ9.js" />
      <file href="html5/data/js/6e992qcjeeb.js" />
      <file href="html5/data/js/69qM1fwM2ZG.js" />
      <file href="html5/data/js/5flaaFD2w2b.js" />
      <file href="html5/data/js/66Gy7DaI2nZ.js" />
      <file href="html5/data/js/6Enm7s1LCgW.js" />
      <file href="html5/data/js/65UqyNLoOc9.js" />
      <file href="html5/data/js/6MGmokmi9fH.js" />
      <file href="html5/data/js/5ccMBdRchgf.js" />
      <file href="html5/data/js/5qxjazTMtbg.js" />
      <file href="html5/data/js/5pwklLLzHoF.js" />
      <file href="html5/data/js/6oOhe1A10NU.js" />
      <file href="html5/data/js/620ZUQA0NZQ.js" />
      <file href="html5/data/js/6BHYx8CsIQK.js" />
      <file href="html5/data/js/5aepzUU2vCB.js" />
      <file href="html5/data/js/5eu0artyk1C.js" />
      <file href="html5/data/js/6RNi1pyDXW2.js" />
      <file href="html5/data/js/5x90Ag1W0jA.js" />
      <file href="html5/data/js/6HDHZl8NJgV.js" />
      <file href="html5/data/js/6CxwJpbyHgD.js" />
      <file href="html5/data/js/5u5uYJpXsdO.js" />
      <file href="html5/data/js/669RjVYjRr0.js" />
      <file href="html5/data/js/5hvYF9AJ87L.js" />
      <file href="html5/data/js/6HBZhJiTC2R.js" />
      <file href="html5/data/js/6QtNuvduGBl.js" />
      <file href="html5/data/js/6Ht5hMfIffc.js" />
      <file href="html5/data/js/6mU79YdqiFM.js" />
      <file href="html5/data/js/6bLKLYct6oW.js" />
      <file href="html5/data/js/64YyIpHOQAK.js" />
      <file href="html5/data/js/65YxKCSZYli.js" />
      <file href="html5/data/js/6LLBm8tCFi0.js" />
      <file href="html5/data/js/6SWmek6X1Fe.js" />
      <file href="html5/data/js/5ZmOE34i4M9.js" />
      <file href="html5/data/js/6J5igej75Iw.js" />
      <file href="html5/data/js/6H2e0JGPUil.js" />
      <file href="html5/data/js/6HiVk1KMyn6.js" />
      <file href="html5/data/js/5oqZbSy4ZxY.js" />
      <file href="html5/data/js/6knEL5ynpTC.js" />
      <file href="html5/data/js/6MZkpOOBooQ.js" />
      <file href="html5/data/js/6lvf4Dc8wdi.js" />
      <file href="html5/data/js/6aCoIUJIfx8.js" />
      <file href="html5/data/js/frame.js" />
      <file href="html5/data/js/6lovxuLm5zD.js" />
      <file href="html5/data/js/6AGP6qheotb.js" />
      <file href="html5/data/js/6ar5qFu9G08.js" />
      <file href="html5/data/js/6CeQQtqTUS2.js" />
      <file href="html5/data/js/67gh8ecAUec.js" />
      <file href="html5/data/js/65ASIGA0lIi.js" />
      <file href="html5/data/js/6bbrnCOUOPT.js" />
      <file href="html5/data/js/6YhPj2ii503.js" />
      <file href="html5/data/js/68573TzeUVT.js" />
      <file href="html5/data/js/6Zde1i5ZY9l.js" />
      <file href="html5/data/js/6eRXCNXUHqp.js" />
      <file href="html5/data/js/5bqlaKn6Nrj.js" />
      <file href="html5/data/js/6EQc6VpfJSx.js" />
      <file href="analytics-frame.html" />
      <file href="story.html" />
      <file href="index_lms.html" />
      <file href="lms/AICCComm.html" />
      <file href="lms/AICCFunctions.js" />
      <file href="lms/API.js" />
      <file href="lms/APIConstants.js" />
      <file href="lms/blank.html" />
      <file href="lms/browsersniff.js" />
      <file href="lms/Configuration.js" />
      <file href="lms/goodbye.html" />
      <file href="lms/lms.js" />
      <file href="lms/LMSAPI.js" />
      <file href="lms/NONEFunctions.js" />
      <file href="lms/SCORM2004Functions.js" />
      <file href="lms/SCORMFunctions.js" />
      <file href="lms/UtilityFunctions.js" />
    </resource>
  </resources>
</manifest>