﻿<?xml version="1.0" encoding="utf-8"?>
<manifest identifier="_5xU8fdujaex_course_id" version="1.0" xmlns="http://www.imsproject.org/xsd/imscp_rootv1p1p2" xmlns:adlcp="http://www.adlnet.org/xsd/adlcp_rootv1p2" xmlns:xsi="http://www.w3.org/2001/XMLSchema-instance" xsi:schemaLocation="http://www.imsproject.org/xsd/imscp_rootv1p1p2 imscp_rootv1p1p2.xsd http://www.imsglobal.org/xsd/imsmd_rootv1p2p1 imsmd_rootv1p2p1.xsd http://www.adlnet.org/xsd/adlcp_rootv1p2 adlcp_rootv1p2.xsd">
  <metadata>
    <schema>ADL SCORM</schema>
    <schemaversion>1.2</schemaversion>
    <lom xmlns="http://www.imsglobal.org/xsd/imsmd_rootv1p2p1" xmlns:xsi="http://www.w3.org/2001/XMLSchema-instance" xsi:schemaLocation="http://www.imsglobal.org/xsd/imsmd_rootv1p2p1 imsmd_rootv1p2p1.xsd">
      <general>
        <title>
          <langstring xml:lang="x-none">Sicherheit erklärt: Buffer Overflow</langstring>
        </title>
      </general>
      <lifecycle>
        <version>
          <langstring xml:lang="x-none">1</langstring>
        </version>
        <status>
          <source>
            <langstring xml:lang="x-none">LOMv1.0</langstring>
          </source>
          <value>
            <langstring xml:lang="x-none">Final</langstring>
          </value>
        </status>
      </lifecycle>
      <metametadata>
        <metadatascheme>ADL SCORM 1.2</metadatascheme>
      </metametadata>
      <educational>
        <typicallearningtime>
          <datetime>PT0H0M0S</datetime>
        </typicallearningtime>
      </educational>
      <rights>
        <cost>
          <source>
            <langstring xml:lang="x-none">LOMv1.0</langstring>
          </source>
          <value>
            <langstring xml:lang="x-none">yes</langstring>
          </value>
        </cost>
        <copyrightandotherrestrictions>
          <source>
            <langstring xml:lang="x-none">LOMv1.0</langstring>
          </source>
          <value>
            <langstring xml:lang="x-none">yes</langstring>
          </value>
        </copyrightandotherrestrictions>
      </rights>
    </lom>
  </metadata>
  <organizations default="Sicherheit_erklärt:_Buffer_Overflow_ORG">
    <organization identifier="Sicherheit_erklärt:_Buffer_Overflow_ORG">
      <title>Sicherheit erklärt: Buffer Overflow</title>
      <item identifier="BO_2.1_SCO" isvisible="true" identifierref="__5xU8fdujaex_course_id_RES">
        <title>Sicherheit erklärt: Buffer Overflow</title>
      </item>
    </organization>
  </organizations>
  <resources>
    <resource identifier="__5xU8fdujaex_course_id_RES" type="webcontent" href="index_lms.html" adlcp:scormtype="sco">
      <file href="story_content/thumbnail.jpg" />
      <file href="story_content/6NLjOzHljdt_44100_48_1.mp3" />
      <file href="mobile/6Ulj3DrWzHX_80_DX818_DY818_CX643_CY513.png" />
      <file href="story_content/67V3JfMjL47_44100_48_1.mp3" />
      <file href="mobile/6OGwtLmg0mO_80_P_69_21_181_104_DX642_DY642_CX181_CY104.png" />
      <file href="mobile/6dwgwpCFwpc_80_P_127_65_365_178_DX890_DY890_CX365_CY178.png" />
      <file href="mobile/6CF6jApV0MW_80_DX818_DY818_CX643_CY513.png" />
      <file href="story_content/6X4KzorFnJ6_44100_48_1.mp3" />
      <file href="mobile/6EZGLvPxW6C_80_DX810_DY810_CX168_CY635.png" />
      <file href="mobile/62RZAqpMZb6_80_DX810_DY810_CX387_CY637.png" />
      <file href="story_content/6INMuLa0Tw6_44100_48_1.mp3" />
      <file href="story_content/5W2JQcnSkN4_44100_48_1.mp3" />
      <file href="mobile/6PrLwu2R6Ph_80_DX1440_DY1440_CX1133_CY755.jpg" />
      <file href="mobile/6XFgqLVV0wd_80_DX1338_DY1338_CX1053_CY702.jpg" />
      <file href="mobile/5cJ35vcL9vN_80_P_115_0_218_367_DX444_DY444_CX201_CY338.png" />
      <file href="story_content/6Qvmit777BU_44100_48_1.mp3" />
      <file href="story_content/6gAJfwpJ5vb_44100_48_1.mp3" />
      <file href="story_content/65A8tGmOq1j_44100_48_1.mp3" />
      <file href="story_content/5xgnHcczKWc_44100_48_1.mp3" />
      <file href="mobile/5vdCDoARJBN_80_DX490_DY490_CX385_CY237.jpg" />
      <file href="story_content/6NGDnkJlsAv_44100_48_1.mp3" />
      <file href="story_content/6TEfmskR8r5_44100_48_1.mp3" />
      <file href="mobile/5a79TSYYUrx_80_DX568_DY568_CX177_CY443.png" />
      <file href="story_content/5dPjIJOm6f4_44100_48_1.mp3" />
      <file href="mobile/6dPdQDWVHXx_80_B-10_DX434_DY434_CX341_CY265.png" />
      <file href="story_content/6We8cIArrCN_44100_48_1.mp3" />
      <file href="story_content/6JTUf1PWYY3_44100_48_1.mp3" />
      <file href="story_content/6pMjZseXGNd_44100_48_1.mp3" />
      <file href="story_content/6ZVITgjeo2H_44100_48_1.mp3" />
      <file href="story_content/5YsgjSlrOl9_44100_48_1.mp3" />
      <file href="story_content/5jsCOwU98Lv_44100_48_1.mp3" />
      <file href="mobile/5erFTxx4cuN_80_DX608_DY608_CX478_CY342.jpg" />
      <file href="story_content/6TJ2QLybxKN_44100_48_1.mp3" />
      <file href="story_content/6p23bPXT5qf_44100_48_1.mp3" />
      <file href="mobile/6PSRu7AAq6F_80_DX300_DY300_CX236_CY161.jpg" />
      <file href="mobile/65zyGxpOqt8_80_DX426_DY426_CX314_CY150.jpg" />
      <file href="story_content/5VIwyogVbt5_44100_48_1.mp3" />
      <file href="story_content/5eN6BRfZlqi_44100_48_1.mp3" />
      <file href="story_content/6NWuzIGaWnZ_44100_48_1.mp3" />
      <file href="story_content/5xApqL8IAtR_44100_48_1.mp3" />
      <file href="story_content/5mVEAOIaw53_44100_48_1.mp3" />
      <file href="mobile/6WuShd2gZ7B_80_DX1300_DY1300_CX852_CY414.jpg" />
      <file href="story_content/645vEn6b6P9_44100_48_1.mp3" />
      <file href="mobile/6DkgoOgpT1M_80_DX810_DY810_CX283_CY635.png" />
      <file href="mobile/5vqSKZcDFMp_80_DX810_DY810_CX214_CY636.png" />
      <file href="story_content/5ubJDMOv3xD_44100_48_1.mp3" />
      <file href="mobile/6DjMCqhmOF9_80_DX474_DY474_CX370_CY356.jpg" />
      <file href="mobile/6TMnEwaFlFt_80_DX616_DY616_CX484_CY245.jpg" />
      <file href="mobile/6D3uxC11013_80_DX616_DY616_CX484_CY327.jpg" />
      <file href="mobile/5rDFkNcJ5M6_80_DX804_DY804_CX402_CY187.jpg" />
      <file href="mobile/5sDNTB8mnuF_80_DX780_DY780_CX390_CY208.jpg" />
      <file href="mobile/6lXKBNAsOSQ_80_DX806_DY806_CX403_CY143.jpg" />
      <file href="mobile/6GtujRR6qLk_80_DX810_DY810_CX405_CY222.jpg" />
      <file href="mobile/6DewyI9uqnq_80_DX1006_DY1006_CX503_CY285.jpg" />
      <file href="meta.xml" />
      <file href="story_content/user.js" />
      <file href="mobile/Slide6P43wn4yFse.jpg" />
      <file href="mobile/txt__default_5tgU95krtyL.png" />
      <file href="mobile/txt__default_5UndYCJR0gk.png" />
      <file href="mobile/txt__default_6PDKC5jmrrB.png" />
      <file href="mobile/txt__default_66MVNXH33gb.png" />
      <file href="mobile/txt__default_5etx08xAJsE.png" />
      <file href="mobile/txt__default_5g9iVzgsiLb.png" />
      <file href="mobile/txt__default_66GX93uGV8P.png" />
      <file href="mobile/txt__default_6lHR6vBzzgQ.png" />
      <file href="html5/lib/scripts/ds-frame.desktop.min.js" />
      <file href="html5/lib/scripts/ds-slides.min.js" />
      <file href="html5/lib/scripts/ds-frame.mobile.min.js" />
      <file href="html5/lib/scripts/ds-bootstrap.min.js" />
      <file href="html5/lib/stylesheets/mobile.min.css" />
      <file href="html5/lib/stylesheets/desktop.min.css" />
      <file href="html5/lib/stylesheets/mobile-fonts/open-sans-light.woff" />
      <file href="html5/lib/stylesheets/mobile-fonts/open-sans-bold.woff" />
      <file href="html5/lib/stylesheets/mobile-fonts/open-sans-regular.woff" />
      <file href="html5/data/css/output.min.css" />
      <file href="html5/data/js/6DxqhPaihio.js" />
      <file href="html5/data/js/5ZExYsxsFh4.js" />
      <file href="html5/data/js/6BNmunziw59.js" />
      <file href="html5/data/js/5qRYWRFcNQT.js" />
      <file href="html5/data/js/6mDpTU8cNlR.js" />
      <file href="html5/data/js/5qBUC1qilpx.js" />
      <file href="html5/data/js/5YBTUDlR9j6.js" />
      <file href="html5/data/js/6VOdaAvpSTG.js" />
      <file href="html5/data/js/5c7Sxe8l4LF.js" />
      <file href="html5/data/js/61nkALotX7B.js" />
      <file href="html5/data/js/6U9Aaenlcuo.js" />
      <file href="html5/data/js/paths.js" />
      <file href="html5/data/js/5rmNNaFNm36.js" />
      <file href="html5/data/js/6no4A4PKQJb.js" />
      <file href="html5/data/js/5mHgagVecy1.js" />
      <file href="html5/data/js/6OxN2Z0PCkX.js" />
      <file href="html5/data/js/5V8zJq4vaWl.js" />
      <file href="html5/data/js/5pJHoJ6BwG2.js" />
      <file href="html5/data/js/5YOpShqBfne.js" />
      <file href="html5/data/js/data.js" />
      <file href="html5/data/js/62hbTrlbSpA.js" />
      <file href="html5/data/js/6GjnnMIgKgm.js" />
      <file href="html5/data/js/69yV4qRFqP6.js" />
      <file href="html5/data/js/67pLV5pBe4D.js" />
      <file href="html5/data/js/6h33fXEf53c.js" />
      <file href="html5/data/js/5bGCM4yIbxW.js" />
      <file href="html5/data/js/63zE9XQ0k4w.js" />
      <file href="html5/data/js/6G2OWycJIAe.js" />
      <file href="html5/data/js/6dxerr3GM97.js" />
      <file href="html5/data/js/5nAjjimynB4.js" />
      <file href="html5/data/js/6YpNxywQRsI.js" />
      <file href="html5/data/js/6jbZhTsSbbq.js" />
      <file href="html5/data/js/frame.js" />
      <file href="html5/data/js/5guQNf1a2de.js" />
      <file href="analytics-frame.html" />
      <file href="story.html" />
      <file href="index_lms.html" />
      <file href="lms/AICCComm.html" />
      <file href="lms/AICCFunctions.js" />
      <file href="lms/API.js" />
      <file href="lms/APIConstants.js" />
      <file href="lms/blank.html" />
      <file href="lms/browsersniff.js" />
      <file href="lms/Configuration.js" />
      <file href="lms/goodbye.html" />
      <file href="lms/lms.js" />
      <file href="lms/LMSAPI.js" />
      <file href="lms/NONEFunctions.js" />
      <file href="lms/SCORM2004Functions.js" />
      <file href="lms/SCORMFunctions.js" />
      <file href="lms/UtilityFunctions.js" />
    </resource>
  </resources>
</manifest>