﻿<?xml version="1.0" encoding="utf-8"?>
<manifest identifier="_6FexIm4zWYT_course_id" version="1.0" xmlns="http://www.imsproject.org/xsd/imscp_rootv1p1p2" xmlns:adlcp="http://www.adlnet.org/xsd/adlcp_rootv1p2" xmlns:xsi="http://www.w3.org/2001/XMLSchema-instance" xsi:schemaLocation="http://www.imsproject.org/xsd/imscp_rootv1p1p2 imscp_rootv1p1p2.xsd http://www.imsglobal.org/xsd/imsmd_rootv1p2p1 imsmd_rootv1p2p1.xsd http://www.adlnet.org/xsd/adlcp_rootv1p2 adlcp_rootv1p2.xsd">
  <metadata>
    <schema>ADL SCORM</schema>
    <schemaversion>1.2</schemaversion>
    <lom xmlns="http://www.imsglobal.org/xsd/imsmd_rootv1p2p1" xmlns:xsi="http://www.w3.org/2001/XMLSchema-instance" xsi:schemaLocation="http://www.imsglobal.org/xsd/imsmd_rootv1p2p1 imsmd_rootv1p2p1.xsd">
      <general>
        <title>
          <langstring xml:lang="x-none">Wie im richtigen Leben</langstring>
        </title>
      </general>
      <lifecycle>
        <version>
          <langstring xml:lang="x-none">1</langstring>
        </version>
        <status>
          <source>
            <langstring xml:lang="x-none">LOMv1.0</langstring>
          </source>
          <value>
            <langstring xml:lang="x-none">Final</langstring>
          </value>
        </status>
      </lifecycle>
      <metametadata>
        <metadatascheme>ADL SCORM 1.2</metadatascheme>
      </metametadata>
      <educational>
        <typicallearningtime>
          <datetime>PT0H0M0S</datetime>
        </typicallearningtime>
      </educational>
      <rights>
        <cost>
          <source>
            <langstring xml:lang="x-none">LOMv1.0</langstring>
          </source>
          <value>
            <langstring xml:lang="x-none">yes</langstring>
          </value>
        </cost>
        <copyrightandotherrestrictions>
          <source>
            <langstring xml:lang="x-none">LOMv1.0</langstring>
          </source>
          <value>
            <langstring xml:lang="x-none">yes</langstring>
          </value>
        </copyrightandotherrestrictions>
      </rights>
    </lom>
  </metadata>
  <organizations default="Wie_im_richtigen_Leben_ORG">
    <organization identifier="Wie_im_richtigen_Leben_ORG">
      <title>Wie im richtigen Leben</title>
      <item identifier="diversity_SCO" isvisible="true" identifierref="__6FexIm4zWYT_course_id_RES">
        <title>Wie im richtigen Leben</title>
      </item>
    </organization>
  </organizations>
  <resources>
    <resource identifier="__6FexIm4zWYT_course_id_RES" type="webcontent" href="index_lms.html" adlcp:scormtype="sco">
      <file href="story_content/thumbnail.jpg" />
      <file href="story_content/Slide5xElaAE9sAp.swf" />
      <file href="story_content/5Wx5z6MhR3E_80_DX492_DY492.jpg" />
      <file href="mobile/5Wx5z6MhR3E_80_DX492_DY492_CX369_CY356.jpg" />
      <file href="story_content/6pWa1mgLaJT_80_DX442_DY442.swf" />
      <file href="mobile/6pWa1mgLaJT_80_DX442_DY442_CX328_CY127.png" />
      <file href="mobile/6pWa1mgLaJT_80_DX442_DY442_CX328_CY127.swf" />
      <file href="story_content/_swirl.swf" />
      <file href="story_content/_glow.swf" />
      <file href="story_content/6kfkt6eyZV1_FDFDFD_80_DX334_DY334.swf" />
      <file href="mobile/6kfkt6eyZV1_FDFDFD_80_DX334_DY334_CX145_CY143.png" />
      <file href="mobile/6kfkt6eyZV1_FDFDFD_80_DX334_DY334_CX145_CY143.swf" />
      <file href="story_content/5XUhLy1iv52_FDFDFD_80_DX332_DY332.swf" />
      <file href="mobile/5XUhLy1iv52_FDFDFD_80_DX332_DY332_CX145_CY144.png" />
      <file href="mobile/5XUhLy1iv52_FDFDFD_80_DX332_DY332_CX145_CY144.swf" />
      <file href="story_content/5kqC73nqVzd_FDFDFD_80_DX330_DY330.swf" />
      <file href="mobile/5kqC73nqVzd_FDFDFD_80_DX330_DY330_CX148_CY144.png" />
      <file href="mobile/5kqC73nqVzd_FDFDFD_80_DX330_DY330_CX148_CY144.swf" />
      <file href="story_content/6S6tdTGCGyn_FDFDFD_80_DX328_DY328.swf" />
      <file href="mobile/6S6tdTGCGyn_FDFDFD_80_DX328_DY328_CX142_CY142.png" />
      <file href="mobile/6S6tdTGCGyn_FDFDFD_80_DX328_DY328_CX142_CY142.swf" />
      <file href="story_content/617AcdDbDtG_FDFDFD_80_DX332_DY332.swf" />
      <file href="mobile/617AcdDbDtG_FDFDFD_80_DX332_DY332_CX140_CY133.png" />
      <file href="mobile/617AcdDbDtG_FDFDFD_80_DX332_DY332_CX140_CY133.swf" />
      <file href="story_content/6MMojVYPTRn_FDFDFD_80_DX326_DY326.swf" />
      <file href="mobile/6MMojVYPTRn_FDFDFD_80_DX326_DY326_CX141_CY141.png" />
      <file href="mobile/6MMojVYPTRn_FDFDFD_80_DX326_DY326_CX141_CY141.swf" />
      <file href="story_content/6LJ3Eo3pzsK_80_DX332_DY332.swf" />
      <file href="mobile/6LJ3Eo3pzsK_80_DX332_DY332_CX141_CY142.png" />
      <file href="mobile/6LJ3Eo3pzsK_80_DX332_DY332_CX141_CY142.swf" />
      <file href="story_content/6STjf4UCj40_80_DX332_DY332.swf" />
      <file href="mobile/6STjf4UCj40_80_DX332_DY332_CX140_CY139.png" />
      <file href="mobile/6STjf4UCj40_80_DX332_DY332_CX140_CY139.swf" />
      <file href="story_content/5pJm4tozBJt_80_DX332_DY332.swf" />
      <file href="mobile/5pJm4tozBJt_80_DX332_DY332_CX140_CY136.png" />
      <file href="mobile/5pJm4tozBJt_80_DX332_DY332_CX140_CY136.swf" />
      <file href="story_content/5q4BqZLHb6d_80_DX332_DY332.swf" />
      <file href="mobile/5q4BqZLHb6d_80_DX332_DY332_CX141_CY139.png" />
      <file href="mobile/5q4BqZLHb6d_80_DX332_DY332_CX141_CY139.swf" />
      <file href="story_content/5eUpaftXIdE_80_DX332_DY332.swf" />
      <file href="mobile/5eUpaftXIdE_80_DX332_DY332_CX141_CY141.png" />
      <file href="mobile/5eUpaftXIdE_80_DX332_DY332_CX141_CY141.swf" />
      <file href="story_content/6Lm6C7zCL6K_80_DX328_DY328.swf" />
      <file href="mobile/6Lm6C7zCL6K_80_DX328_DY328_CX144_CY141.png" />
      <file href="mobile/6Lm6C7zCL6K_80_DX328_DY328_CX144_CY141.swf" />
      <file href="story_content/6MMojVYPTRn_FEFEFE_80_DX326_DY326.swf" />
      <file href="mobile/6MMojVYPTRn_FEFEFE_80_DX326_DY326_CX141_CY141.png" />
      <file href="mobile/6MMojVYPTRn_FEFEFE_80_DX326_DY326_CX141_CY141.swf" />
      <file href="story_content/617AcdDbDtG_FEFEFE_80_DX332_DY332.swf" />
      <file href="mobile/617AcdDbDtG_FEFEFE_80_DX332_DY332_CX140_CY133.png" />
      <file href="mobile/617AcdDbDtG_FEFEFE_80_DX332_DY332_CX140_CY133.swf" />
      <file href="story_content/6S6tdTGCGyn_FEFEFE_80_DX328_DY328.swf" />
      <file href="mobile/6S6tdTGCGyn_FEFEFE_80_DX328_DY328_CX142_CY142.png" />
      <file href="mobile/6S6tdTGCGyn_FEFEFE_80_DX328_DY328_CX142_CY142.swf" />
      <file href="story_content/5kqC73nqVzd_FEFEFE_80_DX330_DY330.swf" />
      <file href="mobile/5kqC73nqVzd_FEFEFE_80_DX330_DY330_CX148_CY144.png" />
      <file href="mobile/5kqC73nqVzd_FEFEFE_80_DX330_DY330_CX148_CY144.swf" />
      <file href="story_content/5XUhLy1iv52_FEFEFE_80_DX332_DY332.swf" />
      <file href="mobile/5XUhLy1iv52_FEFEFE_80_DX332_DY332_CX145_CY144.png" />
      <file href="mobile/5XUhLy1iv52_FEFEFE_80_DX332_DY332_CX145_CY144.swf" />
      <file href="story_content/6kfkt6eyZV1_FEFEFE_80_DX334_DY334.swf" />
      <file href="mobile/6kfkt6eyZV1_FEFEFE_80_DX334_DY334_CX145_CY143.png" />
      <file href="mobile/6kfkt6eyZV1_FEFEFE_80_DX334_DY334_CX145_CY143.swf" />
      <file href="mobile/6LJ3Eo3pzsK_80_DX332_DY332_CX75_CY75.png" />
      <file href="mobile/6LJ3Eo3pzsK_80_DX332_DY332_CX75_CY75.swf" />
      <file href="mobile/6STjf4UCj40_80_DX332_DY332_CX75_CY75.png" />
      <file href="mobile/6STjf4UCj40_80_DX332_DY332_CX75_CY75.swf" />
      <file href="mobile/5pJm4tozBJt_80_DX332_DY332_CX74_CY72.png" />
      <file href="mobile/5pJm4tozBJt_80_DX332_DY332_CX74_CY72.swf" />
      <file href="mobile/5q4BqZLHb6d_80_DX332_DY332_CX74_CY73.png" />
      <file href="mobile/5q4BqZLHb6d_80_DX332_DY332_CX74_CY73.swf" />
      <file href="mobile/5eUpaftXIdE_80_DX332_DY332_CX75_CY75.png" />
      <file href="mobile/5eUpaftXIdE_80_DX332_DY332_CX75_CY75.swf" />
      <file href="mobile/6Lm6C7zCL6K_80_DX328_DY328_CX74_CY73.png" />
      <file href="mobile/6Lm6C7zCL6K_80_DX328_DY328_CX74_CY73.swf" />
      <file href="mobile/6MMojVYPTRn_FDFDFD_80_DX326_DY326_CX75_CY75.png" />
      <file href="mobile/6MMojVYPTRn_FDFDFD_80_DX326_DY326_CX75_CY75.swf" />
      <file href="mobile/6MMojVYPTRn_FEFEFE_80_DX326_DY326_CX75_CY75.png" />
      <file href="mobile/6MMojVYPTRn_FEFEFE_80_DX326_DY326_CX75_CY75.swf" />
      <file href="mobile/617AcdDbDtG_FDFDFD_80_DX332_DY332_CX79_CY75.png" />
      <file href="mobile/617AcdDbDtG_FDFDFD_80_DX332_DY332_CX79_CY75.swf" />
      <file href="mobile/617AcdDbDtG_FEFEFE_80_DX332_DY332_CX79_CY75.png" />
      <file href="mobile/617AcdDbDtG_FEFEFE_80_DX332_DY332_CX79_CY75.swf" />
      <file href="mobile/6S6tdTGCGyn_FDFDFD_80_DX328_DY328_CX75_CY75.png" />
      <file href="mobile/6S6tdTGCGyn_FDFDFD_80_DX328_DY328_CX75_CY75.swf" />
      <file href="mobile/6S6tdTGCGyn_FEFEFE_80_DX328_DY328_CX75_CY75.png" />
      <file href="mobile/6S6tdTGCGyn_FEFEFE_80_DX328_DY328_CX75_CY75.swf" />
      <file href="mobile/5kqC73nqVzd_FDFDFD_80_DX330_DY330_CX77_CY75.png" />
      <file href="mobile/5kqC73nqVzd_FDFDFD_80_DX330_DY330_CX77_CY75.swf" />
      <file href="mobile/5kqC73nqVzd_FEFEFE_80_DX330_DY330_CX77_CY75.png" />
      <file href="mobile/5kqC73nqVzd_FEFEFE_80_DX330_DY330_CX77_CY75.swf" />
      <file href="mobile/5XUhLy1iv52_FDFDFD_80_DX332_DY332_CX75_CY75.png" />
      <file href="mobile/5XUhLy1iv52_FDFDFD_80_DX332_DY332_CX75_CY75.swf" />
      <file href="mobile/5XUhLy1iv52_FEFEFE_80_DX332_DY332_CX75_CY75.png" />
      <file href="mobile/5XUhLy1iv52_FEFEFE_80_DX332_DY332_CX75_CY75.swf" />
      <file href="mobile/6kfkt6eyZV1_FDFDFD_80_DX334_DY334_CX76_CY75.png" />
      <file href="mobile/6kfkt6eyZV1_FDFDFD_80_DX334_DY334_CX76_CY75.swf" />
      <file href="mobile/6kfkt6eyZV1_FEFEFE_80_DX334_DY334_CX76_CY75.png" />
      <file href="mobile/6kfkt6eyZV1_FEFEFE_80_DX334_DY334_CX76_CY75.swf" />
      <file href="story_content/6jSDZD2NKeN_80_DX334_DY334.swf" />
      <file href="mobile/6jSDZD2NKeN_80_DX334_DY334_CX167_CY165.png" />
      <file href="mobile/6jSDZD2NKeN_80_DX334_DY334_CX167_CY165.swf" />
      <file href="mobile/5q4BqZLHb6d_80_DX332_DY332_CX166_CY164.png" />
      <file href="mobile/5q4BqZLHb6d_80_DX332_DY332_CX166_CY164.swf" />
      <file href="story_content/6Zg7HTrQowQ_80_DX328_DY328.swf" />
      <file href="mobile/6Zg7HTrQowQ_80_DX328_DY328_CX164_CY163.png" />
      <file href="mobile/6Zg7HTrQowQ_80_DX328_DY328_CX164_CY163.swf" />
      <file href="story_content/5kqC73nqVzd_80_DX330_DY330.swf" />
      <file href="mobile/5kqC73nqVzd_80_DX330_DY330_CX165_CY160.png" />
      <file href="mobile/5kqC73nqVzd_80_DX330_DY330_CX165_CY160.swf" />
      <file href="story_content/5XUhLy1iv52_80_DX332_DY332.swf" />
      <file href="mobile/5XUhLy1iv52_80_DX332_DY332_CX166_CY165.png" />
      <file href="mobile/5XUhLy1iv52_80_DX332_DY332_CX166_CY165.swf" />
      <file href="mobile/6STjf4UCj40_80_DX332_DY332_CX166_CY165.png" />
      <file href="mobile/6STjf4UCj40_80_DX332_DY332_CX166_CY165.swf" />
      <file href="story_content/6MMojVYPTRn_80_DX326_DY326.swf" />
      <file href="mobile/6MMojVYPTRn_80_DX326_DY326_CX163_CY163.png" />
      <file href="mobile/6MMojVYPTRn_80_DX326_DY326_CX163_CY163.swf" />
      <file href="story_content/6S6tdTGCGyn_80_DX328_DY328.swf" />
      <file href="mobile/6S6tdTGCGyn_80_DX328_DY328_CX164_CY164.png" />
      <file href="mobile/6S6tdTGCGyn_80_DX328_DY328_CX164_CY164.swf" />
      <file href="mobile/6LJ3Eo3pzsK_80_DX332_DY332_CX165_CY166.png" />
      <file href="mobile/6LJ3Eo3pzsK_80_DX332_DY332_CX165_CY166.swf" />
      <file href="mobile/5eUpaftXIdE_80_DX332_DY332_CX166_CY166.png" />
      <file href="mobile/5eUpaftXIdE_80_DX332_DY332_CX166_CY166.swf" />
      <file href="story_content/6VOCfp8slQp_80_DX332_DY332.swf" />
      <file href="mobile/6VOCfp8slQp_80_DX332_DY332_CX166_CY165.png" />
      <file href="mobile/6VOCfp8slQp_80_DX332_DY332_CX166_CY165.swf" />
      <file href="mobile/6Lm6C7zCL6K_80_DX328_DY328_CX164_CY161.png" />
      <file href="mobile/6Lm6C7zCL6K_80_DX328_DY328_CX164_CY161.swf" />
      <file href="story_content/5b30niXGhG5_80_DX328_DY328.swf" />
      <file href="mobile/5b30niXGhG5_80_DX328_DY328_CX164_CY163.png" />
      <file href="mobile/5b30niXGhG5_80_DX328_DY328_CX164_CY163.swf" />
      <file href="story_content/617AcdDbDtG_80_DX332_DY332.swf" />
      <file href="mobile/617AcdDbDtG_80_DX332_DY332_CX166_CY158.png" />
      <file href="mobile/617AcdDbDtG_80_DX332_DY332_CX166_CY158.swf" />
      <file href="story_content/6TUfw78EWW9_80_DX334_DY334.swf" />
      <file href="mobile/6TUfw78EWW9_80_DX334_DY334_CX166_CY167.png" />
      <file href="mobile/6TUfw78EWW9_80_DX334_DY334_CX166_CY167.swf" />
      <file href="story_content/6Bu2OEs4Pif_80_DX328_DY328.swf" />
      <file href="mobile/6Bu2OEs4Pif_80_DX328_DY328_CX164_CY164.png" />
      <file href="mobile/6Bu2OEs4Pif_80_DX328_DY328_CX164_CY164.swf" />
      <file href="mobile/5pJm4tozBJt_80_DX332_DY332_CX166_CY161.png" />
      <file href="mobile/5pJm4tozBJt_80_DX332_DY332_CX166_CY161.swf" />
      <file href="story_content/5ywaqSccUzz_80_DX330_DY330.swf" />
      <file href="mobile/5ywaqSccUzz_80_DX330_DY330_CX165_CY165.png" />
      <file href="mobile/5ywaqSccUzz_80_DX330_DY330_CX165_CY165.swf" />
      <file href="story_content/6kfkt6eyZV1_80_DX334_DY334.swf" />
      <file href="mobile/6kfkt6eyZV1_80_DX334_DY334_CX167_CY165.png" />
      <file href="mobile/6kfkt6eyZV1_80_DX334_DY334_CX167_CY165.swf" />
      <file href="mobile/6jSDZD2NKeN_80_DX334_DY334_CX76_CY75.png" />
      <file href="mobile/6jSDZD2NKeN_80_DX334_DY334_CX76_CY75.swf" />
      <file href="mobile/6Zg7HTrQowQ_80_DX328_DY328_CX75_CY75.png" />
      <file href="mobile/6Zg7HTrQowQ_80_DX328_DY328_CX75_CY75.swf" />
      <file href="mobile/5kqC73nqVzd_80_DX330_DY330_CX77_CY75.png" />
      <file href="mobile/5kqC73nqVzd_80_DX330_DY330_CX77_CY75.swf" />
      <file href="mobile/5XUhLy1iv52_80_DX332_DY332_CX75_CY75.png" />
      <file href="mobile/5XUhLy1iv52_80_DX332_DY332_CX75_CY75.swf" />
      <file href="mobile/6MMojVYPTRn_80_DX326_DY326_CX75_CY75.png" />
      <file href="mobile/6MMojVYPTRn_80_DX326_DY326_CX75_CY75.swf" />
      <file href="mobile/6S6tdTGCGyn_80_DX328_DY328_CX75_CY75.png" />
      <file href="mobile/6S6tdTGCGyn_80_DX328_DY328_CX75_CY75.swf" />
      <file href="mobile/6VOCfp8slQp_80_DX332_DY332_CX75_CY75.png" />
      <file href="mobile/6VOCfp8slQp_80_DX332_DY332_CX75_CY75.swf" />
      <file href="mobile/5b30niXGhG5_80_DX328_DY328_CX75_CY75.png" />
      <file href="mobile/5b30niXGhG5_80_DX328_DY328_CX75_CY75.swf" />
      <file href="mobile/617AcdDbDtG_80_DX332_DY332_CX79_CY75.png" />
      <file href="mobile/617AcdDbDtG_80_DX332_DY332_CX79_CY75.swf" />
      <file href="mobile/6TUfw78EWW9_80_DX334_DY334_CX75_CY75.png" />
      <file href="mobile/6TUfw78EWW9_80_DX334_DY334_CX75_CY75.swf" />
      <file href="mobile/6Bu2OEs4Pif_80_DX328_DY328_CX75_CY75.png" />
      <file href="mobile/6Bu2OEs4Pif_80_DX328_DY328_CX75_CY75.swf" />
      <file href="mobile/5ywaqSccUzz_80_DX330_DY330_CX75_CY75.png" />
      <file href="mobile/5ywaqSccUzz_80_DX330_DY330_CX75_CY75.swf" />
      <file href="mobile/6kfkt6eyZV1_80_DX334_DY334_CX76_CY75.png" />
      <file href="mobile/6kfkt6eyZV1_80_DX334_DY334_CX76_CY75.swf" />
      <file href="story_content/5YY8rk06gr4_80_DX106_DY106.swf" />
      <file href="mobile/5YY8rk06gr4_80_DX106_DY106_CX53_CY53.png" />
      <file href="mobile/5YY8rk06gr4_80_DX106_DY106_CX53_CY53.swf" />
      <file href="story_content/5aj4KoTLE09_80_DX106_DY106.swf" />
      <file href="mobile/5aj4KoTLE09_80_DX106_DY106_CX53_CY53.png" />
      <file href="mobile/5aj4KoTLE09_80_DX106_DY106_CX53_CY53.swf" />
      <file href="story_content/6TJHMFULCWs_80_DX106_DY106.swf" />
      <file href="mobile/6TJHMFULCWs_80_DX106_DY106_CX53_CY53.png" />
      <file href="mobile/6TJHMFULCWs_80_DX106_DY106_CX53_CY53.swf" />
      <file href="story_content/6BfksN0qYbJ_80_DX106_DY106.swf" />
      <file href="mobile/6BfksN0qYbJ_80_DX106_DY106_CX53_CY53.png" />
      <file href="mobile/6BfksN0qYbJ_80_DX106_DY106_CX53_CY53.swf" />
      <file href="story_content/6OHTZmyGHe0_80_DX106_DY106.swf" />
      <file href="mobile/6OHTZmyGHe0_80_DX106_DY106_CX53_CY53.png" />
      <file href="mobile/6OHTZmyGHe0_80_DX106_DY106_CX53_CY53.swf" />
      <file href="story_content/6TIlvJCtiYj_80_DX106_DY106.swf" />
      <file href="mobile/6TIlvJCtiYj_80_DX106_DY106_CX53_CY53.png" />
      <file href="mobile/6TIlvJCtiYj_80_DX106_DY106_CX53_CY53.swf" />
      <file href="story_content/5rgwU4ZBjj2_80_DX106_DY106.swf" />
      <file href="mobile/5rgwU4ZBjj2_80_DX106_DY106_CX53_CY53.png" />
      <file href="mobile/5rgwU4ZBjj2_80_DX106_DY106_CX53_CY53.swf" />
      <file href="story_content/6pfY3eaUyre_80_DX108_DY108.swf" />
      <file href="mobile/6pfY3eaUyre_80_DX108_DY108_CX54_CY53.png" />
      <file href="mobile/6pfY3eaUyre_80_DX108_DY108_CX54_CY53.swf" />
      <file href="story_content/5aj4KoTLE09_80_DX108_DY108.swf" />
      <file href="mobile/5aj4KoTLE09_80_DX108_DY108_CX54_CY53.png" />
      <file href="mobile/5aj4KoTLE09_80_DX108_DY108_CX54_CY53.swf" />
      <file href="story_content/6TJHMFULCWs_80_DX108_DY108.swf" />
      <file href="mobile/6TJHMFULCWs_80_DX108_DY108_CX54_CY53.png" />
      <file href="mobile/6TJHMFULCWs_80_DX108_DY108_CX54_CY53.swf" />
      <file href="story_content/6BfksN0qYbJ_80_DX108_DY108.swf" />
      <file href="mobile/6BfksN0qYbJ_80_DX108_DY108_CX54_CY53.png" />
      <file href="mobile/6BfksN0qYbJ_80_DX108_DY108_CX54_CY53.swf" />
      <file href="story_content/6OHTZmyGHe0_80_DX108_DY108.swf" />
      <file href="mobile/6OHTZmyGHe0_80_DX108_DY108_CX54_CY53.png" />
      <file href="mobile/6OHTZmyGHe0_80_DX108_DY108_CX54_CY53.swf" />
      <file href="story_content/6TIlvJCtiYj_80_DX108_DY108.swf" />
      <file href="mobile/6TIlvJCtiYj_80_DX108_DY108_CX54_CY53.png" />
      <file href="mobile/6TIlvJCtiYj_80_DX108_DY108_CX54_CY53.swf" />
      <file href="story_content/5p9eeccrTl3_80_DX106_DY106.swf" />
      <file href="mobile/5p9eeccrTl3_80_DX106_DY106_CX53_CY53.png" />
      <file href="mobile/5p9eeccrTl3_80_DX106_DY106_CX53_CY53.swf" />
      <file href="story_content/5ap1paIct2L_80_DX106_DY106.swf" />
      <file href="mobile/5ap1paIct2L_80_DX106_DY106_CX53_CY53.png" />
      <file href="mobile/5ap1paIct2L_80_DX106_DY106_CX53_CY53.swf" />
      <file href="story_content/6Uy5uCvqLL7_80_DX108_DY108.swf" />
      <file href="mobile/6Uy5uCvqLL7_80_DX108_DY108_CX54_CY53.png" />
      <file href="mobile/6Uy5uCvqLL7_80_DX108_DY108_CX54_CY53.swf" />
      <file href="story_content/txt__default_5sIrVBjZZvC.swf" />
      <file href="story_content/6QFW3mTMlVs_80_DX106_DY106.swf" />
      <file href="mobile/6QFW3mTMlVs_80_DX106_DY106_CX53_CY53.png" />
      <file href="mobile/6QFW3mTMlVs_80_DX106_DY106_CX53_CY53.swf" />
      <file href="story_content/6Mt190tM8u3_80_DX106_DY106.swf" />
      <file href="mobile/6Mt190tM8u3_80_DX106_DY106_CX53_CY53.png" />
      <file href="mobile/6Mt190tM8u3_80_DX106_DY106_CX53_CY53.swf" />
      <file href="story_content/5eaXsiKGpEn_80_DX106_DY106.swf" />
      <file href="mobile/5eaXsiKGpEn_80_DX106_DY106_CX53_CY53.png" />
      <file href="mobile/5eaXsiKGpEn_80_DX106_DY106_CX53_CY53.swf" />
      <file href="story_content/5r101YpZApI_80_DX106_DY106.swf" />
      <file href="mobile/5r101YpZApI_80_DX106_DY106_CX53_CY53.png" />
      <file href="mobile/5r101YpZApI_80_DX106_DY106_CX53_CY53.swf" />
      <file href="story_content/6fJWriYzVQS_80_DX106_DY106.swf" />
      <file href="mobile/6fJWriYzVQS_80_DX106_DY106_CX53_CY53.png" />
      <file href="mobile/6fJWriYzVQS_80_DX106_DY106_CX53_CY53.swf" />
      <file href="story_content/68tQZcyiDFa_80_DX106_DY106.swf" />
      <file href="mobile/68tQZcyiDFa_80_DX106_DY106_CX53_CY53.png" />
      <file href="mobile/68tQZcyiDFa_80_DX106_DY106_CX53_CY53.swf" />
      <file href="mobile/5kqC73nqVzd_FDFDFD_80_DX330_DY330_CX140_CY136.png" />
      <file href="mobile/5kqC73nqVzd_FDFDFD_80_DX330_DY330_CX140_CY136.swf" />
      <file href="meta.xml" />
      <file href="story_content/FontFactory.swf" />
      <file href="story_content/fonts.swf" />
      <file href="story_content/fonts.xml" />
      <file href="story_content/frame.xml" />
      <file href="story_content/user.js" />
      <file href="mobile/app_store.png" />
      <file href="mobile/mobile_icon.png" />
      <file href="mobile/linen_background.jpg" />
      <file href="mobile/Slide5xElaAE9sAp.jpg" />
      <file href="mobile/txt__default_5sIrVBjZZvC.png" />
      <file href="story.swf" />
      <file href="story_content/frame.swf" />
      <file href="story_content/slides/5iAyb6qrzeY.swf" />
      <file href="mobile/slides/5iAyb6qrzeY.gz" />
      <file href="story_content/slides/5gNMx5kdaFu.swf" />
      <file href="mobile/slides/5gNMx5kdaFu.gz" />
      <file href="story_content/slides/6pvmz5ksqpS.swf" />
      <file href="mobile/slides/6pvmz5ksqpS.gz" />
      <file href="story_content/slides/5zF29rQlf3I.swf" />
      <file href="mobile/slides/5zF29rQlf3I.gz" />
      <file href="story_content/slides/6FQfm55Vrq2.swf" />
      <file href="mobile/slides/6FQfm55Vrq2.gz" />
      <file href="story_content/slides/5rQhq19z7em.swf" />
      <file href="mobile/slides/5rQhq19z7em.gz" />
      <file href="story_content/slides/67TLapxb8sG.swf" />
      <file href="mobile/slides/67TLapxb8sG.gz" />
      <file href="story_content/slides/6laEbmbQFHp.swf" />
      <file href="mobile/slides/6laEbmbQFHp.gz" />
      <file href="story_content/slides/6ZVJOhXmbH0.swf" />
      <file href="mobile/slides/6ZVJOhXmbH0.gz" />
      <file href="story_content/slides/6PcB8qFyoiI.swf" />
      <file href="mobile/slides/6PcB8qFyoiI.gz" />
      <file href="story_content/slides/62LfYqDy2QZ.swf" />
      <file href="mobile/slides/62LfYqDy2QZ.gz" />
      <file href="story_content/slides/6Ay6Gro8cmk.swf" />
      <file href="mobile/slides/6Ay6Gro8cmk.gz" />
      <file href="story_content/slides/6CPJijizpnf.swf" />
      <file href="mobile/slides/6CPJijizpnf.gz" />
      <file href="story_content/slides/6J4ggJ27FCq.swf" />
      <file href="mobile/slides/6J4ggJ27FCq.gz" />
      <file href="story_content/slides/6NZPHcBHJoU.swf" />
      <file href="mobile/slides/6NZPHcBHJoU.gz" />
      <file href="story_content/slides/5dLg17OWoWb.swf" />
      <file href="mobile/slides/5dLg17OWoWb.gz" />
      <file href="story_content/slides/5p165mRFWbA.swf" />
      <file href="mobile/slides/5p165mRFWbA.gz" />
      <file href="story_content/slides/61KcenS5B3V.swf" />
      <file href="mobile/slides/61KcenS5B3V.gz" />
      <file href="story_content/slides/6qp7ppcPWqv.swf" />
      <file href="mobile/slides/6qp7ppcPWqv.gz" />
      <file href="story_content/slides/5g6Djk4xZw0.swf" />
      <file href="mobile/slides/5g6Djk4xZw0.gz" />
      <file href="story_content/slides/5wDhUvV5a0f.swf" />
      <file href="mobile/slides/5wDhUvV5a0f.gz" />
      <file href="story_content/slides/6gKzTFUetsx.swf" />
      <file href="mobile/slides/6gKzTFUetsx.gz" />
      <file href="story_content/slides/68GSjQ5r2A3.swf" />
      <file href="mobile/slides/68GSjQ5r2A3.gz" />
      <file href="story_content/slides/65tovB2sdZq.swf" />
      <file href="mobile/slides/65tovB2sdZq.gz" />
      <file href="story_content/slides/69zSyWWc4Y7.swf" />
      <file href="mobile/slides/69zSyWWc4Y7.gz" />
      <file href="story_content/slides/63FKJDYvUA9.swf" />
      <file href="mobile/slides/63FKJDYvUA9.gz" />
      <file href="story_content/slides/6Rl88kDiygB.swf" />
      <file href="mobile/slides/6Rl88kDiygB.gz" />
      <file href="story_content/slides/6QwlRlnpSdT.swf" />
      <file href="mobile/slides/6QwlRlnpSdT.gz" />
      <file href="story_content/slides/5z8Wnn1D0zh.swf" />
      <file href="mobile/slides/5z8Wnn1D0zh.gz" />
      <file href="story_content/slides/6Jg0GtnMRQU.swf" />
      <file href="mobile/slides/6Jg0GtnMRQU.gz" />
      <file href="story_content/slides/6C07e1id59e.swf" />
      <file href="mobile/slides/6C07e1id59e.gz" />
      <file href="story_content/slides/697Fkq2n3zt.swf" />
      <file href="mobile/slides/697Fkq2n3zt.gz" />
      <file href="story_content/slides/6CETFgtn7G0.swf" />
      <file href="mobile/slides/6CETFgtn7G0.gz" />
      <file href="story_content/slides/6KIJIavZiLk.swf" />
      <file href="mobile/slides/6KIJIavZiLk.gz" />
      <file href="story_content/slides/5xAPLjeZ6Fd.swf" />
      <file href="mobile/slides/5xAPLjeZ6Fd.gz" />
      <file href="story_content/slides/67U77rbDwMj.swf" />
      <file href="mobile/slides/67U77rbDwMj.gz" />
      <file href="story_content/slides/6o9kLxymY97.swf" />
      <file href="mobile/slides/6o9kLxymY97.gz" />
      <file href="story_content/slides/6MISHOCcx2A.swf" />
      <file href="mobile/slides/6MISHOCcx2A.gz" />
      <file href="story_content/slides/5uNN4CWvkiZ.swf" />
      <file href="mobile/slides/5uNN4CWvkiZ.gz" />
      <file href="story_content/slides/5zjigeHY8Mo.swf" />
      <file href="mobile/slides/5zjigeHY8Mo.gz" />
      <file href="story_content/slides/5ss8KmrBoms.swf" />
      <file href="mobile/slides/5ss8KmrBoms.gz" />
      <file href="story_content/slides/66o9O1keNBU.swf" />
      <file href="mobile/slides/66o9O1keNBU.gz" />
      <file href="story_content/slides/6QiPbC08E7F.swf" />
      <file href="mobile/slides/6QiPbC08E7F.gz" />
      <file href="story_content/slides/6XWyUvmirVC.swf" />
      <file href="mobile/slides/6XWyUvmirVC.gz" />
      <file href="story_content/slides/5qHVenfjZcR.swf" />
      <file href="mobile/slides/5qHVenfjZcR.gz" />
      <file href="story_content/slides/5hThyFu5Qu5.swf" />
      <file href="mobile/slides/5hThyFu5Qu5.gz" />
      <file href="story_content/slides/6bLVkbSLDAq.swf" />
      <file href="mobile/slides/6bLVkbSLDAq.gz" />
      <file href="story_content/slides/5y8sPzESGsO.swf" />
      <file href="mobile/slides/5y8sPzESGsO.gz" />
      <file href="story_content/slides/5Vjd2I9NtgI.swf" />
      <file href="mobile/slides/5Vjd2I9NtgI.gz" />
      <file href="story_content/slides/6AukSG4FtFb.swf" />
      <file href="mobile/slides/6AukSG4FtFb.gz" />
      <file href="story_content/slides/6CLg5gq5fj6.swf" />
      <file href="mobile/slides/6CLg5gq5fj6.gz" />
      <file href="story_content/slides/6IUwiVVWV7d.swf" />
      <file href="mobile/slides/6IUwiVVWV7d.gz" />
      <file href="story_content/slides/5tLNdWLugIH.swf" />
      <file href="mobile/slides/5tLNdWLugIH.gz" />
      <file href="story_content/slides/5pxaZn8kHAr.swf" />
      <file href="mobile/slides/5pxaZn8kHAr.gz" />
      <file href="story_content/slides/5XIDFvyN1V2.swf" />
      <file href="mobile/slides/5XIDFvyN1V2.gz" />
      <file href="story_content/slides/6ahAak6IWK8.swf" />
      <file href="mobile/slides/6ahAak6IWK8.gz" />
      <file href="story_content/slides/692Fu9f6vmI.swf" />
      <file href="mobile/slides/692Fu9f6vmI.gz" />
      <file href="story_content/slides/5ezwmxvIfyO.swf" />
      <file href="mobile/slides/5ezwmxvIfyO.gz" />
      <file href="story_content/slides/6r7rbEiM6vf.swf" />
      <file href="mobile/slides/6r7rbEiM6vf.gz" />
      <file href="story_content/slides/5ZwmdURHZoQ.swf" />
      <file href="mobile/slides/5ZwmdURHZoQ.gz" />
      <file href="story_content/slides/5gNXJ3zpYtY.swf" />
      <file href="mobile/slides/5gNXJ3zpYtY.gz" />
      <file href="story_content/slides/6otwOcz8I74.swf" />
      <file href="mobile/slides/6otwOcz8I74.gz" />
      <file href="story_content/slides/63fxIFnCtKI.swf" />
      <file href="mobile/slides/63fxIFnCtKI.gz" />
      <file href="story_content/slides/6dEHsWQ5Lij.swf" />
      <file href="mobile/slides/6dEHsWQ5Lij.gz" />
      <file href="story_content/slides/6FennS5g10t.swf" />
      <file href="mobile/slides/6FennS5g10t.gz" />
      <file href="story_content/data.swf" />
      <file href="mobile/data.gz" />
      <file href="html5/data/css/output.min.css" />
      <file href="html5/data/js/5dLg17OWoWb.js" />
      <file href="html5/data/js/5ezwmxvIfyO.js" />
      <file href="html5/data/js/5g6Djk4xZw0.js" />
      <file href="html5/data/js/5gNMx5kdaFu.js" />
      <file href="html5/data/js/5gNXJ3zpYtY.js" />
      <file href="html5/data/js/5hThyFu5Qu5.js" />
      <file href="html5/data/js/5iAyb6qrzeY.js" />
      <file href="html5/data/js/5p165mRFWbA.js" />
      <file href="html5/data/js/5pxaZn8kHAr.js" />
      <file href="html5/data/js/5qHVenfjZcR.js" />
      <file href="html5/data/js/5rQhq19z7em.js" />
      <file href="html5/data/js/5ss8KmrBoms.js" />
      <file href="html5/data/js/5tLNdWLugIH.js" />
      <file href="html5/data/js/5uNN4CWvkiZ.js" />
      <file href="html5/data/js/5Vjd2I9NtgI.js" />
      <file href="html5/data/js/5wDhUvV5a0f.js" />
      <file href="html5/data/js/5xAPLjeZ6Fd.js" />
      <file href="html5/data/js/5XIDFvyN1V2.js" />
      <file href="html5/data/js/5y8sPzESGsO.js" />
      <file href="html5/data/js/5z8Wnn1D0zh.js" />
      <file href="html5/data/js/5zF29rQlf3I.js" />
      <file href="html5/data/js/5zjigeHY8Mo.js" />
      <file href="html5/data/js/5ZwmdURHZoQ.js" />
      <file href="html5/data/js/61KcenS5B3V.js" />
      <file href="html5/data/js/62LfYqDy2QZ.js" />
      <file href="html5/data/js/63FKJDYvUA9.js" />
      <file href="html5/data/js/63fxIFnCtKI.js" />
      <file href="html5/data/js/65tovB2sdZq.js" />
      <file href="html5/data/js/66o9O1keNBU.js" />
      <file href="html5/data/js/67TLapxb8sG.js" />
      <file href="html5/data/js/67U77rbDwMj.js" />
      <file href="html5/data/js/68GSjQ5r2A3.js" />
      <file href="html5/data/js/692Fu9f6vmI.js" />
      <file href="html5/data/js/697Fkq2n3zt.js" />
      <file href="html5/data/js/69zSyWWc4Y7.js" />
      <file href="html5/data/js/6ahAak6IWK8.js" />
      <file href="html5/data/js/6AukSG4FtFb.js" />
      <file href="html5/data/js/6Ay6Gro8cmk.js" />
      <file href="html5/data/js/6bLVkbSLDAq.js" />
      <file href="html5/data/js/6C07e1id59e.js" />
      <file href="html5/data/js/6CETFgtn7G0.js" />
      <file href="html5/data/js/6CLg5gq5fj6.js" />
      <file href="html5/data/js/6CPJijizpnf.js" />
      <file href="html5/data/js/6dEHsWQ5Lij.js" />
      <file href="html5/data/js/6FennS5g10t.js" />
      <file href="html5/data/js/6FQfm55Vrq2.js" />
      <file href="html5/data/js/6gKzTFUetsx.js" />
      <file href="html5/data/js/6IUwiVVWV7d.js" />
      <file href="html5/data/js/6J4ggJ27FCq.js" />
      <file href="html5/data/js/6Jg0GtnMRQU.js" />
      <file href="html5/data/js/6KIJIavZiLk.js" />
      <file href="html5/data/js/6laEbmbQFHp.js" />
      <file href="html5/data/js/6MISHOCcx2A.js" />
      <file href="html5/data/js/6NZPHcBHJoU.js" />
      <file href="html5/data/js/6o9kLxymY97.js" />
      <file href="html5/data/js/6otwOcz8I74.js" />
      <file href="html5/data/js/6PcB8qFyoiI.js" />
      <file href="html5/data/js/6pvmz5ksqpS.js" />
      <file href="html5/data/js/6QiPbC08E7F.js" />
      <file href="html5/data/js/6qp7ppcPWqv.js" />
      <file href="html5/data/js/6QwlRlnpSdT.js" />
      <file href="html5/data/js/6r7rbEiM6vf.js" />
      <file href="html5/data/js/6Rl88kDiygB.js" />
      <file href="html5/data/js/6XWyUvmirVC.js" />
      <file href="html5/data/js/6ZVJOhXmbH0.js" />
      <file href="html5/data/js/data.js" />
      <file href="html5/data/js/frame.js" />
      <file href="html5/data/js/paths.js" />
      <file href="html5/lib/scripts/app.min.js" />
      <file href="html5/lib/stylesheets/main.min.css" />
      <file href="html5/lib/stylesheets/mobile-fonts/open-sans-bold.woff" />
      <file href="html5/lib/stylesheets/mobile-fonts/open-sans-light.woff" />
      <file href="html5/lib/stylesheets/mobile-fonts/open-sans-regular.woff" />
      <file href="story.html" />
      <file href="story_flash.html" />
      <file href="story_html5.html" />
      <file href="analytics-frame.html" />
      <file href="story_content/blank.html" />
      <file href="story_content/story.js" />
      <file href="amplaunch.html" />
      <file href="mobile/mobileinstall.html" />
      <file href="index_lms.html" />
      <file href="index_lms_html5.html" />
      <file href="index_lms_flash.html" />
      <file href="lms/AICCComm.html" />
      <file href="lms/AICCFunctions.js" />
      <file href="lms/API.js" />
      <file href="lms/APIConstants.js" />
      <file href="lms/blank.html" />
      <file href="lms/browsersniff.js" />
      <file href="lms/Configuration.js" />
      <file href="lms/goodbye.html" />
      <file href="lms/lms.js" />
      <file href="lms/LMSAPI.js" />
      <file href="lms/NONEFunctions.js" />
      <file href="lms/SCORM2004Functions.js" />
      <file href="lms/SCORMFunctions.js" />
      <file href="lms/UtilityFunctions.js" />
    </resource>
  </resources>
</manifest>