<?xml version="1.0" encoding="utf-8"?>
<bwFrame xmlns:xsi="http://www.w3.org/2001/XMLSchema-instance" xmlns:xsd="http://www.w3.org/2001/XMLSchema" default_layout="pxabnsnfns00000100001" textdirection="ltr" device="false" fontscale="100" kbshortcuts="false" skip_nav_enabled="true" chromeless="false" outputtype="undefined" theme="unified">
  <layouts>
    <layout name="npnxnanbsnfns00000100001" font="Lato" controllayout="npnxnanbsnfns00000100001" colorscheme="pxabnsnfns00000100001" string_table="pxabnsnfns00000100001" />
    <layout name="pxabnsnfns00000100001" font="Lato" controllayout="pxabnsnfns00000100001" colorscheme="pxabnsnfns00000100001" string_table="pxabnsnfns00000100001" />
    <layout name="npxnabnsnfns00000100001" font="Lato" controllayout="npxnabnsnfns00000100001" colorscheme="pxabnsnfns00000100001" string_table="pxabnsnfns00000100001" />
    <layout name="npnxnanbnsnfns00000100001" font="Lato" controllayout="npnxnanbnsnfns00000100001" colorscheme="pxabnsnfns00000100001" string_table="pxabnsnfns00000100001" />
    <layout name="pxabnsnfns00000100000" font="Lato" controllayout="pxabnsnfns00000100000" colorscheme="pxabnsnfns00000100001" string_table="pxabnsnfns00000100001" />
  </layouts>
  <control_options>
    <optiongroups>
      <optiongroup name="sidebaroptions">
        <options>
          <option name="title_enabled" value="false">
            <options>
              <option name="title_text" value="Studieneinstieg" />
            </options>
          </option>
          <option name="logo_enabled" value="false">
            <options />
          </option>
          <option name="sidebar_enabled" value="false">
            <options>
              <option name="sidebarpos" value="left" />
              <option name="closed" value="false" />
            </options>
          </option>
          <optionlist name="tabs">
            <listitems>
              <listitem name="resources" value="true" group="linkright" />
              <listitem name="outline" value="true" group="sidebar" />
              <listitem name="glossary" value="false" group="sidebar" />
              <listitem name="transcript" value="false" group="sidebar" />
            </listitems>
          </optionlist>
          <option name="time_enabled" value="false">
            <options>
              <option name="time_format" value="elapsed" />
            </options>
          </option>
          <option name="video_enabled" value="false">
            <options>
              <option name="height" value="135" />
            </options>
          </option>
        </options>
      </optiongroup>
      <optiongroup name="menuoptions">
        <options>
          <option name="flow" value="free" />
          <option name="wraplistitems" value="false" />
          <option name="tooltips" value="true" />
          <option name="autocollapse" value="true" />
          <option name="autonumber" value="false" />
          <option name="enableresultsicons" value="true" />
        </options>
      </optiongroup>
      <optiongroup name="controls">
        <options>
          <option name="volume" value="false" />
          <option name="seekbar" value="false">
            <options>
              <option name="readonly" value="false" />
              <option name="readonlyOnce" value="false" />
            </options>
          </option>
          <option name="pauseplay" value="false" />
          <option name="replay" value="false" />
          <option name="search" value="false" />
          <option name="closed_captions" value="false">
            <options>
              <option name="font" value="Lato" />
            </options>
          </option>
        </options>
      </optiongroup>
      <optiongroup name="bottombaroptions">
        <options>
          <option name="bottombar_enabled" value="true" />
        </options>
      </optiongroup>
      <optiongroup name="buttonoptions">
        <options>
          <option name="next" value="icon" />
          <option name="previous" value="icon" />
          <option name="submit" value="icon" />
        </options>
      </optiongroup>
    </optiongroups>
  </control_options>
  <control_layouts>
    <control_layout name="npnxnanbsnfns00000100001">
      <control name="volume" enabled="false" />
      <control name="seekbar" enabled="false" />
      <control name="replay" enabled="false" />
      <control name="pauseplay" enabled="false" />
      <control name="logo" enabled="false" />
      <control name="previous" enabled="false" />
      <control name="next" enabled="false" />
      <control name="swipeleft" enabled="false" />
      <control name="swiperight" enabled="false" />
      <control name="submit" enabled="true" />
      <control name="finish" enabled="false" />
      <control name="submitall" enabled="false" />
      <control name="resources" enabled="true" />
      <control name="glossary" enabled="false" />
      <control name="transcript" enabled="false" />
      <control name="outline" enabled="false">
        <controls>
          <control name="search" enabled="false" />
        </controls>
      </control>
      <control name="close_btn" enabled="true" />
    </control_layout>
    <control_layout name="pxabnsnfns00000100001">
      <control name="volume" enabled="false" />
      <control name="seekbar" enabled="false" />
      <control name="replay" enabled="false" />
      <control name="pauseplay" enabled="false" />
      <control name="logo" enabled="false" />
      <control name="previous" enabled="true" />
      <control name="next" enabled="true" />
      <control name="swipeleft" enabled="true" />
      <control name="swiperight" enabled="true" />
      <control name="submit" enabled="false" />
      <control name="finish" enabled="false" />
      <control name="submitall" enabled="false" />
      <control name="resources" enabled="true" />
      <control name="glossary" enabled="false" />
      <control name="transcript" enabled="false" />
      <control name="outline" enabled="false">
        <controls>
          <control name="search" enabled="false" />
        </controls>
      </control>
      <control name="close_btn" enabled="true" />
    </control_layout>
    <control_layout name="npxnabnsnfns00000100001">
      <control name="volume" enabled="false" />
      <control name="seekbar" enabled="false" />
      <control name="replay" enabled="false" />
      <control name="pauseplay" enabled="false" />
      <control name="logo" enabled="false" />
      <control name="previous" enabled="false" />
      <control name="next" enabled="true" />
      <control name="swipeleft" enabled="false" />
      <control name="swiperight" enabled="true" />
      <control name="submit" enabled="false" />
      <control name="finish" enabled="false" />
      <control name="submitall" enabled="false" />
      <control name="resources" enabled="true" />
      <control name="glossary" enabled="false" />
      <control name="transcript" enabled="false" />
      <control name="outline" enabled="false">
        <controls>
          <control name="search" enabled="false" />
        </controls>
      </control>
      <control name="close_btn" enabled="true" />
    </control_layout>
    <control_layout name="npnxnanbnsnfns00000100001">
      <control name="volume" enabled="false" />
      <control name="seekbar" enabled="false" />
      <control name="replay" enabled="false" />
      <control name="pauseplay" enabled="false" />
      <control name="logo" enabled="false" />
      <control name="previous" enabled="false" />
      <control name="next" enabled="false" />
      <control name="swipeleft" enabled="false" />
      <control name="swiperight" enabled="false" />
      <control name="submit" enabled="false" />
      <control name="finish" enabled="false" />
      <control name="submitall" enabled="false" />
      <control name="resources" enabled="true" />
      <control name="glossary" enabled="false" />
      <control name="transcript" enabled="false" />
      <control name="outline" enabled="false">
        <controls>
          <control name="search" enabled="false" />
        </controls>
      </control>
      <control name="close_btn" enabled="true" />
    </control_layout>
    <control_layout name="pxabnsnfns00000100000">
      <control name="volume" enabled="false" />
      <control name="seekbar" enabled="false" />
      <control name="replay" enabled="false" />
      <control name="pauseplay" enabled="false" />
      <control name="logo" enabled="false" />
      <control name="previous" enabled="true" />
      <control name="next" enabled="true" />
      <control name="swipeleft" enabled="true" />
      <control name="swiperight" enabled="true" />
      <control name="submit" enabled="false" />
      <control name="finish" enabled="false" />
      <control name="submitall" enabled="false" />
      <control name="resources" enabled="true" />
      <control name="glossary" enabled="false" />
      <control name="transcript" enabled="false" />
      <control name="outline" enabled="false">
        <controls>
          <control name="search" enabled="false" />
        </controls>
      </control>
      <control name="close_btn" enabled="false" />
    </control_layout>
  </control_layouts>
  <colorschemes>
    <colorscheme name="pxabnsnfns00000100001">
      <color_group name="HTML">
        <group_colors>
          <color name="htmlpage_bg_color">
            <fill type="linear" rotation="90">
              <colors>
                <color rgb="0x282828" alpha="100" stop="0" />
              </colors>
            </fill>
          </color>
          <color name="preloader">
            <fill type="linear" rotation="90">
              <colors>
                <color rgb="0xFFFFFF" alpha="100" stop="0" />
              </colors>
            </fill>
          </color>
        </group_colors>
      </color_group>
      <color_group name="infopanel">
        <group_colors>
          <color name="link_text">
            <fill type="linear" rotation="90">
              <colors>
                <color rgb="0xB4B4B4" alpha="100" stop="0" />
              </colors>
            </fill>
          </color>
          <color name="link_hover">
            <fill type="linear" rotation="90">
              <colors>
                <color rgb="0xFFFFFF" alpha="100" stop="0" />
              </colors>
            </fill>
          </color>
          <color name="shadow">
            <fill type="linear" rotation="90">
              <colors>
                <color rgb="0x000000" alpha="0" stop="0" />
              </colors>
            </fill>
          </color>
          <color name="bg">
            <fill type="linear" rotation="90">
              <colors>
                <color rgb="0xFFFFFF" alpha="100" stop="0" />
              </colors>
            </fill>
          </color>
          <color name="name_text">
            <fill type="linear" rotation="90">
              <colors>
                <color rgb="0x444444" alpha="100" stop="0" />
              </colors>
            </fill>
          </color>
          <color name="title_text">
            <fill type="linear" rotation="90">
              <colors>
                <color rgb="0x999999" alpha="100" stop="0" />
              </colors>
            </fill>
          </color>
        </group_colors>
      </color_group>
      <color_group name="infopanelpopup">
        <group_colors>
          <color name="link_text">
            <fill type="linear" rotation="90">
              <colors>
                <color rgb="0xFF0000" alpha="100" stop="0" />
              </colors>
            </fill>
          </color>
          <color name="link_hover">
            <fill type="linear" rotation="90">
              <colors>
                <color rgb="0xFFFFFF" alpha="100" stop="0" />
              </colors>
            </fill>
          </color>
          <color name="bg">
            <fill type="linear" rotation="90">
              <colors>
                <color rgb="0x000000" alpha="0" stop="0" />
              </colors>
            </fill>
          </color>
          <color name="shadow">
            <fill type="linear" rotation="90">
              <colors>
                <color rgb="0x000000" alpha="0" stop="0" />
              </colors>
            </fill>
          </color>
          <color name="name_text">
            <fill type="linear" rotation="90">
              <colors>
                <color rgb="0xFFFFFF" alpha="100" stop="0" />
              </colors>
            </fill>
          </color>
          <color name="bio_text">
            <fill type="linear" rotation="90">
              <colors>
                <color rgb="0xB4B4B4" alpha="100" stop="0" />
              </colors>
            </fill>
          </color>
        </group_colors>
      </color_group>
      <color_group name="timer">
        <group_colors>
          <color name="duration">
            <fill type="linear" rotation="90">
              <colors>
                <color rgb="0x3C3C3C" alpha="100" stop="0" />
              </colors>
            </fill>
          </color>
          <color name="elapsed">
            <fill type="linear" rotation="90">
              <colors>
                <color rgb="0xFEE347" alpha="100" stop="0" />
              </colors>
            </fill>
          </color>
          <color name="stroke">
            <fill type="linear" rotation="90">
              <colors>
                <color rgb="0xC7C7C7" alpha="100" stop="0" />
              </colors>
            </fill>
          </color>
          <color name="inner">
            <fill type="linear" rotation="90">
              <colors>
                <color rgb="0xFFFFFF" alpha="100" stop="0" />
              </colors>
            </fill>
          </color>
          <color name="text">
            <fill type="linear" rotation="90">
              <colors>
                <color rgb="0xB4B4B4" alpha="100" stop="0" />
              </colors>
            </fill>
          </color>
        </group_colors>
      </color_group>
      <color_group name="window">
        <group_colors>
          <color name="text">
            <fill type="linear" rotation="90">
              <colors>
                <color rgb="0xFFFFFF" alpha="100" stop="0" />
              </colors>
            </fill>
          </color>
          <color name="inner">
            <fill type="linear" rotation="90">
              <colors>
                <color rgb="0x316300" alpha="0" stop="0" />
              </colors>
            </fill>
          </color>
          <color name="bg">
            <fill type="linear" rotation="90">
              <colors>
                <color rgb="0x222222" alpha="100" stop="0" />
              </colors>
            </fill>
          </color>
          <color name="diva">
            <fill type="linear" rotation="90">
              <colors>
                <color rgb="0x4E4E4E" alpha="100" stop="0" />
              </colors>
            </fill>
          </color>
          <color name="divb">
            <fill type="linear" rotation="90">
              <colors>
                <color rgb="0x4E4E4E" alpha="0" stop="0" />
              </colors>
            </fill>
          </color>
          <color name="shadow">
            <fill type="linear" rotation="90">
              <colors>
                <color rgb="0x000000" alpha="20" stop="0" />
              </colors>
            </fill>
          </color>
        </group_colors>
      </color_group>
      <color_group name="editor">
        <group_colors>
          <color name="slide_text">
            <fill type="linear" rotation="90">
              <colors>
                <color rgb="0xE2E2E2" alpha="100" stop="0" />
              </colors>
            </fill>
          </color>
          <color name="html_text">
            <fill type="linear" rotation="90">
              <colors>
                <color rgb="0xB4B4B4" alpha="100" stop="0" />
              </colors>
            </fill>
          </color>
          <color name="btn_text_shadow">
            <fill type="linear" rotation="90">
              <colors>
                <color rgb="0x000000" alpha="0" stop="0" />
              </colors>
            </fill>
          </color>
          <color name="btn_text">
            <fill type="linear" rotation="90">
              <colors>
                <color rgb="0xFFFFFF" alpha="100" stop="0" />
              </colors>
            </fill>
          </color>
          <color name="btn_border">
            <fill type="linear" rotation="90">
              <colors>
                <color rgb="0xD3D3D3" alpha="100" stop="0" />
              </colors>
            </fill>
          </color>
          <color name="btn_hover">
            <fill type="linear" rotation="90">
              <colors>
                <color rgb="0x444444" alpha="100" stop="0" />
              </colors>
            </fill>
          </color>
          <color name="btn_down">
            <fill type="linear" rotation="90">
              <colors>
                <color rgb="0x444444" alpha="100" stop="0" />
              </colors>
            </fill>
          </color>
          <color name="btn_bg">
            <fill type="linear" rotation="90">
              <colors>
                <color rgb="0x222222" alpha="100" stop="0" />
              </colors>
            </fill>
          </color>
        </group_colors>
      </color_group>
      <color_group name="listitem">
        <group_colors>
          <color name="scene_text">
            <fill type="linear" rotation="90">
              <colors>
                <color rgb="0xFFFFFF" alpha="100" stop="0" />
              </colors>
            </fill>
          </color>
          <color name="selected_text">
            <fill type="linear" rotation="90">
              <colors>
                <color rgb="0xFFFFFF" alpha="100" stop="0" />
              </colors>
            </fill>
          </color>
          <color name="shadow">
            <fill type="linear" rotation="90">
              <colors>
                <color rgb="0x000000" alpha="0" stop="0" />
              </colors>
            </fill>
          </color>
          <color name="selected">
            <fill type="linear" rotation="90">
              <colors>
                <color rgb="0x212121" alpha="100" stop="0" />
              </colors>
            </fill>
          </color>
          <color name="text">
            <fill type="linear" rotation="90">
              <colors>
                <color rgb="0xB4B4B4" alpha="100" stop="0" />
              </colors>
            </fill>
          </color>
          <color name="viewed">
            <fill type="linear" rotation="90">
              <colors>
                <color rgb="0x555555" alpha="100" stop="0" />
              </colors>
            </fill>
          </color>
          <color name="hover">
            <fill type="linear" rotation="90">
              <colors>
                <color rgb="0x212121" alpha="100" stop="0" />
              </colors>
            </fill>
          </color>
          <color name="lines">
            <fill type="linear" rotation="90">
              <colors>
                <color rgb="0x000000" alpha="0" stop="0" />
              </colors>
            </fill>
          </color>
        </group_colors>
      </color_group>
      <color_group name="glossary">
        <group_colors>
          <color name="selected_text">
            <fill type="linear" rotation="90">
              <colors>
                <color rgb="0xFFFFFF" alpha="100" stop="0" />
              </colors>
            </fill>
          </color>
          <color name="selected">
            <fill type="linear" rotation="90">
              <colors>
                <color rgb="0xFFFFFF" alpha="100" stop="0" />
              </colors>
            </fill>
          </color>
          <color name="text">
            <fill type="linear" rotation="90">
              <colors>
                <color rgb="0xB4B4B4" alpha="100" stop="0" />
              </colors>
            </fill>
          </color>
          <color name="hover">
            <fill type="linear" rotation="90">
              <colors>
                <color rgb="0xB4B4B4" alpha="100" stop="0" />
              </colors>
            </fill>
          </color>
          <color name="heading_text">
            <fill type="linear" rotation="90">
              <colors>
                <color rgb="0xFFFFFF" alpha="100" stop="0" />
              </colors>
            </fill>
          </color>
          <color name="diva">
            <fill type="linear" rotation="90">
              <colors>
                <color rgb="0x000000" alpha="0" stop="0" />
              </colors>
            </fill>
          </color>
          <color name="divb">
            <fill type="linear" rotation="90">
              <colors>
                <color rgb="0x000000" alpha="0" stop="0" />
              </colors>
            </fill>
          </color>
          <color name="divc">
            <fill type="linear" rotation="90">
              <colors>
                <color rgb="0x000000" alpha="0" stop="0" />
              </colors>
            </fill>
          </color>
          <color name="bg">
            <fill type="linear" rotation="90">
              <colors>
                <color rgb="0x000000" alpha="0" stop="0" />
              </colors>
            </fill>
          </color>
        </group_colors>
      </color_group>
      <color_group name="resource">
        <group_colors>
          <color name="separator">
            <fill type="linear" rotation="90">
              <colors>
                <color rgb="0x000000" alpha="0" stop="0" />
              </colors>
            </fill>
          </color>
          <color name="hover">
            <fill type="linear" rotation="90">
              <colors>
                <color rgb="0x404040" alpha="100" stop="0" />
              </colors>
            </fill>
          </color>
        </group_colors>
      </color_group>
      <color_group name="outline">
        <group_colors>
          <color name="search_hover">
            <fill type="linear" rotation="90">
              <colors>
                <color rgb="0x000000" alpha="0" stop="0" />
              </colors>
            </fill>
          </color>
          <color name="search_text">
            <fill type="linear" rotation="90">
              <colors>
                <color rgb="0x2D2D2D" alpha="100" stop="0" />
              </colors>
            </fill>
          </color>
          <color name="divc">
            <fill type="linear" rotation="90">
              <colors>
                <color rgb="0x000000" alpha="0" stop="0" />
              </colors>
            </fill>
          </color>
          <color name="divb">
            <fill type="linear" rotation="90">
              <colors>
                <color rgb="0x000000" alpha="0" stop="0" />
              </colors>
            </fill>
          </color>
          <color name="diva">
            <fill type="linear" rotation="90">
              <colors>
                <color rgb="0x000000" alpha="0" stop="0" />
              </colors>
            </fill>
          </color>
        </group_colors>
      </color_group>
      <color_group name="transcript">
        <group_colors>
          <color name="heading_text">
            <fill type="linear" rotation="90">
              <colors>
                <color rgb="0xFFFFFF" alpha="100" stop="0" />
              </colors>
            </fill>
          </color>
          <color name="div">
            <fill type="linear" rotation="90">
              <colors>
                <color rgb="0x000000" alpha="0" stop="0" />
              </colors>
            </fill>
          </color>
        </group_colors>
      </color_group>
      <color_group name="tabs">
        <group_colors>
          <color name="shadow">
            <fill type="linear" rotation="90">
              <colors>
                <color rgb="0x000000" alpha="0" stop="0" />
              </colors>
            </fill>
          </color>
          <color name="hover">
            <fill type="linear" rotation="90">
              <colors>
                <color rgb="0xFFFFFF" alpha="100" stop="0" />
              </colors>
            </fill>
          </color>
          <color name="selected">
            <fill type="linear" rotation="90">
              <colors>
                <color rgb="0xFFFFFF" alpha="100" stop="0" />
              </colors>
            </fill>
          </color>
          <color name="text">
            <fill type="linear" rotation="90">
              <colors>
                <color rgb="0xB4B4B4" alpha="100" stop="0" />
              </colors>
            </fill>
          </color>
          <color name="bg">
            <fill type="linear" rotation="90">
              <colors>
                <color rgb="0x000000" alpha="0" stop="0" />
              </colors>
            </fill>
          </color>
          <color name="panel_bg">
            <fill type="linear" rotation="90">
              <colors>
                <color rgb="0x323232" alpha="100" stop="0" />
              </colors>
            </fill>
          </color>
          <color name="bottom_border">
            <fill type="linear" rotation="90">
              <colors>
                <color rgb="0x313131" alpha="100" stop="0" />
              </colors>
            </fill>
          </color>
        </group_colors>
      </color_group>
      <color_group name="seekcontrol">
        <group_colors>
          <color name="btn_icon_color">
            <fill type="linear" rotation="90">
              <colors>
                <color rgb="0xB4B4B4" alpha="100" stop="0" />
              </colors>
            </fill>
          </color>
          <color name="seek_position">
            <fill type="linear" rotation="90">
              <colors>
                <color rgb="0xFFFFFF" alpha="20" stop="0" />
              </colors>
            </fill>
          </color>
          <color name="seek_bg">
            <fill type="linear" rotation="90">
              <colors>
                <color rgb="0x3C3C3C" alpha="100" stop="0" />
              </colors>
            </fill>
          </color>
          <color name="seek_border">
            <fill type="linear" rotation="90">
              <colors>
                <color rgb="0x000000" alpha="0" stop="0" />
              </colors>
            </fill>
          </color>
          <color name="border">
            <fill type="linear" rotation="90">
              <colors>
                <color rgb="0x000000" alpha="0" stop="0" />
              </colors>
            </fill>
          </color>
          <color name="bg">
            <fill type="linear" rotation="90">
              <colors>
                <color rgb="0x000000" alpha="0" stop="0" />
              </colors>
            </fill>
          </color>
          <color name="btn_icon_hover">
            <fill type="linear" rotation="90">
              <colors>
                <color rgb="0xFFFFFF" alpha="100" stop="0" />
              </colors>
            </fill>
          </color>
          <color name="btn_icon_shadow">
            <fill type="linear" rotation="90">
              <colors>
                <color rgb="0x000000" alpha="0" stop="0" />
              </colors>
            </fill>
          </color>
        </group_colors>
      </color_group>
      <color_group name="searchinput">
        <group_colors>
          <color name="text_active">
            <fill type="linear" rotation="90">
              <colors>
                <color rgb="0xF8F8F8" alpha="100" stop="0" />
              </colors>
            </fill>
          </color>
          <color name="bg_active">
            <fill type="linear" rotation="90">
              <colors>
                <color rgb="0x292929" alpha="100" stop="0" />
              </colors>
            </fill>
          </color>
          <color name="search_text">
            <fill type="linear" rotation="90">
              <colors>
                <color rgb="0xAAAAAA" alpha="100" stop="0" />
              </colors>
            </fill>
          </color>
          <color name="hover_glow">
            <fill type="linear" rotation="90">
              <colors>
                <color rgb="0x457E13" alpha="0" stop="0" />
              </colors>
            </fill>
          </color>
          <color name="button_hover">
            <fill type="linear" rotation="90">
              <colors>
                <color rgb="0x3F8500" alpha="100" stop="0" />
              </colors>
            </fill>
          </color>
          <color name="icon">
            <fill type="linear" rotation="90">
              <colors>
                <color rgb="0xFFFFFF" alpha="100" stop="0" />
              </colors>
            </fill>
          </color>
          <color name="border">
            <fill type="linear" rotation="90">
              <colors>
                <color rgb="0x000000" alpha="0" stop="0" />
              </colors>
            </fill>
          </color>
          <color name="bg">
            <fill type="linear" rotation="90">
              <colors>
                <color rgb="0x3C3C3C" alpha="100" stop="0" />
              </colors>
            </fill>
          </color>
          <color name="bg_in_tab">
            <fill type="linear" rotation="90">
              <colors>
                <color rgb="0x545454" alpha="100" stop="0" />
              </colors>
            </fill>
          </color>
        </group_colors>
      </color_group>
      <color_group name="scrollarea">
        <group_colors>
          <color name="detailb">
            <fill type="linear" rotation="90">
              <colors>
                <color rgb="0x6AA242" alpha="100" stop="0" />
              </colors>
            </fill>
          </color>
          <color name="detaila">
            <fill type="linear" rotation="90">
              <colors>
                <color rgb="0x2A5400" alpha="100" stop="0" />
              </colors>
            </fill>
          </color>
          <color name="shadow">
            <fill type="linear" rotation="90">
              <colors>
                <color rgb="0x275000" alpha="100" stop="0" />
              </colors>
            </fill>
          </color>
          <color name="icons">
            <fill type="linear" rotation="90">
              <colors>
                <color rgb="0xFFFFFF" alpha="100" stop="0" />
              </colors>
            </fill>
          </color>
          <color name="button_border">
            <fill type="linear" rotation="90">
              <colors>
                <color rgb="0x2A5500" alpha="100" stop="0" />
              </colors>
            </fill>
          </color>
          <color name="button_inner">
            <fill type="linear" rotation="90">
              <colors>
                <color rgb="0x4B8A16" alpha="100" stop="0" />
              </colors>
            </fill>
          </color>
          <color name="button_bg">
            <fill type="linear" rotation="90">
              <colors>
                <color rgb="0x494949" alpha="100" stop="0" />
              </colors>
            </fill>
          </color>
          <color name="button_bg_hover">
            <fill type="linear" rotation="90">
              <colors>
                <color rgb="0x7B7B7B" alpha="100" stop="0" />
              </colors>
            </fill>
          </color>
          <color name="border">
            <fill type="linear" rotation="90">
              <colors>
                <color rgb="0x479901" alpha="100" stop="0" />
              </colors>
            </fill>
          </color>
          <color name="bg">
            <fill type="linear" rotation="0">
              <colors>
                <color rgb="0x366F00" alpha="100" stop="0" />
              </colors>
            </fill>
          </color>
        </group_colors>
      </color_group>
      <color_group name="menu">
        <group_colors>
          <color name="shadow">
            <fill type="linear" rotation="90">
              <colors>
                <color rgb="0x000000" alpha="0" stop="0" />
              </colors>
            </fill>
          </color>
          <color name="bg">
            <fill type="linear" rotation="90">
              <colors>
                <color rgb="0x1B1B1B" alpha="100" stop="0" />
              </colors>
            </fill>
          </color>
          <color name="generic_shadow">
            <fill type="linear" rotation="90">
              <colors>
                <color rgb="0x000000" alpha="40" stop="0" />
              </colors>
            </fill>
          </color>
          <color name="right_shadow">
            <fill type="linear" rotation="0">
              <colors>
                <color rgb="0x000000" alpha="0" stop="0" />
                <color rgb="0x000000" alpha="30" stop="255" />
              </colors>
            </fill>
          </color>
        </group_colors>
      </color_group>
      <color_group name="logo">
        <group_colors>
          <color name="shadow">
            <fill type="linear" rotation="90">
              <colors>
                <color rgb="0x254B00" alpha="100" stop="0" />
              </colors>
            </fill>
          </color>
          <color name="bg">
            <fill type="linear" rotation="90">
              <colors>
                <color rgb="0xFFFFFF" alpha="0" stop="0" />
              </colors>
            </fill>
          </color>
        </group_colors>
      </color_group>
      <color_group name="checkbox">
        <group_colors>
          <color name="hover">
            <fill type="linear" rotation="90">
              <colors>
                <color rgb="0xAFDD82" alpha="100" stop="0" />
              </colors>
            </fill>
          </color>
          <color name="text">
            <fill type="linear" rotation="90">
              <colors>
                <color rgb="0xFFFFFF" alpha="100" stop="0" />
              </colors>
            </fill>
          </color>
          <color name="check">
            <fill type="linear" rotation="90">
              <colors>
                <color rgb="0x2BC400" alpha="100" stop="0" />
              </colors>
            </fill>
          </color>
          <color name="bg">
            <fill type="linear" rotation="90">
              <colors>
                <color rgb="0xFFFFFF" alpha="100" stop="0" />
              </colors>
            </fill>
          </color>
          <color name="border">
            <fill type="linear" rotation="90">
              <colors>
                <color rgb="0x2A5300" alpha="100" stop="0" />
              </colors>
            </fill>
          </color>
        </group_colors>
      </color_group>
      <color_group name="button">
        <group_colors>
          <color name="btn_icon_color">
            <fill type="linear" rotation="90">
              <colors>
                <color rgb="0xB4B4B4" alpha="100" stop="0" />
              </colors>
            </fill>
          </color>
          <color name="btn_text_shadow">
            <fill type="linear" rotation="90">
              <colors>
                <color rgb="0x000000" alpha="0" stop="0" />
              </colors>
            </fill>
          </color>
          <color name="btn_text">
            <fill type="linear" rotation="90">
              <colors>
                <color rgb="0xB4B4B4" alpha="100" stop="0" />
              </colors>
            </fill>
          </color>
          <color name="btn_border">
            <fill type="linear" rotation="90">
              <colors>
                <color rgb="0x000000" alpha="0" stop="0" />
              </colors>
            </fill>
          </color>
          <color name="btn_hover">
            <fill type="linear" rotation="90">
              <colors>
                <color rgb="0xFFFFFF" alpha="100" stop="0" />
              </colors>
            </fill>
          </color>
          <color name="btn_down">
            <fill type="linear" rotation="90">
              <colors>
                <color rgb="0x000000" alpha="0" stop="0" />
              </colors>
            </fill>
          </color>
          <color name="btn_bg">
            <fill type="linear" rotation="90">
              <colors>
                <color rgb="0x000000" alpha="0" stop="0" />
              </colors>
            </fill>
          </color>
          <color name="btn_glow">
            <fill type="linear" rotation="90">
              <colors>
                <color rgb="0x000000" alpha="0" stop="0" />
              </colors>
            </fill>
          </color>
        </group_colors>
      </color_group>
      <color_group name="base">
        <group_colors>
          <color name="brandhighlight">
            <fill type="linear" rotation="90">
              <colors>
                <color rgb="0x4F81BD" alpha="100" stop="0" />
              </colors>
            </fill>
          </color>
          <color name="text">
            <fill type="linear" rotation="90">
              <colors>
                <color rgb="0xB4B4B4" alpha="100" stop="0" />
              </colors>
            </fill>
          </color>
          <color name="text_hover">
            <fill type="linear" rotation="90">
              <colors>
                <color rgb="0xFFFFFF" alpha="100" stop="0" />
              </colors>
            </fill>
          </color>
          <color name="text_selected">
            <fill type="linear" rotation="90">
              <colors>
                <color rgb="0xFFFFFF" alpha="100" stop="0" />
              </colors>
            </fill>
          </color>
          <color name="diva">
            <fill type="linear" rotation="90">
              <colors>
                <color rgb="0x555555" alpha="100" stop="0" />
              </colors>
            </fill>
          </color>
          <color name="divb">
            <fill type="linear" rotation="90">
              <colors>
                <color rgb="0x000000" alpha="0" stop="0" />
              </colors>
            </fill>
          </color>
          <color name="menu_shade">
            <fill type="linear" rotation="90">
              <colors>
                <color rgb="0x1B1B1B" alpha="100" stop="0" />
              </colors>
            </fill>
          </color>
          <color name="border">
            <fill type="linear" rotation="90">
              <colors>
                <color rgb="0x282828" alpha="100" stop="0" />
              </colors>
            </fill>
          </color>
          <color name="bg">
            <fill type="linear" rotation="90">
              <colors>
                <color rgb="0x282828" alpha="100" stop="0" />
              </colors>
            </fill>
          </color>
          <color name="slide_bg">
            <fill type="linear" rotation="90">
              <colors>
                <color rgb="0x282828" alpha="100" stop="0" />
              </colors>
            </fill>
          </color>
          <color name="overlay_message">
            <fill type="linear" rotation="90">
              <colors>
                <color rgb="0x000000" alpha="85" stop="0" />
              </colors>
            </fill>
          </color>
        </group_colors>
      </color_group>
      <color_group name="volume">
        <group_colors>
          <color name="panel_bg">
            <fill type="linear" rotation="90">
              <colors>
                <color rgb="0x323232" alpha="100" stop="0" />
              </colors>
            </fill>
          </color>
          <color name="thumb_border">
            <fill type="linear" rotation="90">
              <colors>
                <color rgb="0x2B5500" alpha="100" stop="0" />
              </colors>
            </fill>
          </color>
          <color name="thumb_inner">
            <fill type="linear" rotation="90">
              <colors>
                <color rgb="0x2B5500" alpha="100" stop="0" />
              </colors>
            </fill>
          </color>
          <color name="thumb_bg">
            <fill type="linear" rotation="90">
              <colors>
                <color rgb="0xFFFFFF" alpha="100" stop="0" />
              </colors>
            </fill>
          </color>
          <color name="slider_border">
            <fill type="linear" rotation="90">
              <colors>
                <color rgb="0x428C01" alpha="100" stop="0" />
              </colors>
            </fill>
          </color>
          <color name="slider_bg">
            <fill type="linear" rotation="0">
              <colors>
                <color rgb="0x3C3C3C" alpha="100" stop="0" />
              </colors>
            </fill>
          </color>
          <color name="slider_shadow">
            <fill type="linear" rotation="90">
              <colors>
                <color rgb="0x000000" alpha="40" stop="0" />
              </colors>
            </fill>
          </color>
        </group_colors>
      </color_group>
      <color_group name="accessibility">
        <group_colors>
          <color name="focus_rect">
            <fill type="linear" rotation="90">
              <colors>
                <color rgb="0xFFFF00" alpha="100" stop="0" />
              </colors>
            </fill>
          </color>
        </group_colors>
      </color_group>
    </colorscheme>
  </colorschemes>
  <string_tables>
    <string_table name="pxabnsnfns00000100001">
      <string id="submit">SENDEN</string>
      <string id="acc_submit">senden</string>
      <string id="check_include">Überprüfen</string>
      <string id="submitall">ALLES SENDEN</string>
      <string id="acc_submitall">alles senden</string>
      <string id="search">Suche...</string>
      <string id="exit">Verlassen</string>
      <string id="disabled_orientation">Bitte drehen Sie das Gerät</string>
      <string id="acc_active">aktiv</string>
      <string id="finish">BEENDEN</string>
      <string id="acc_finish">beenden</string>
      <string id="acc_replay">erneute wiedergabe</string>
      <string id="slide_text_chk">Folientext</string>
      <string id="resume">Fortsetzen</string>
      <string id="question_list">Liste der Fragen</string>
      <string id="glossary">Glossar</string>
      <string id="terms">Begriffe</string>
      <string id="acc_definition">definition</string>
      <string id="definition">Definition</string>
      <string id="acc_volume">Lautstärke</string>
      <string id="acc_skipnavigation">Navigation überspringen. Eingabetaste drücken, um zur Folie zurückzukehren.</string>
      <string id="restart">Neustart</string>
      <string id="transcript_chk">Notizen</string>
      <string id="bio">Bio</string>
      <string id="more_info">Weitere Informationen</string>
      <string id="closed_captions">Untertitel</string>
      <string id="acc_pause">pause</string>
      <string id="send_an_email">E-Mail senden</string>
      <string id="acc_resources">ressourcen</string>
      <string id="continueresponsive">Fortfahren</string>
      <string id="close">Schließen</string>
      <string id="continue">Fortfahren</string>
      <string id="filter">Filter</string>
      <string id="clear">Löschen</string>
      <string id="desktop_start">Kurs starten</string>
      <string id="mobile_start">Kurs starten</string>
      <string id="sidebar_toggle">Seitenleiste ein-/ausblenden</string>
      <string id="acc_search_input">suche</string>
      <string id="search_toggle">Suchen</string>
      <string id="search_results">Suchergebnisse</string>
      <string id="search_in">Suche in:</string>
      <string id="outline">Menü</string>
      <string id="transcript">Notizen</string>
      <string id="resources">Ressourcen</string>
      <string id="acc_closed_captions">Geschlossene Untertitel. Drücken Sie die Leertaste, um die Untertitel an- und oder auszuschalten.</string>
      <string id="next">WEITER</string>
      <string id="acc_next">nächste</string>
      <string id="acc_play">spielen</string>
      <string id="acc_previous">vorherigen</string>
      <string id="prev">ZURÜCK</string>
    </string_table>
  </string_tables>
  <fonts>
    <font name="Lato">
      <files>
        <file bold="true" italic="false" />
        <file bold="false" italic="false" />
      </files>
    </font>
  </fonts>
  <sounds enabled="true" />
  <nav_data>
    <outline>
      <links>
        <slidelink slideid="_player.6RkZ0jui7Qi" displaytext="Hauptmenü" expand="true" type="slide">
          <links>
            <slidelink slideid="_player.6RkZ0jui7Qi.6QY6BmeaDvm" displaytext="Beginn des Studiums" expand="false" type="slide" />
            <slidelink slideid="_player.6RkZ0jui7Qi.5gWqZGMw4mZ" displaytext="Hauptmenü" expand="false" type="slide" />
            <slidelink slideid="_player.6RkZ0jui7Qi.5bmWFQwXqGm" displaytext="Index" expand="false" type="slide" />
            <slidelink slideid="_player.6RkZ0jui7Qi.6HoL4mcnuET" displaytext="Index" expand="false" type="slide" />
            <slidelink slideid="_player.6RkZ0jui7Qi.5WWbvTy9Qgv" displaytext="Index" expand="false" type="slide" />
            <slidelink slideid="_player.6RkZ0jui7Qi.5vwsrSmawwH" displaytext="Index" expand="false" type="slide" />
          </links>
        </slidelink>
        <slidelink slideid="_player.5dDivAfWhBH" displaytext="1) Organisatorisches" expand="true" type="slide">
          <links>
            <slidelink slideid="_player.5dDivAfWhBH.6hf1FBw0NLy" displaytext="Wichtige organisatorische Informationen zum Studieneinstieg" expand="false" type="slide" />
            <slidelink slideid="_player.5dDivAfWhBH.6MARWmSYzrb" displaytext="Termine eines Semesters" expand="false" type="slide" />
            <slidelink slideid="_player.5dDivAfWhBH.61Y3KqNvUZy" displaytext="Informationen zu Klausuren" expand="false" type="slide" />
            <slidelink slideid="_player.5dDivAfWhBH.6hplDid6AvB" displaytext="Athene-Karte" expand="false" type="slide" />
            <slidelink slideid="_player.5dDivAfWhBH.601wozjKsHG" displaytext="Semesterbeitrag und Semesterticket" expand="false" type="slide" />
            <slidelink slideid="_player.5dDivAfWhBH.6GlRDEPeoMr" displaytext="BAföG" expand="false" type="slide" />
            <slidelink slideid="_player.5dDivAfWhBH.6CSxJ5Yi2ON" displaytext="AStA" expand="false" type="slide" />
            <slidelink slideid="_player.5dDivAfWhBH.5WUbLVU37wS" displaytext="D120" expand="false" type="slide" />
          </links>
        </slidelink>
        <slidelink slideid="_player.5xipvkA8ZfV" displaytext="2) Lageplan" expand="true" type="slide">
          <links>
            <slidelink slideid="_player.5xipvkA8ZfV.5Z40PNqwRGb" displaytext="Start" expand="false" type="slide" />
            <slidelink slideid="_player.5xipvkA8ZfV.6fzh0ZD2ONG" displaytext="Virtuelle Tour über den Campus" expand="false" type="slide" />
            <slidelink slideid="_player.5xipvkA8ZfV.6BQZtjjima5" displaytext="ULB" expand="false" type="slide" />
            <slidelink slideid="_player.5xipvkA8ZfV.6bHVokD977O" displaytext="Mensa" expand="false" type="slide" />
            <slidelink slideid="_player.5xipvkA8ZfV.5hzFgB1VBju" displaytext="Erklärung der virtuellen Tour" expand="false" type="slide" />
            <slidelink slideid="_player.5xipvkA8ZfV.61HfWpM29HT" displaytext="Mensa 2" expand="false" type="slide" />
            <slidelink slideid="_player.5xipvkA8ZfV.5uPXTpGekcU" displaytext="Mensa 3" expand="false" type="slide" />
            <slidelink slideid="_player.5xipvkA8ZfV.6ccfk12RzI8" displaytext="Mensa 4" expand="false" type="slide" />
            <slidelink slideid="_player.5xipvkA8ZfV.5cXuahmyNhU" displaytext="Mensa 5" expand="false" type="slide" />
            <slidelink slideid="_player.5xipvkA8ZfV.6q0q76WMaTi" displaytext="Mensa 6" expand="false" type="slide" />
            <slidelink slideid="_player.5xipvkA8ZfV.616GSkwj2aH" displaytext="Mensa 7" expand="false" type="slide" />
            <slidelink slideid="_player.5xipvkA8ZfV.6Cz6VNeBr2N" displaytext="Mensa 7" expand="false" type="slide" />
            <slidelink slideid="_player.5xipvkA8ZfV.5qj573F3Bwb" displaytext="Mensa 8" expand="false" type="slide" />
            <slidelink slideid="_player.5xipvkA8ZfV.64vmHKlgdkd" displaytext="Mensa 9" expand="false" type="slide" />
            <slidelink slideid="_player.5xipvkA8ZfV.5uDimu7RIwF" displaytext="Mensa 10" expand="false" type="slide" />
            <slidelink slideid="_player.5xipvkA8ZfV.6pnzzh4Do8m" displaytext="Mensa 11" expand="false" type="slide" />
            <slidelink slideid="_player.5xipvkA8ZfV.66aIzvr5tZQ" displaytext="Mensa 12" expand="false" type="slide" />
            <slidelink slideid="_player.5xipvkA8ZfV.6QFnmZyOpAZ" displaytext="Mensa 13" expand="false" type="slide" />
            <slidelink slideid="_player.5xipvkA8ZfV.6Kqo2Xd4nm0" displaytext="Mensa 14" expand="false" type="slide" />
            <slidelink slideid="_player.5xipvkA8ZfV.6h4OWWxIgHG" displaytext="Piloty" expand="false" type="slide" />
            <slidelink slideid="_player.5xipvkA8ZfV.6RB44pBLRjY" displaytext="Piloty" expand="false" type="slide" />
            <slidelink slideid="_player.5xipvkA8ZfV.5dAv6P9GhAD" displaytext="Piloty" expand="false" type="slide" />
            <slidelink slideid="_player.5xipvkA8ZfV.6fYZY25C9nE" displaytext="Piloty" expand="false" type="slide" />
            <slidelink slideid="_player.5xipvkA8ZfV.5VGEnYxkSpt" displaytext="Piloty" expand="false" type="slide" />
            <slidelink slideid="_player.5xipvkA8ZfV.6fj1mhKkmCV" displaytext="Piloty" expand="false" type="slide" />
            <slidelink slideid="_player.5xipvkA8ZfV.6kemdkb73EQ" displaytext="Piloty" expand="false" type="slide" />
            <slidelink slideid="_player.5xipvkA8ZfV.6PAZyqw86KR" displaytext="Piloty" expand="false" type="slide" />
            <slidelink slideid="_player.5xipvkA8ZfV.6KyPlgCKxCI" displaytext="Piloty" expand="false" type="slide" />
            <slidelink slideid="_player.5xipvkA8ZfV.5VRpPoM0z1u" displaytext="Piloty" expand="false" type="slide" />
            <slidelink slideid="_player.5xipvkA8ZfV.6c0uW4UUp0I" displaytext="Piloty" expand="false" type="slide" />
            <slidelink slideid="_player.5xipvkA8ZfV.69DIwWhDS59" displaytext="Piloty" expand="false" type="slide" />
            <slidelink slideid="_player.5xipvkA8ZfV.5xJWggxxwH5" displaytext="Piloty" expand="false" type="slide" />
            <slidelink slideid="_player.5xipvkA8ZfV.63NRWZ5YBqp" displaytext="Piloty" expand="false" type="slide" />
            <slidelink slideid="_player.5xipvkA8ZfV.6HIrOWL25uM" displaytext="Piloty" expand="false" type="slide" />
            <slidelink slideid="_player.5xipvkA8ZfV.5r5ECSGLxWZ" displaytext="Piloty" expand="false" type="slide" />
            <slidelink slideid="_player.5xipvkA8ZfV.6HNANpucsnL" displaytext="Piloty" expand="false" type="slide" />
            <slidelink slideid="_player.5xipvkA8ZfV.6mmrOvQUvME" displaytext="Piloty" expand="false" type="slide" />
            <slidelink slideid="_player.5xipvkA8ZfV.65Xd0O4WZCJ" displaytext="Piloty" expand="false" type="slide" />
            <slidelink slideid="_player.5xipvkA8ZfV.6ccqQMpeKoU" displaytext="Piloty" expand="false" type="slide" />
            <slidelink slideid="_player.5xipvkA8ZfV.5z50rFgGLGn" displaytext="Piloty" expand="false" type="slide" />
            <slidelink slideid="_player.5xipvkA8ZfV.6e5DyR6gWP9" displaytext="Piloty" expand="false" type="slide" />
            <slidelink slideid="_player.5xipvkA8ZfV.6NiSLg3MAZu" displaytext="Piloty" expand="false" type="slide" />
            <slidelink slideid="_player.5xipvkA8ZfV.69DpoqAbgzU" displaytext="Piloty" expand="false" type="slide" />
            <slidelink slideid="_player.5xipvkA8ZfV.5b2AfyDdVha" displaytext="Piloty" expand="false" type="slide" />
            <slidelink slideid="_player.5xipvkA8ZfV.5UgNcuHsqML" displaytext="Piloty" expand="false" type="slide" />
            <slidelink slideid="_player.5xipvkA8ZfV.5gEQtUYfaVY" displaytext="Piloty" expand="false" type="slide" />
            <slidelink slideid="_player.5xipvkA8ZfV.6W2kesEg2U9" displaytext="Piloty" expand="false" type="slide" />
            <slidelink slideid="_player.5xipvkA8ZfV.6LssZ7KYtow" displaytext="Piloty" expand="false" type="slide" />
            <slidelink slideid="_player.5xipvkA8ZfV.6niPFY005OH" displaytext="Piloty" expand="false" type="slide" />
            <slidelink slideid="_player.5xipvkA8ZfV.5fyh0fa4f7Y" displaytext="Piloty" expand="false" type="slide" />
            <slidelink slideid="_player.5xipvkA8ZfV.6FTvOtymAxQ" displaytext="Piloty" expand="false" type="slide" />
            <slidelink slideid="_player.5xipvkA8ZfV.5da6yT1IqkI" displaytext="Piloty" expand="false" type="slide" />
            <slidelink slideid="_player.5xipvkA8ZfV.5WkKuOFsyfA" displaytext="Piloty" expand="false" type="slide" />
            <slidelink slideid="_player.5xipvkA8ZfV.6O4d4vfNS6J" displaytext="Piloty" expand="false" type="slide" />
            <slidelink slideid="_player.5xipvkA8ZfV.6TKnGYi9eBt" displaytext="Piloty" expand="false" type="slide" />
            <slidelink slideid="_player.5xipvkA8ZfV.5yq0EWMHZLa" displaytext="Piloty" expand="false" type="slide" />
            <slidelink slideid="_player.5xipvkA8ZfV.6WHVkFs0Lyw" displaytext="Piloty" expand="false" type="slide" />
            <slidelink slideid="_player.5xipvkA8ZfV.6m9c6v9ff0B" displaytext="Piloty" expand="false" type="slide" />
            <slidelink slideid="_player.5xipvkA8ZfV.6dOMvVp6ynG" displaytext="Piloty" expand="false" type="slide" />
            <slidelink slideid="_player.5xipvkA8ZfV.6SgXdHa3Anh" displaytext="Piloty" expand="false" type="slide" />
            <slidelink slideid="_player.5xipvkA8ZfV.5XH9qFePYSJ" displaytext="Piloty" expand="false" type="slide" />
            <slidelink slideid="_player.5xipvkA8ZfV.5nUyOghosfM" displaytext="Piloty" expand="false" type="slide" />
            <slidelink slideid="_player.5xipvkA8ZfV.5pzJQiBSisV" displaytext="Piloty" expand="false" type="slide" />
            <slidelink slideid="_player.5xipvkA8ZfV.66SltDrFEqo" displaytext="Piloty" expand="false" type="slide" />
            <slidelink slideid="_player.5xipvkA8ZfV.5xgvmya6UtR" displaytext="Piloty" expand="false" type="slide" />
            <slidelink slideid="_player.5xipvkA8ZfV.6QvNsWzXOzr" displaytext="Piloty" expand="false" type="slide" />
            <slidelink slideid="_player.5xipvkA8ZfV.5lx7HFmeHvm" displaytext="Piloty" expand="false" type="slide" />
            <slidelink slideid="_player.5xipvkA8ZfV.60Tbm5xtQoH" displaytext="Piloty" expand="false" type="slide" />
            <slidelink slideid="_player.5xipvkA8ZfV.6qArlup1Fmm" displaytext="Piloty" expand="false" type="slide" />
            <slidelink slideid="_player.5xipvkA8ZfV.5oJm5Sn1KEq" displaytext="Piloty" expand="false" type="slide" />
            <slidelink slideid="_player.5xipvkA8ZfV.6OGaLH4KBQU" displaytext="Piloty" expand="false" type="slide" />
            <slidelink slideid="_player.5xipvkA8ZfV.5fBnT0t74ys" displaytext="Piloty" expand="false" type="slide" />
            <slidelink slideid="_player.5xipvkA8ZfV.6h7QzFHN0Wq" displaytext="Piloty" expand="false" type="slide" />
            <slidelink slideid="_player.5xipvkA8ZfV.60zEZ80F0gc" displaytext="Piloty" expand="false" type="slide" />
            <slidelink slideid="_player.5xipvkA8ZfV.5lPYntgtiCq" displaytext="Piloty" expand="false" type="slide" />
            <slidelink slideid="_player.5xipvkA8ZfV.6j8ub1LYkCp" displaytext="Piloty" expand="false" type="slide" />
            <slidelink slideid="_player.5xipvkA8ZfV.6DdxFE81XhP" displaytext="Piloty" expand="false" type="slide" />
            <slidelink slideid="_player.5xipvkA8ZfV.60EX3dunVAk" displaytext="Piloty" expand="false" type="slide" />
            <slidelink slideid="_player.5xipvkA8ZfV.6qHJr1whD9l" displaytext="Piloty" expand="false" type="slide" />
            <slidelink slideid="_player.5xipvkA8ZfV.6ISTbmPjPsS" displaytext="Piloty" expand="false" type="slide" />
            <slidelink slideid="_player.5xipvkA8ZfV.6fDwJ8gFghR" displaytext="Piloty" expand="false" type="slide" />
            <slidelink slideid="_player.5xipvkA8ZfV.6RNqAyakxbV" displaytext="Piloty" expand="false" type="slide" />
            <slidelink slideid="_player.5xipvkA8ZfV.689PtB5ZlCw" displaytext="Piloty" expand="false" type="slide" />
            <slidelink slideid="_player.5xipvkA8ZfV.6LUojwZbkQB" displaytext="Piloty" expand="false" type="slide" />
            <slidelink slideid="_player.5xipvkA8ZfV.5ojFQjHmrri" displaytext="Piloty" expand="false" type="slide" />
            <slidelink slideid="_player.5xipvkA8ZfV.5VBFWJr49b5" displaytext="Piloty" expand="false" type="slide" />
            <slidelink slideid="_player.5xipvkA8ZfV.6NjEx6o7zsf" displaytext="Piloty" expand="false" type="slide" />
            <slidelink slideid="_player.5xipvkA8ZfV.6E2E3xWgXTA" displaytext="Piloty" expand="false" type="slide" />
            <slidelink slideid="_player.5xipvkA8ZfV.60RiTf20VRq" displaytext="Piloty" expand="false" type="slide" />
            <slidelink slideid="_player.5xipvkA8ZfV.6Cqinmg9YxG" displaytext="Piloty" expand="false" type="slide" />
            <slidelink slideid="_player.5xipvkA8ZfV.6SNw3uDznD0" displaytext="Piloty" expand="false" type="slide" />
            <slidelink slideid="_player.5xipvkA8ZfV.6dYZD5Z0mgb" displaytext="Piloty" expand="false" type="slide" />
            <slidelink slideid="_player.5xipvkA8ZfV.6DZA43L4Wt4" displaytext="Piloty" expand="false" type="slide" />
            <slidelink slideid="_player.5xipvkA8ZfV.6IcDHk92TWY" displaytext="Piloty" expand="false" type="slide" />
            <slidelink slideid="_player.5xipvkA8ZfV.67cDHqDmISs" displaytext="Piloty" expand="false" type="slide" />
            <slidelink slideid="_player.5xipvkA8ZfV.69rEuOlcZqF" displaytext="Piloty" expand="false" type="slide" />
            <slidelink slideid="_player.5xipvkA8ZfV.6dELUCcREOV" displaytext="Piloty" expand="false" type="slide" />
            <slidelink slideid="_player.5xipvkA8ZfV.6YcB83oaUuO" displaytext="Piloty" expand="false" type="slide" />
            <slidelink slideid="_player.5xipvkA8ZfV.5Uo5D89Rav5" displaytext="Piloty" expand="false" type="slide" />
            <slidelink slideid="_player.5xipvkA8ZfV.5kfzlaTKySn" displaytext="Piloty" expand="false" type="slide" />
            <slidelink slideid="_player.5xipvkA8ZfV.5aZzCEibpJD" displaytext="Piloty" expand="false" type="slide" />
            <slidelink slideid="_player.5xipvkA8ZfV.6EUCL1KFaHR" displaytext="Piloty" expand="false" type="slide" />
            <slidelink slideid="_player.5xipvkA8ZfV.5cIrIeSIWI3" displaytext="Piloty" expand="false" type="slide" />
            <slidelink slideid="_player.5xipvkA8ZfV.5YtqelY9Vrk" displaytext="Piloty" expand="false" type="slide" />
            <slidelink slideid="_player.5xipvkA8ZfV.6oTjkpd4DlX" displaytext="Folie ohne Titel" expand="false" type="slide" />
            <slidelink slideid="_player.5xipvkA8ZfV.6gZRxNvl4F7" displaytext="Folie ohne Titel" expand="false" type="slide" />
            <slidelink slideid="_player.5xipvkA8ZfV.6n6r1PuLcmm" displaytext="S1|01 Universitätszentrum, karo 5,     Audimax" expand="false" type="slide" />
            <slidelink slideid="_player.5xipvkA8ZfV.6kTRrKgrmbD" displaytext="S1|02 + S1|03 Altes Hauptgebäude" expand="false" type="slide" />
            <slidelink slideid="_player.5xipvkA8ZfV.6YblFfkscrh" displaytext="S1|11 Mensa" expand="false" type="slide" />
            <slidelink slideid="_player.5xipvkA8ZfV.5Uup2qOa58N" displaytext="S2|02 Robert-Piloty-Gebäude" expand="false" type="slide" />
            <slidelink slideid="_player.5xipvkA8ZfV.6eW0d1pDz7i" displaytext="S1|20 Universitäts- und Landesbibliothek (ULB Stadtmitte)" expand="false" type="slide" />
          </links>
        </slidelink>
        <slidelink slideid="_player.5eGqFYIgRmR" displaytext="3) Rechnernutzung" expand="true" type="slide">
          <links>
            <slidelink slideid="_player.5eGqFYIgRmR.5k7sY01fxMy" displaytext="Start" expand="false" type="slide" />
            <slidelink slideid="_player.5eGqFYIgRmR.5tbUuNuSp8b" displaytext="Start" expand="false" type="slide" />
            <slidelink slideid="_player.5eGqFYIgRmR.5uHegD7c9XA" displaytext="Start" expand="false" type="slide" />
            <slidelink slideid="_player.5eGqFYIgRmR.6b7FWOJFpCn" displaytext="Start" expand="false" type="slide" />
          </links>
        </slidelink>
        <slidelink slideid="_player.6nHheV1ACiB" displaytext="4) EVS" expand="true" type="slide">
          <links>
            <slidelink slideid="_player.6nHheV1ACiB.6M3QsnOOvh6" displaytext="Start" expand="false" type="slide" />
            <slidelink slideid="_player.6nHheV1ACiB.5gtwB0dbCLN" displaytext="tucan" expand="false" type="slide" />
            <slidelink slideid="_player.6nHheV1ACiB.5UqyoqCStHN" displaytext="tucan" expand="false" type="slide" />
            <slidelink slideid="_player.6nHheV1ACiB.6D3mFvXaRpx" displaytext="tucan" expand="false" type="slide" />
            <slidelink slideid="_player.6nHheV1ACiB.6n9U38yHxxg" displaytext="tucan" expand="false" type="slide" />
            <slidelink slideid="_player.6nHheV1ACiB.6g5uJJbte3v" displaytext="tucan" expand="false" type="slide" />
            <slidelink slideid="_player.6nHheV1ACiB.6KNdHxKcnEi" displaytext="tucan" expand="false" type="slide" />
            <slidelink slideid="_player.6nHheV1ACiB.6PTyJ4iaMCp" displaytext="tucan" expand="false" type="slide" />
            <slidelink slideid="_player.6nHheV1ACiB.6CwhlNbvdcZ" displaytext="tucan" expand="false" type="slide" />
            <slidelink slideid="_player.6nHheV1ACiB.6pKTXmyIe5f" displaytext="tucan" expand="false" type="slide" />
            <slidelink slideid="_player.6nHheV1ACiB.69u6XRSpOgF" displaytext="tucan" expand="false" type="slide" />
            <slidelink slideid="_player.6nHheV1ACiB.5tsY8hD9Rzu" displaytext="moodle" expand="false" type="slide" />
            <slidelink slideid="_player.6nHheV1ACiB.64l0dQQLRKx" displaytext="lernportal" expand="false" type="slide" />
            <slidelink slideid="_player.6nHheV1ACiB.5VToYa6ukjq" displaytext="lernportal" expand="false" type="slide" />
            <slidelink slideid="_player.6nHheV1ACiB.5pDO9DrM78Y" displaytext="lernportal" expand="false" type="slide" />
            <slidelink slideid="_player.6nHheV1ACiB.5eyGGVaLEee" displaytext="lernportal" expand="false" type="slide" />
            <slidelink slideid="_player.6nHheV1ACiB.6nYIXbTUE5u" displaytext="lernportal" expand="false" type="slide" />
          </links>
        </slidelink>
        <slidelink slideid="_player.5uIQJHUDNkh" displaytext="5) Fächer" expand="true" type="slide">
          <links>
            <slidelink slideid="_player.5uIQJHUDNkh.5e8nJz0o5q6" displaytext="Start" expand="false" type="slide" />
            <slidelink slideid="_player.5uIQJHUDNkh.67PdHmTFFPB" displaytext="Arten von Veranstaltungen" expand="false" type="slide" />
            <slidelink slideid="_player.5uIQJHUDNkh.5buPnDr0qJl" displaytext="Relevante Veranstaltungen im ersten Semester" expand="false" type="slide" />
          </links>
        </slidelink>
        <slidelink slideid="_player.6MmzmUYu9dW" displaytext="6) Stundenplan" expand="true" type="slide">
          <links>
            <slidelink slideid="_player.6MmzmUYu9dW.64ngKZlmS6B" displaytext="Start" expand="false" type="slide" />
            <slidelink slideid="_player.6MmzmUYu9dW.6HcxmnPty4S" displaytext="Folie ohne Titel" expand="false" type="slide" />
          </links>
        </slidelink>
        <slidelink slideid="_player.6mOyt9h6jDw" displaytext="7) Aktivitäten" expand="true" type="slide">
          <links>
            <slidelink slideid="_player.6mOyt9h6jDw.66psCogmrqG" displaytext="Start" expand="false" type="slide" />
          </links>
        </slidelink>
        <slidelink slideid="_player.5cgFVxY3nbY" displaytext="8) Freizeitangebote" expand="true" type="slide">
          <links>
            <slidelink slideid="_player.5cgFVxY3nbY.5seeojTq3BH" displaytext="Start" expand="false" type="slide" />
          </links>
        </slidelink>
        <slidelink slideid="_player.6LHyjQxiiBN" displaytext="Quiz" expand="true" type="slide">
          <links>
            <slidelink slideid="_player.6LHyjQxiiBN.6SmekPHlBFG" displaytext="Start" expand="false" type="slide" />
            <slidelink slideid="_player.6LHyjQxiiBN.5icgem2a5xH" displaytext="Quiz zur TU Darmstadt" expand="false" type="slide" />
            <slidelink slideid="_player.6LHyjQxiiBN.6VdLn2zLzu0" displaytext="Aus Fragenbank 1 herausziehen" expand="false" type="slide" />
          </links>
        </slidelink>
      </links>
    </outline>
  </nav_data>
  <resource_data description="&lt;p align='left'&gt;&lt;font face='Lato' style='font-size: 11px;' size='11' color='#B4B4B4'&gt;Hier finden Sie alle Links kompakt in einem PDF zusammengefasst.&lt;/font&gt;&lt;/p&gt;">
    <resources>
      <resource url="story_content/external_files/Stundenplan.pdf" image="story_content/6jJid6UxlCZ.png" title="Stundenplan" />
      <resource url="story_content/external_files/RelevanteLinks.pdf" image="story_content/6paMJxS5kbI.png" title="Alle relevanten Links des Kurses" />
    </resources>
  </resource_data>
  <transcript_data />
  <glossary_data />
</bwFrame>