﻿<?xml version="1.0" encoding="utf-8"?><bwFonts xmlns:xsi="http://www.w3.org/2001/XMLSchema-instance" xmlns:xsd="http://www.w3.org/2001/XMLSchema" fontfactoryurl="story_content/FontFactory.swf"><font id="00" name="Open SansBold Charset1_ 6DQy1SQYyKK"><glyphs><g i="0" c="83" charCode="83" p="#^NI2rNItt1HSuiFfwcCfwlzfw8xav%8xFrYytscAOssB7tuC7tKD7toEFs3Fas3Fer3FIqMEiquEUpVDwplD7pBBioZzxn8zQmky6mRxalmxekmxZimxCgYyffzAUdoDUdNEUd2GdejHyeHI9f%tH5i2Gwh6FhhaE2hhD2hcC2hDByh2B2i2BSi2BmjhBKjwB5k0CskxCOkqEIlWGUmRH5oNIipNI2r" /><g i="1" c="105" charCode="105" p="#^OxQeOx$cQz$cRB$cRBQeRBHfkBagQAFgQzFgOxFgOxQe^GB$v%Yx$v%Yxmi%GBmi" /><g i="2" c="101" charCode="101" p="#^CDLkqCLkLBvl4Bfm_ADn%cGDnaGfmtFvlNELkCDLk^7EfwQAfwZyru7xCs7xhp7xRlQyZjyA5iAD5itG5i4ILjHJolHJio%HJ6q%UA6qYAIrQBBsJCutiEutxFutDGetKHZsWIps%WIhvYHNvQG0wJFfw7Efw" /><g i="3" c="32" charCode="32" p="#" /><g i="4" c="109" charCode="109" p="#^aK$v%sG$v%sG1osGzmYFQlsF4loE4lZC4ljC7mGBanGBAp%GB$v%Yx$v%Yxmi%OAmi%iB5k%vB5k3C9j5DDi7E5itF5ixI5iDJ5k%YJ5kvK8jzLDiEM5i_N5iiQ5iuRhjGStkGS5n%GS$v%XO$v%XO1oXOzmrOQlYN4lUM4lxL4lRK3maK1naK9p" /><g i="5" c="252" charCode="252" p="#^DH$v%7Hgu%XGgukGdveFKv8EfwKCfwkAfw5zZuTxGtTxfr%Txmi%CBmi%CBkqCBPr7CysFChtODhtnFht3GesMGbrMGNo%MGmi%uKmi%uK$v^_zRe_z2erADdVAcdHBcduCcdXCFdpD5epDRepDAfXC1gtCtgHBtgVAtgrA2g_zCf_zRe^VEReVE_doFBdUFcdDGcdqHcdUHEdmI4emIRemIBfTH1gpHtgDGtgUFtgoF4gVEGfVERe" /><g i="6" c="115" charCode="115" p="#^tHYrtH2u$F9vyEfwFBfw9Afw6z2w3yRv8xsv%8xosbyTsuzctNAxtMBxtODxtODmsODWrxDFrgDnrBC1rXBGqRAcqgzypxy_oOxqosxIn7xZm7xVl7x5kxy5jXz5ixC5i$E5ikHaj%cGSlaFqlhE8loDSktCSkQASkQALlQAfmmBDmUB_mGDInhFmo0GWoMGtp6HcqtHXqtHYr" /><g i="7" c="110" charCode="110" p="#^zK$v%QG$v%QG1oQGzmiGQlNF4lEE4l3D4lmC7mGBanGBAp%GB$v%Yx$v%Yxmi%OAmi%iB5k%vB5k7C6jdDCijE5iIF5i5I5ikJojzKGkzK5n" /><g i="8" c="100" charCode="100" p="#^hCfwTzfwvyou7xws7xcp7xRlwyZjWz5inC5iYE5ijG5k%rG5k9Gzi9Gnh%9G$c%UJ$c%UJ$v%1H$v%jGeu%9GeuTEfwhCfw^ADht0FhtGFsslGDrpGDp%pGeppG1nJF4m2F7lwD7lhC7lABbmUAenUAfpUAgrABhshChtADht" /><g i="9" c="70" charCode="70" p="%^ZB$vfy$vfy9etI9etIfhZBfhZBSl0ISl0IYoZBYo" /><g i="10" c="114" charCode="114" p="#^AF5ikG5iQGci%yGHl5GAlsFAlGDAlGCvmGBpnGB2p%GB$v%Yx$v%Yxmi%MAmi%kBEk%vBEk8CvjdDOiiE5iAF5i" /><g i="11" c="97" charCode="97" p="#^CG$v%UF9u%OF9uSElvSDOvTCfwgBfwjzfway7v2x$t2xXr2xMpzyKo5AIn9DBn%wFwn%wFWmwFRkoDRkMBRkyzQl%jyjjGA4iyD4ihG4iLHhjdJtkdJVm%dJ$v^wFHp%4EKpsCNpFBkqTASqTAYrTAxtGCxtZDxtKEOswF2swFPq" /><g i="12" c="103" charCode="103" p="#^QJli%QJek%IHNkhIIlhIRmhI2pLGhqdFvrvCvr%QBtr%hBprIARrIAnsIAbtLCbt%4FbtjHbtuI9uGJ6vGJZwGJmzGHGAHF$BYB$B5z$BAx$A4w0A4wdy4w_wRw9wCxkv5zZuxyKu5ybuGxDtGx$sGxds7yIrAybrrzHqmydqJxcp5xao5xMm5xxkyyjj$z5iIC5ihD5i3EciREii4Fli^izXxizIy1A8zMAAz6CAz6EAzeF1znGuynGxxnGLwIFsw1FawDDaw%IBawGAaw_zFwiz8xizXx^FAQmFAXn9BBoGBepICepLDepeEBoKEXnKEQmKEmkICmkFAmkFAQm" /><g i="13" c="118" charCode="118" p="%^cB$v$vmiUzmixC7q#ZCCr4DWs9DWs#dDLrID7qkGmidKmi0F$v" /><g i="14" c="111" charCode="111" p="#^WA9pWAbrABesfCgtLDgtfFgtUFesyGcryG9pyG7nUF6meF5lKD5leC5lAB6mWA6nWA9p^mK9pmKusBInuRGfwIDfwKBfweAovKyxuWxWs7xir7x9p7xPlSyYjCA5iND5iLF5ifHYiLIOjyJplmK$mmK9p" /><g i="15" c="65" charCode="65" p="#^aJ$v%THLr%nBLr%4A$v%$v$v%iC4e%WG4e%fN$v^ZGAobFOiYE2iKEhhDERgeEpikCAo" /><g i="16" c="98" charCode="98" p="#^yF5iZH5ikJ_jIKTlIK9pIKxshJouTHfwsFfw2DfwGBvu%qBvu%OA$v%Yx$v%Yx$c%GB$c%GBqhGBgixB7k%GB7k_C5iyF5i^mE4lZC4lkCXlIBNmGBKo%GB7pGBkrkChs_CetpEetyFetdGbsVG7rVG6pVG5ndG5myF4lmE4l" /><g i="17" c="108" charCode="108" p="%^GB$vYx$vYx$cGB$c" /><g i="18" c="116" charCode="116" p="#^IDhtHEht2GSs%2GDvFEfwDCfwoAfwnz7vmy$tmyKr%my9l%Aw9l%AwAj%Dyki%Izsf%4Csf%4Cmi%VFmi%VF9l%4C9l%4CKr4CxswCVsZChtIDht" /><g i="19" c="228" charCode="228" p="#^CG$v%UF9u%OF9uSElvSDOvTCfwgBfwjzfway7v2x$t2xXr2xMpzyKo5AIn9DBn%wFwn%wFWmwFRkoDRkMBRkyzQl%jyjjGA4iyD4ihG4iLHhjdJtkdJVm%dJ$v^wFHp%4EKpsCNpFBkqTASqTAYrTAxtGCxtZDxtKEOswF2swFPq^uzReuz2eXzDdpAcdbBcd_BcdrCFdVC5eVCReVCAfrC1gZBtgbBtgpAtgXz2guzCfuzRe^pERepE_dUEBdoFcd7GcdWGcdoHEdSH4eSHReSHBfnH1gVGtg7GtgoFtgUE4gpEGfpERe" /><g i="20" c="46" charCode="46" p="#^qxfuqxdtZxIsxyasAzasBAas8BJsIBftIBfuIBdv8BNvAAkwAzkwyykw_xNvqxevqxfu" /><g i="21" c="71" charCode="71" p="#^1F_l%6M_l%6MevoKOvSI0wlHfwLFfwJBfwAzTtsxvrsx2nsxKiWzjgoCUdNGUdxJUd4M_e%QK1iTI2hLG2hiE2hPCIilBlklB7nlB1qxCzrKD5t$F5tbH5tpIRs%pI8p%1F8p" /><g i="22" c="73" charCode="73" p="%^fy$vfy9e1C9e1C$v" /><g i="23" c="104" charCode="104" p="#^zK$v%QG$v%QG1oQG4lEE4l3D4lmC8mGBcnGBAp%GB$v%Yx$v%Yx$c%GB$c%GBTgGBkhBB$i%vB5k%IB5kYC5iFF5i3I5ijJojzKHkzK5n" /><g i="24" c="78" charCode="78" p="%^4O$vgJ$vvBvioBvi#DB4mDBCnDB$vfy$vfy9e0D9eNKwrSKwr#GK2oGKCmGK9e4O9e" /><g i="25" c="117" charCode="117" p="#^DH$v%7Hgu%XGgukGdveFKv8EfwKCfwkAfw5zZuTxGtTxfr%Txmi%CBmi%CBkqCBPr7CysFChtODhtnFht3GesMGbrMGNo%MGmi%uKmi%uK$v" /><g i="26" c="58" charCode="58" p="#^qxfuqxdtZxIsxyasAzasBAas8BJsIBftIBfuIBdv8BNvAAkwAzkwyykw_xNvqxevqxfu^qxakqx8jZxDixy5iAz5iBA5i8BEiIBajIBakIB9l7BIlzAfmAzfmyyfm_xJlqxalqxak" /><g i="27" c="66" charCode="66" p="#^fy9e%OD9eBH9ejJef1Ljg1LGi1LgkhKilxJjmhIxm%hIEm_J1nKK3ouL5puLQquLgtJJEuYH$vWE$v%fy$v^1Cdl%eEdlMFdlsGLk8Hgk8Haj8H8ioGIhEFfh0Efh%1Cfh^1Cdo%1CTs%vETs3GTsOGhsyHGryHrqyHdonEdo" /><g i="28" c="102" charCode="57344" p="#^vF9l%hC9l%hC$v%yy$v%yy9l%vw9l%vwmj%yymi%yymhyy1fHzYdRATcnDTcjFTcPGsd%SFbgKEQfNDQf_CQfDCighCMghCvh%hCmi%vFmi" /><g i="29" c="99" charCode="99" p="#^vDfw7xfw7xfp7xMlSyXjBA5iQD5icG5i4I0j%_GVl5GylkFklAE5lQD5lWA5lWAdpWAetQDetVEetPFYsKGFsFH2s%FHevLGPvQF1wVEfwvDfw" /><g i="30" c="44" charCode="44" p="#^CBntZARvszdz%MwdzzxZv$x5t%qB5t" /><g i="31" c="107" charCode="107" p="%^xBAo9DvmZGmiaLmiLFhovL$vcH$vhDtqGBLrGB$vYx$vYx$cGB$cGBuluBAo" /><g i="32" c="246" charCode="246" p="#^WA9pWAbrABesfCgtLDgtfFgtUFesyGcryG9pyG7nUF6meF5lKD5leC5lAB6mWA6nWA9p^mK9pmKusBInuRGfwIDfwKBfweAovKyxuWxWs7xir7x9p7xPlSyYjCA5iND5iLF5ifHYiLIOjyJplmK$mmK9p^yzReyz2e$zDdtAcdfBcd2CcdvCFdZC5eZCReZCAfvC1g1CtgfBtgtAtg$z2gyzCfyzRe^tERetE_dYEBdsFcdbGcd_GcdsHEdWH4eWHReWHBfrH1gZGtgbGtgsFtgYE4gtEGftERe" /><g i="33" c="77" charCode="77" p="%^PF$vvB$hoB$h#DBgmDBInDB$vfy$vfy9epD9eDHOrIHOrbM9ekR9ekR$vON$vONyn#ONYmPNam#RNol_N1iTN1igJ$v" /><g i="34" c="119" charCode="119" p="%^aJ$v7IerIGclDGcl7E$v7A$vfwmiYzmixBpo#VB0qiCTsnCTs#qCYrOCXp$CVoHEmiNImioKVo#rKapxKIp#EKdqKKPq#RKprWKZr#$Kxs0LTs4LTs#bL$rtLtq#LLXoTLpowNmi9RmieN$v" /><g i="35" c="63" charCode="63" p="#^nz4q%nzapnz$nTz8nnAgmIBhl_CnkoDOjODdjODwiODJhcDjhDCUgABUgLzUgpx5i%4wqfOyUdRBUdmEUdRF6fkHjgkHkikHGjJGFk6GDloERmdDInVC9oCCCoCClp%CC4q^_yfu_ydtxzIs4Aas7Bas8CasHCJsfDftfDfufDdvHCNv7Ckw7Bkw5AkwxzNv_yev_yfu" /><g i="36" c="34" charCode="34" p="%^1B9exACk7yCkDx9e^bG9eHFCkhDCkNC9e" /><g i="37" c="223" charCode="223" p="#^fLSgfLEh_KeiKKQilKijYJLjvJ6k2JskFILkgI2l0IjlMHzlMHQlMH9m4IumpIOmdJhn$KooEL_ohMApBMkqVM4rVM1sVM7uuLbv3KfwhHfw4GfwbF3wjEUvADuv%ADxseEZseFhtfGAt1HAt4JAt4J4s4JArTIgrHIYqbIBqHHdqNGIpfFQoEE6o2Enn2Eom2ECltEZkVEjkMFJjIG2j4HzisH3isHvhsHMgGGhgVFNfHENfgDNftCqgGB3hGBei%GB$v%Yx$v%Yx5iYxEfKzgexBTcHETcFHTcsJYdfL1ffLSg" /><g i="38" c="120" charCode="120" p="%^LA1pmwmiAAmidDImVFmi7KmiHF1pkK$v5G$vdDkrlA$v7w$v" /><g i="39" c="84" charCode="84" p="%^8F$vlB$vlBjhvwjhvw9e_J9e_Jjh8Fjh" /><g i="40" c="85" charCode="85" p="#^MM9e%MMIpMMHrTLat$KFukJsvFHfwnFfwXBfw1Auu7yJs7yFp%7y9e%UB9e%UB4pUB9rJC7szD4ttF4tkH4t9I6s$I8r$I3p%$I9e" /><g i="41" c="68" charCode="68" p="#^2NVm2NjrxKFt1I$viD$v%fy$v%fy9e%RD9edI9eDKtg2NMi2NVm^6J$m6Jfh2Efh%1Cfh%1CTs%FDTs6JTs6J$m" /><g i="42" c="76" charCode="76" p="%^fy$vfy9e1C9e1CTsgJTsgJ$v" /><g i="43" c="106" charCode="106" p="#^Sw$Bqv$BpuHB%puMyfv$y8w$y5x$ywxtyYxYxYxWw%Yxmi%GBmi%GBtxGBEzpAPA9z$BSw$B^OxQeOx$cQz$cRB$cRBQeRBHfkBagQAFgQzFgOxFgOxQe" /><g i="44" c="122" charCode="122" p="%^rH$vGw$vGwOt_Ccl2xcl2xmidHmidHNk4B9trH9t" /><g i="45" c="33" charCode="33" p="#^4B4q%5y4q%ux9e%IB9e^qxfuqxdtZxIsxyasAzasBAas8BJsIBftIBfuIBdv8BNvAAkwAzkwyykw_xNvqxevqxfu" /><g i="46" c="112" charCode="112" p="#^sFfw2DfwGBvu%uBvuGBcwGBuw%GB$B%Yx$B%Yxmi%_Ami%vB7k%GB7k_C5iyF5iZH5ikJZjIKQlIK9pIKlr3KYsqJzueIpv2HfwsFfw^mE4lZC4lkCXlIBNmGBKo%GB7pGBkrkChs_CetpEetVGetVG6pVG5nhG5mGF4lmE4l" /><g i="47" c="384" charCode="57345" p="#^vF9l%hC9l%hC$v%yy$v%yy9l%vw9l%vwmj%yymi%yymhyy1fHzYdRATcnDTcjFTcPGsd%SFbgKEQfNDQf_CQfDCighCMghCvh%hCmi%vFmi^bP9l%ZL9l%ZL$v%eI$v%eI9l%bG9l%bGmj%eImi%eImheI1fnJYdxKTc3NTc$OTcvQsd%yPbgqOQftNQfGMQfjMigZLMgZLvh%ZLmi%bPmi" /><g i="48" c="87" charCode="87" p="#^DP$v%kL$v%VIDmMI7mrIzk7I_i4Isi$H6jIHAkqH1mfHFm%RE$v%yA$v%$v9e%Jz9e%$BUnCCBqTCzsYCTrcDqqtDYoID9o%iG9e%TJ9e%uM9oFMQoVMcqaNAriNzsqNDrHNcqYNNoaOUn%sQ9e%aU9e" /><g i="49" c="45" charCode="45" p="%^LwPqLwMniDMniDPq" /><g i="50" c="90" charCode="90" p="%^UJ$vBw$vBwyt9FhhQwhhQw9eFJ9eFJBg6BTsUJTs" /><g i="51" c="82" charCode="82" p="#^1C4m%fD4m2F4mUFulLGTkLGBjLGkiTFOh$EfhaDfh%1Cfh^1C9p%1C$v%fy$v%fy9e%rD9e4H9eQIufAKPgAKvjAK4lIJjmRIxnfHeohLfuvM$v%iI$v%2E9p" /><g i="52" c="69" charCode="69" p="%^wI$vfy$vfy9ewI9ewIfh1Cfh1Cal4Ial4Igo1Cgo1CTswITs" /><g i="53" c="75" charCode="75" p="%^CM$vjI$vDDuo1CDp1C$vfy$vfy9e1C9e1CkmwDdkmI9ezM9ekG2m" /><g i="54" c="42" charCode="42" p="%^pE$cVDvhsIdgSIijIEBjqHdnFEIoLCTk4BGocydnUABjMwhjfxdgIBvhcB$c" /><g i="55" c="8230" charCode="8230" p="#^qxfuqxdtZxIsxyasAzasBAas8BJsIBftIBfuIBdv8BNvAAkwAzkwyykw_xNvqxevqxfu^xEfuxEdt4FIsEFasIGasJHasgIJsQIftQIfuQIdvgINvIHkwIGkwFFkw5FNvxEevxEfu^FLfuFLdtcMIsMMasPNasQOasnPJsXPftXPfuXPdvnPNvPOkwPNkwNMkwdMNvFLevFLfu" /></glyphs></font><font id="10" name="Open Sans Charset1_ 5pmtOkfjQ64"><glyphs><g i="0" c="79" charCode="79" p="#^XN3nXNlrMLOtCJfwLFfwPBfwGzRtxxqrxx1nxxGiGzhgQBTdNFTdDJTdNLkgXNMiXN3n^Jz3nJzHqgBzsPCruLFruJIrueKAsLLIqLL3nLLsjeKBhKIKfNFKfPCKfgBChJzujJz3n" /><g i="1" c="75" charCode="75" p="%^lL$vVI$voClnxA$oxA$vsy$vsy9exA9exA$mDI9e4L9eUDVl" /><g i="2" c="74" charCode="74" p="#^RvIAIuIA2unA%2uByVuRyRvRy3xRyHx6yjynxjy$v%jy9e%oA9e%oAQvoA9ydzqz2yIARvIA" /><g i="3" c="97" charCode="97" p="#^nG$v%ZF5u%TF5uTEmvTDPvUCfwoBfwpzfwgyev8xcu8xjs8xfoDD3o%VF_n%VF9nVFAldFQkyE4k3D4koB4kgz6l%FyyjEz0jPAJi$BpiaDpiAFpiJGtjTHxkTHTm%TH$v^OBAuHDAuMEytSFvsSFDq%SFqp%QDvppBBpkAgqgzWqgzksgzrtXz0uCAAuOBAu" /><g i="4" c="78" charCode="78" p="%^oM$v0K$vgA1haA1h#nAFjnASlnA$vsy$vsy9eOA9ewK4tDK4t#BKKsvKYq#qKapsKoosK9eoM9e" /><g i="5" c="101" charCode="101" p="#^ODfwQAfw6zsupxEspxqppxbm$yhkBAnihDniOFnifH1kJIHlJIoo%JIGp%vzGpzz1sHAgtQBuuTDuu1Guu9IAt%9Iov4HRv6G2w9FfwODfw^fD4kEB4kGA7lJzamyz1o%yG1oyG6mHF5lRE4kfD4k" /><g i="6" c="105" charCode="105" p="#^aA$v%9y$v%9yDi%aADi^_x$e_xiejy_dFyFdazFdFzFd0A_dnAjenA$enAHf0A1gFzmgazmgFymgjy1g_xHf_x$e" /><g i="7" c="110" charCode="110" p="#^iH$v%iHlniHIlyGVkPF5keE5k7C5k8BelaAmmaA_o%aA$v%9y$v%9yDi%OzDi%7Ask%dAskRAtjZBWi5DnitEniUGni6IyjkJIkkJgn%kJ$v" /><g i="8" c="8220" charCode="8220" p="#^YAgk%MA$jsBnhXC9e%rE9e4EzfJDkhmD4jcDgk^swgk%jw$jAwViaxghMxDfsy9e%Yz9e9zfhIygk" /><g i="9" c="87" charCode="87" p="#^1O$v%ZL$v%nI2k7IfjOH2iuHRgtHBgcHciDG7k%7D$v%4B$v%kw9e%xy9e%lBapXBvrcCntxC8raD$o%nG9e%AI9e%WL6pwM$qWMnt8NErON9p%CQ9e%OS9e" /><g i="10" c="32" charCode="32" p="#" /><g i="11" c="109" charCode="109" p="#^cP$v%cPincPHlwOUkQN5koM5kvK5kBJblHIgmHIxo%HI$v%GG$v%GGinGGHl_FUkiF5kRD5kXB5k2BelaAnmaA_o%aA$v%8y$v%8yDi%OzDi%7Ask%dAskOAtjRBWiUCniaEnijHnihIFk%nIFkZIBj6K_ifLniIMniZOni5QyjdRIkdRgn%dR$v" /><g i="12" c="114" charCode="114" p="#^fEni8FniRFwi%zFpkKEdk6EdkuCdkkBylaASmaAQo%aA$v%8y$v%8yDi%PzDi%2A5l%9A5lUAOjXB5j$CnifEni" /><g i="13" c="99" charCode="99" p="#^vDfwBAfw$ytupxGspxoppx1m0zckEAniDDniBEnizFBixGOi4H4j%sGOkNFxk_EmkbEakADakvzakvznpvzRrvAatvBuusDuu7FuuTGMt%TGzvxFfwvDfw" /><g i="14" c="104" charCode="104" p="#^iH$v%iHmniHJlyGWkPF6keE6k6C6k8BglaApmaA0p%aA$v%9y$v%9y$c%aA$c%aALiaAOj4Auk%cAukOAwjUBZi$CpiqEpiTGpi5IAjkJKkkJhn%kJ$v" /><g i="15" c="116" charCode="116" p="#^tCAu0DAuwDvu0EquiEku%iEUvZD2wkD8wHCfwaCfwiyfwiy9s%iyck%nwck%nwej%iyoi%9zxf%kAxf%kADi%cEDi%cEck%kAck%kA4skAhtUAXttBAutCAu" /><g i="16" c="103" charCode="103" p="#^6JDi%6JVj%DGckZGDkeHjlvH$lvHTmvHQo9G$pPEartCarTBarlB4r2AMr2AOs2AltvACtYATt3CTt%qETtBGTtMHOuXIIvXIsxXIGz9HQAnF$BYB$Bkz$BUx0Btw2Atwgytw2xfx9w2ygvszYuXyJuByeufyKtfy5tfymsEyPr1zgrTzLqQyjqayipxxgoxxYmxxLkRyzjaAniACniEDnitEDi^qyeyqykzlzUzgAsAZBsAxEsALFHz_GWy_GDx_GxwjG6wEFHvNDHv%lBHvZzHvbzlwqy$wqyey^xzVmxzjojA1p6BLpxCLpvFLpvFTmvFSjvCSj3BSjiADkxzolxzVm" /><g i="17" c="76" charCode="76" p="%^sy$vsy9exA9exA7uoI7uoI$v" /><g i="18" c="98" charCode="98" p="#^nEpi$GpisIckWJ$lWJipWJBssIqu_GfwnEfw3Dfw_BMvVAhvaAhu%1Ahu%Bz$v%8y$v%8y$c%aA$c%aADhaAaj4Apk%aApkBBpinEpi^4E6k$B6k4BilaAumaAipaA7s6Blt2Cyu7Eyu$FyuVGbtQHQrQHhpQHGmVGol$F6k4E6k" /><g i="19" c="8221" charCode="8221" p="#^Mz9e%YzqeEzEf1zghryTiOxgk%jwgk9xOgyx9e^hE9e%rEqe9ExfzD9h_CNiiCgk%MAgk5B2juBahUBif2C9e" /><g i="20" c="69" charCode="69" p="%^pI$vsy$vsy9epI9epI$fxA$fxALlWHLlWHAnxAAnxA8upI8u" /><g i="21" c="83" charCode="83" p="#^wIfrwICtPGXu6FfwaCfw$yfwixrv%ixrtoyVtHzau_ArufCrukErunFFtqGSsqGsrqGwq2GXpGFlpOERoXDko9CInFzPmByBlxxmkxxoixxkg4z6fDAUdaDUdRFUd4ITe%qHGgdFLf7DLfuBLfyAtgDzahDzqiDzljZzXjjAxk7B1lXBxlCD7mpG7nsHhowIqpwIfr" /><g i="22" c="108" charCode="108" p="%^aA$v9y$v9y$caA$c" /><g i="23" c="115" charCode="115" p="#^NGmsNGduoFev$DfwuBfwPyfwkxpv%kxwtiy0uoziuvAAuxBAu6DAuZD4uQEztQExsQELr8EbrtDDqvBTpEzapRyFo3y8oGxunixQmixVlixgkDykjYznigCnirEnivGfj%NFVkMD4k7C4kHA4kYzxkdz_kdzMldzjmuzHmMz3nnApn_ALnJCoo6FgpXF8qNG0rNGms" /><g i="24" c="122" charCode="122" p="%^IG$v$w$v$wDuiEcksxcksxDiwGDiwGckjzquIGqu" /><g i="25" c="117" charCode="117" p="#^2ADi%2Air2AXsOALtyByu7DyueFyucGptaHfsaHFp%aHDi%bJDi%bJ$v%wH$v%eHdu%7HduvGcvoFKvhEfwTCfwrAfwdz5v$xXt$xnr%$xDi" /><g i="26" c="81" charCode="81" p="#^XN3nXNuqzMMsbL1vGIQv%WMfA%VJfA%qGdw%LFfwPBfwGzRtxxqrxx1nxxGiGzhgQBTdNFTdDJTdNLkgXNMiXN3n^Jz3nJzHqgBzsPCruLFruJIrueKAsLLIqLL3nLLsjeKBhKIKfNFKfPCKfgBChJzujJz3n" /><g i="27" c="71" charCode="71" p="#^iGFm%nMFm%nMkvYKNvuJ0w1Ifw5Gfw2CfwNzRtxxqrxx4nxxikEyciMz5gSB$eYDUdNGUdEJUd6MXe%iLNgTILfEGLfoDLfyBIhJzEjJz4nJzIquBAsfDruGGruxIruiK0u%iKwo%iGwo" /><g i="28" c="100" charCode="100" p="#^fHcu%8HcuKFfwXCfwjAfwSysupxFspxlppx1mSyckkAniXCniFFni6Hmk%gHmk%bHoj%8Hsi%8H$c%aJ$c%aJ$v%wH$v^cDyugFyucGqt8His8HNp%8Hlp8HvmbGilfF4kaD4koB4krAtlvzRmvznpvzXrrAftnByucDyu" /><g i="29" c="38" charCode="38" p="#^2BIh2ByiuBjjXB4k$C9lzEekaFtjOFHiOFGhOFKgaF8gyEyfvDyfpCyfJB8g2BJg2BIh^YCruUFruQHys%vCnn8BcoAALo0AipLzWpuzyquzkruzMsqACtnBruYCru^nxnrnxOpdyAo4zlnhB6meAYkSzmkuzLjgz6j2zsi2zMh2zWfeAVerBTdADTdzFTdHGVeQHWfQHKhQH2j$G9kaGflfEom%dJ9rVJpqjKopJKmo$K9n%2N9ndMEqyKss%cO$v%pL$v%8JQtIH7vdGHvKEfwUCfwgAfwPyYunxFtnxnr" /><g i="30" c="68" charCode="68" p="#^HMVmHMkrhKGtUH$voD$v%sy$v%sy9e%WD9e4I9enKtgHMMiHMVm^vK_mvKujLIJh$GYfyDYf%xAYf%xAcu%2DcuMGcuDIosvKzqvK_m" /><g i="31" c="118" charCode="118" p="%^4B$v$vDiayDi3Bzq#1CltcCauiCau#rCwt8Dur#SDspmGDixIDisD$v" /><g i="32" c="121" charCode="121" p="#^1wDi%cyDi%7Bfq5CSskC0u%qC0uACot4DUrBDoqoGDi%zIDi%QCSxZB6AQA2BHz$B1y$B5x$BbwOB%bwaASwjAIxjANzjAGAZx%qB3w" /><g i="33" c="66" charCode="66" p="#^sy9e%vD9e2H9eDIdfdKhgdKAidK9kkJclsIemLGxm%LGFmQKlnQKWqQKjtcJFuBH$vHE$v%sy$v^xAOl%YDOl8GOl6H6l4Iqk4INi4Ihh$GDgWFYfADYf%xAYf^xAzn%xAeu%fEeuqGeuvHptBIzsBINqBI7ptHlomGzn4Ezn" /><g i="34" c="82" charCode="82" p="#^xAAo%xA$v%sy$v%sy9e%lD9eDG9ebIqfMJGgMJcjMJKmbG_n%1L$v%AI$v%fEAo^xAOm%nDOmzFOmBGWlDH2lDHijDHxhAGLgxFZfdDZf%xAZf" /><g i="35" c="80" charCode="80" p="#^MJmjMJ3mVHxn3G_oDC_o%xA_o%xA$v%sy$v%sy9e%4D9eMJ9eMJmj^xAcn%oCcn9FcnoGjmDHqlDHsjDHHhsGQgiFYfRCYf%xAYf" /><g i="36" c="111" charCode="111" p="#^HJipHJAs1IquoGfwuDfwIBfwjApvWyzu9y_spxprpxippx1m1zckGAniADnioGni1IfkHJ6mHJip^vzipvzSrwActyByuyDyuxFyuzGdtBHTrBHipBHLmzGqlxF5kwD5kxB5kwAplvzImvzip" /><g i="37" c="106" charCode="106" p="#^xw$Bmv$BEuIB%Eu2AuviAjwiAgxiAIxNz9ygz9ycy%9yDi%aADi%aA2yaA$Bxw$B^_x$e_xiejy_dFyFdazFdFzFd0A_dnAjenA$enAHf0A1gFzmgazmgFymgjy1g_xHf_x$e" /><g i="38" c="107" charCode="107" p="#^9A8pGApoLBcn%4GDi%uIDi%3Dko%SI$v%pG$v%GBGp%9A_q%9A$v%9y$v%9y$c%9A$c%9A4n9ALn2A8p" /><g i="39" c="73" charCode="73" p="%^sy$vsy9exA9exA$v" /><g i="40" c="178" charCode="178" p="#^ZDRo%BwRo%BwAn%tzMkzAJj3B7jzBxiMB4iZBChZBYgZB7gtBIf_AhfdAhfAzhf_ywfoyKfyxlg%LwhflyWdcAWdPBWdICJeBDwfBDTgBDRh2DMiwCHjJAnl%Byon%ZDon" /><g i="41" c="86" charCode="86" p="#^EI9e%TK9e%rE$v%oC$v%$v9e%cy9e%iCIp$CHrqDAtSDBrzEDp" /><g i="42" c="65" charCode="65" p="%^HJ$vsHkqiAkq5y$v$v$v3D4ePE4eQL$v^PGsoKEWi#kEThVDlg#EDwh7DWi1Bso" /><g i="43" c="84" charCode="84" p="%^YD$vTB$vTB$fdw$fdw9eBJ9eBJ$fYD$f" /><g i="44" c="85" charCode="85" p="#^XL9e%XLIpXLMs5KwufIfw0FfwOBfw1AvugyKsgyFp%gy9e%lA9e%lAPplA2szBftNCru9FruqHruEIetSJ1sSJNp%SJ9e" /><g i="45" c="46" charCode="46" p="#^SxIuSxUtdyttBy2tiz2t$z2toAttOAUtOAIuOAvvoAXv$zmwizmwGymwgy_vSxBvSxIu" /><g i="46" c="246" charCode="246" p="#^HJipHJAs1IquoGfwuDfwIBfwjApvWyzu9y_spxprpxippx1m1zckGAniADnioGni1IfkHJ6mHJip^vzipvzSrwActyByuyDyuxFyuzGdtBHTrBHipBHLmzGqlxF5kwD5kxB5kwAplvzImvzip^5A$e5AmeqA4eLAOdcBOdFBOd_B4ekCmekC$ekCCf_BVfFBcgcBcgLAcgqAVf5ACf5A$e^LE$eLEme3F4eoFOdRFOdiGOdDG4eZGmeZG$eZGCfDGVfiGcgRFcgoFcg3FVfLECfLE$e" /><g i="47" c="223" charCode="223" p="#^OIygOIci3HCj_FskEFTkiFhliFGliF3msFkmDFAm3GXmvGhnsHVn9J3pNJ0qpKZqpKcspK9udJcv1IfwRFfwyDfwfCpv%fCwt0D$tZDiuWEAuOFAuqIAuqImsqIrrVHNqpH7q3GhpwEhoWDxnlDNmlDLllD_kMDlkbEHj2F1jZFlimGOhLGehLGBgLGCfWF5f5FAeyDAeaAAeaAih%aA$v%8y$v%8ykh8y9fuz0eQATcyDTc3GTcqHRdOIOeOIyg" /><g i="48" c="44" charCode="44" p="#^gA5t%sAnt8ABuxzcwXyQxiydz%Mwdz5xYxux4wUxdu2y5t" /><g i="49" c="70" charCode="70" p="%^xA$vsy$vsy9epI9epI$fxA$fxAxmWHxmWHnoxAno" /><g i="50" c="120" charCode="120" p="%^nB9pJwDi1zDiyCLn3GDilIDiID9pBI$viG$vyCAqMy$vtw$v" /><g i="51" c="90" charCode="90" p="%^gJ$v$w$v$wnutG1gix1gix9e$I9e$INfxz7ugJ7u" /><g i="52" c="58" charCode="58" p="#^SxIuSxUtdyttBy2tiz2t$z2toAttOAUtOAIuOAvvoAXv$zmwizmwGymwgy_vSxBvSxIu^SxXjSxhiizhiOAhiOAXjOAJkoA9l$zAlizAlGyAlgyclSxPkSxXj" /><g i="53" c="102" charCode="57344" p="#^aEbk%MAbk%MA$v%Ly$v%Lybk%mwbk%mwhj%Lyyi%LyOhLyTc3DTc6ETcyFid%0FWeRDye0DyeTByejBjfMA4gMALh%MADi%aEDi" /><g i="54" c="63" charCode="63" p="#^xz4r%xzqqxz_oZz3opA8nCB7mgDJkID0k8Eij8Eii8E3hkDogxCIf1BIf3AIf8zXfey9g2xLg%kw6fEyUd9BUduDUdNE2f4Gbg4Ghi4GajQFRjBFwk7F7lGEKl7D4nUB7ovBQo6Bwp6BGq%6B4r^XyIuXy2toA2t6B2tuButTBVtTBIuTBuvuBWv5BmwoAmwMzmwlz_vXyBvXyIu" /><g i="55" c="228" charCode="228" p="#^nG$v%ZF5u%TF5uTEmvTDPvUCfwoBfwpzfwgyev8xcu8xjs8xfoDD3o%VF_n%VF9nVFAldFQkyE4k3D4koB4kgz6l%FyyjEz0jPAJi$BpiaDpiAFpiJGtjTHxkTHTm%TH$v^OBAuHDAuMEytSFvsSFDq%SFqp%QDvppBBpkAgqgzWqgzksgzrtXz0uCAAuOBAu^pz$epzmeKz4e3AOdwAOdZAOdiB4eEBmeEB$eEBCfiBVfZAcgwAcg3AcgKzVfpzCfpz$e^3E$e3EmenE4eIEOd9FOdCFOdXF4ehGmehG$ehGCfXFVfCFcg9FcgIEcgnEVf3ECf3E$e" /><g i="56" c="8222" charCode="8222" p="#^Mz5t%YzmtEzAu1zbwryPxOxcz%jwcz9xKvyx5t^hE5t%rEmt9EtuzD5w_CJxiCcz%MAcz5B_xuB6wUBeu2C5t" /><g i="57" c="77" charCode="77" p="%^mG$viAbgcAbg#nA3inAFknA$vsy$vsy9eAB9eeHTskHTs1N9e8Q9e8Q$v3O$v3Ovk#3OxieOcg8Ocg1I$v" /><g i="58" c="119" charCode="119" p="%^4J$vDG9o#oGrnLFTkFFTk#aF0nPEaohC$vXz$vhwDipyDi#IzGnnAjq#3BXs9BStfBSt#oB9tHB3s#_BYqcCiqFEDiSGDifJiq#XJpsaKQthKQt#kKotxKus#LKzr4NDibPDiuL$v" /><g i="59" c="40" charCode="40" p="#^$w9p$wWlXx6jUyhgGA9e%EC9eUAwg$zlj7z9m7z7p7z3s0ASuWAExDCYz%GAYzTyTxXx6v$wls$w9p" /><g i="60" c="47" charCode="47" p="%^XE9egy$vfw$vVC9e" /><g i="61" c="49" charCode="49" p="#^KE$v%LC$v%LChjLCIhRChgBCxggCPgYB5hnzcj%iyPh%0D9e%KE9e" /><g i="62" c="52" charCode="52" p="%^OJVr8HVr8H$vcF$vcFVrxwVrxw8q$E3e8H3e8H3qOJ3q^cF3qcF7k#cFoikFbgeFbg#EEmh7E7iyy3q" /><g i="63" c="41" charCode="41" p="#^oC9poCmsrB8vvAVxJyYz%MwYztyFxmzSugA3sgA7pgA9mnzljvywgLw9e%Jy9ewAigsB7joCXloC9p" /><g i="64" c="252" charCode="252" p="#^2ADi%2Air2AXsOALtyByu7DyueFyucGptaHfsaHFp%aHDi%bJDi%bJ$v%wH$v%eHdu%7HduvGcvoFKvhEfwTCfwrAfwdz5v$xXt$xnr%$xDi^aA$eaAmevA4eQAOdhBOdKBOd3C4epCmepC$epCCf3CVfKBcghBcgQAcgvAVfaACfaA$e^QE$eQEme8F4etFOdWFOdnGOdIG4e2Hme2H$e2HCfIGVfnGcgWFcgtFcg8FVfQECfQE$e" /><g i="65" c="45" charCode="45" p="%^1xeq1xno0Dno0Deq" /><g i="66" c="54" charCode="54" p="#^qxnoqx6jtzvgwBUdwFUdVGUdIH7e%IHTfLGzfyFzfGCzf9BmhFz8jvzZm%FzZm$ATkVDTkiGTkHHkm4JNn4Jhq4J3tyHFu1GfwsDfwGAfw2zauqx4sqxno^qDxu9Fxu6Grt4Hls4Hhq4HvobGuniFtmwDtmqCtmvBWmBAnn2AaovzZovzQpvz4r_zasuAgtnBVthCxuqDxu" /><g i="67" c="50" charCode="50" p="#^YI$v%dx$v%dxfu%WBxp4EmnLErmrFvlNFDk7GKj7GJi7GihfFtgoEDfRCDfKBDfKA$fLzmgxykh%sxXfWzUdQCUdlFUdMGbfcItgcIEicIlkfH$liGFnGDcq%Mz1u%Mz7u%YI7u" /><g i="68" c="51" charCode="51" p="#^hIlihI3kjH9lmGemCECm%CEImLGZmNH4oQIapQIYqQIvt3HTuiFfw1CfwCAfwrz1wgyQv8xhv%8xmtjyXtDzeuXAxu6CxuKGxuKGVqKGFnDBFn%TzFn%TzVl%FBVlKDVlYE_kbG3kbGqibG6hhFngoEDfRCDfGBDfEAYfCzgggy6h%fxLflyTeNzoedBUdOCUdpFUdRG5fhIhghIli" /><g i="69" c="55" charCode="55" p="%^uz$vTG1g8x1g8x9e1J9e1JNfJB$v" /><g i="70" c="37" charCode="37" p="#^YytjYyylpzBmSzDnTADnTCDnTCtjTClfTAlfSzlfpzngYyohYytj^yEtjyEgmCDHnGC6pTA6p9z6pcyFngxcmgxtjgxIgayif5zUdTAUdECUdBDlfyEOgyEtj^HJDqHJJs8KLtBKNuDLNuEMNu7NMtDNLsDNDqDNyo7NynEMxmDLxmBKxm8KynHJyoHJDq^iPDqiPptmOQuqNfwDLfwUJfwYIOu0Ilt0IDq0ISnWIsmRJ2lDL2lmN2lkOumiPWniPDq^8M9e%fC$v%sA$v%mK9e" /><g i="71" c="72" charCode="72" p="%^$L$vWJ$vWJCnxACnxA$vsy$vsy9exA9exALlWJLlWJ9e$L9e" /><g i="72" c="53" charCode="53" p="#^OC6lDF6leHwmSIVnSIkqSI6t5HHukFfwdCfwdzfwDxhv%DxktuyTtLzbu0BvufCvupEvuBFutNGtsNGzqNGQmcCQm2BQm5zbn%2ywm%Jy9e%BH9e%BH1g%sA1g%$zolpB6lOC6l" /><g i="73" c="56" charCode="56" p="#^7DUdAFUd$G1fqI9gqI9iqIujCHAkOGFl$EymaHBn4IKo$ITp$Inr$IBtsHWuVFfwcDfwlAfwOy$ugxLtgxsrgxno$AGmkzJlByCkSxvjSx8iSxcghz2fJAUd7DUd^gzvrgzZshAOtjBCu9DCuZECu_FLt$GUs$Gpr$Gdq2Gip5FnoKCvnVAho4Aepgzbqgzvr^6DxfABxfIAggRz$gRzdiRzljzA9khBYkeDMlZE1lHFbkqGljqGdiqG_gxFggFExf6Dxf" /><g i="74" c="33" charCode="33" p="#^_z4r%Iy4r%4y9e%BA9e^SxIuSx2tjz2t1A2tpAutOAVtOAIuOAuvpAWv0AmwjzmwHymwgy_vSxBvSxIu" /><g i="75" c="220" charCode="220" p="#^XL9e%XLIpXLMs5KwufIfw0FfwOBfw1AvugyKsgyFp%gy9e%lA9e%lAPplA2szBftNCru9FruqHruEIetSJ1sSJNp%SJ9e^DBTaDBeaYBY9hCG9KCG9bDG9wDY9SDeaSDTaSDubwDNbbD4cKC4chC4cYBNbDBubDBTa^hGTahGeaBGY9WGG9nHG9QHG99IY9vIeavITavIub9INbQH4cnH4cWG4cBGNbhGubhGTa" /><g i="76" c="112" charCode="112" p="#^nEfw3Dfw_BMvVAhvaAhu%1AhuaAsvaAvw%aA$B%8y$B%8yDi%OzDi%4Ask%aAskYAmj_BTi1DninEni1HnitIckWJ0mWJipWJBssIqu_GfwnEfw^4E5k1C5k6BelcAmmaARo%aAipaA6s6Bkt2Cyu7EyuSFyuRG8tQHKrQHgpQHMmRGrlSF5k4E5k" /><g i="77" c="67" charCode="67" p="#^5GLf9DLfsBJhLzGjLz4nLzAqoBvs1Dpu3GpuXHpukKKt%kKyvtIfwLFfwPBfwGzStxxtrxx2nxxikzydiBz8gxB0fuDUd6GUdWIUd0LWe%8KIg7ILf5GLf" /><g i="78" c="384" charCode="57345" p="#^aEbk%MAbk%MA$v%Ly$v%Lybk%mwbk%mwhj%Lyyi%LyOhLyTc3DTc6ETcyFid%0FWeRDye0DyeTByejBjfMA4gMALh%MADi%aEDi^EI$v%DG$v%DGDi%EIDi^sG$esGieNG_d7HFdEHFd7IFduI_dRIjeRI$eRIHfuI1g7ImgEHmg7HmgNG1gsGHfsG$e" /><g i="79" c="385" charCode="57347" p="#^EMbk%eJbk%eJ$v%dH$v%dHbk%QEbk%QEhj%dHyi%dHOhdHTcxLTcAMTc0Oid%uNWejMyeuLyelKyeNJjfeJ4geJLh%eJDi%EMDi^aEbk%MAbk%MA$v%Ly$v%Lybk%mwbk%mwhj%Lyyi%LyOhLyTc3DTc6ETcyFid%0FWeRDye0DyeTByejBjfMA4gMALh%MADi%aEDi" /><g i="80" c="42" charCode="42" p="%^0E$cvDPhmItgGIHi0E3j2H2nYEboOCMjRAboIy2nFB3j2xHipxtgaCPhFB$c" /><g i="81" c="48" charCode="48" p="#^2J3n2JHrBHZt8Gfw7DfwfAfwLyWtfxArfx3nfxoiIy8g9ATd7DTd1GTdxHeg2JBi2J3n^iz3nizYqcAKs7Bvu7Dvu9Fvu3GIsZGVqZG3nZGdj3Grh9FEf7DEf7BEfcAphizajiz3n" /><g i="82" c="8211" charCode="8211" p="%^$weq$wnovHnovHeq" /><g i="83" c="386" charCode="57346" p="#^aEbk%MAbk%MA$v%Ly$v%Lybk%mwbk%mwhj%Lyyi%LyOhLyTc3DTc6ETcyFid%0FWeRDye0DyeTByejBjfMA4gMALh%MADi%aEDi^EI$v%DG$v%DG$c%EI$c" /><g i="84" c="95" charCode="95" p="%^fHRzYvRzYvfyfHfy" /><g i="85" c="64" charCode="64" p="#^_Q5n_QQosQgqWPIrXOvsZNitIMitELitWKGscK1s4K2r%ZJ2ruJ5sAIIsGHitqGitBEitzD2sxCOqxCEoxC9mZDCkpF2jLH2jAI2jDJcjHKmjxLDj%dLmp%dLDpdLOrRMOrYNOrEOuqlPaplP4nlPSkrOcjxNyhSLFgcKLf2ILfkFLfjDTgiB$heA5kazbmazXoazFs8BGu6DGwOGGwmJGw7MCv%7MexNJgyOGgynCgyWzQvuxotux1puxRlNynj5AUgvCxfWEae2IaeGKaeJMhfMOngTPqi_Qsk_Q5n^nEIonEOrLGOrhJOrvJZn%GJOkOIykLHykaGykgFFlnELmnEIo" /><g i="86" c="214" charCode="214" p="#^XN3nXNlrMLOtCJfwLFfwPBfwGzRtxxqrxx1nxxGiGzhgQBTdNFTdDJTdNLkgXNMiXN3n^Jz3nJzHqgBzsPCruLFruJIrueKAsLLIqLL3nLLsjeKBhKIKfNFKfPCKfgBChJzujJz3n^mCTamCeaHCY90DG9tDG9WDG9fEY9BEeaBETaBEubfENbWD4ctD4c0D4cHCNbmCubmCTa^0HTa0HeakHY9FHG96IG9zIG9UIY9eJeaeJTaeJubUINbzI4c6I4cFH4ckHNb0Hub0HTa" /><g i="87" c="196" charCode="196" p="#^HJ$v%sHkq%iAkq%5y$v%$v$v%3D4e%PE4e%QL$v^PGso%KEWikEThVDlgEDwh7DWi%1Bso^rATarAeaMAY95BG9yBG9$BG9kCY9GCeaGCTaGCubkCNb$B4cyB4c5B4cMANbrAubrATa^5FTa5FeapFY9KFG9bGG9EGG9ZGY9jHeajHTajHubZGNbEG4cbG4cKF4cpFNb5Fub5FTa" /><g i="88" c="57" charCode="57" p="#^YIMlYIfwRAfwrzfwBy$v%ByguAzAuQAAuLDAufFMsLGYqTGcn%KGcn3GdoYELoRDhpsChp4AhpHyTnixsmixVjix7hRywfpAUdYCUdMEUd7GQeuHMfdIzhYIljYIMl^YCDfcBDffALgizThizTjizElaAFm2BFnRCFnYDFnUEcnQFLmmGZlVGblVGkkVG2jpGZhVFTg$Efg6EDfYCDf" /><g i="89" c="8364" charCode="8364" p="#^IFJfPBJfRAEk%4HEk%4Hdm%GAdm%FAWm%FAIn%GAfo%kGfo%kGQp%TAQpkB1szCetODruTFruNHruFJDt%FJsvTHfwNFfwUCfw7BCumzZsOyQp%MwQp%Mwfo%Dyfo%ByKn%Bycn%Dydm%Mwdm%MwEk%MyEkfzsh1BGfPCUdIFUd9IUdaK4f%jJMghHJfIFJf" /><g i="90" c="59" charCode="59" p="#^hA5t%sAnt8ABuxzcwXyQxiydz%Mwdz5xYxux4wUxdu2y5t^OxXjOxhifzhiLAhiLAXjLAJklA9lXzAlfzAlyyAlay9lOxJkOxXj" /><g i="91" c="8230" charCode="8230" p="#^SxIuSxUtdyttBy2tiz2t$z2toAttOAUtOAIuOAvvoAXv$zmwizmwGymwgy_vSxBvSxIu^kEIukEUtHEtt3F2tMF2ttG2tSGttgHUtgHIugHvvSGXvtGmwMFmw8FmwKE_vkEBvkEIu^PKIuPKUtaLttyL2tfM2tYM2tlNttLNUtLNIuLNvvlNXvYMmwfMmwDLmwdL_vPKBvPKIu" /><g i="92" c="113" charCode="113" p="#^cDyudFyu8Gtt4Hns8HOp%8Hlp8HymbGjleF4kaD4koB4krAtlvzRmvznpvzVrrAetnByucDyu^UCfwjAfwSyrupxCspxlppx3mSydkkAniXCniHFni9Hsk%gHsk%zHDi%aJDi%aJ$B%8H$B%8Hhw8H3vgHcu%6HcuJFfwUCfw" /></glyphs></font><font id="20" name="Open SansBoldItalic Charset1_ 5izTqutUn26"><glyphs><g i="0" c="66" charCode="66" p="#^DF9eqI9eRJ9fgL8ggL7igLYjfK8lfJkmnHJm%nHOmBI6njJZn2KQo2Kaq2KZsaIuujG$v0D$v%Ew$v%qA9e^FCdl%tEdlYFdlHGDkqH1kqHWiqHfhlFfh%vDfh^1BTs%dDTsFETstFashGsrhGcqhGdo2Edo%1Cdo" /><g i="1" c="101" charCode="101" p="#^vELkqDLktCKlwBImdB6o%NB6oGD6oJEwnNFWmNFVlNFLkvELk^vCfwXzfwwyTu5xut5xZq5xro5ymm6zhkQAbjzC5iKE5iUG5i5I5jjJ5kjJQljJ6ogHmpeFBqrBBq%QABq%OARq%OA5rOAcsqBRs3CutdDuthEut8Fft0G0tfHrs%fHcv9FfwvCfw" /><g i="2" c="105" charCode="105" p="#^Xz9fXz5ewAyd5B$c9C$c2D$cvDodZDMdZDteZDsfqD3gUCFgNBFgXzFgXz9f^7A$v%sw$v%lzmi%0Dmi" /><g i="3" c="115" charCode="115" p="#^7Gvr7GOtBE1v4DfwnAfw3zfw5y3w7xUvhwsv%hwrscyxtaAxt9BxtMB8toCKsoC2soCwrXB6rvBHqlA3qTyephypoIxAnIxsmIxnk2zejoA5iUC5ilF5ikHfj%7GUlpESkZCSkhCSkRBalqBulqB$lqBumPBRmcCcnhDLnNEwosFqp7Gkq7Gvr" /><g i="4" c="112" charCode="112" p="#^WF5iIH5iKIpjMJJkMJ4nMJppWIzr5IJtEG_ubFfwsDfwrCfwIBOvZAlvlAgu%fAgu5AcwJzSx%Ry$B%av$B%lzmi%9Cmi%XBqk%3CqkKD5iWF5i^sE4lDD4lRCVl3CJmBB5o7Btp7B7r7B6sABIs1ChtQChtEDhtnErs7FBrAF7q2GFo2Gdn2G4lsE4l" /><g i="5" c="108" charCode="108" p="%^7A$vsw$vuA$c9E$c" /><g i="6" c="97" charCode="97" p="#^YAfw9zfw7yYu5xFt5xir5xUoZxImSyvkhAijJB5iqD5iCE5itFCikG7jOG6k%VG6k%BHmi%qKmi%xH$v%KE$v%VEeu%REeudDfwYAfw^oChteDht0EtsOEErgFfqLFRoLF4nLFdmhFFlPE4l2E4ldD4ltCZlJBRmgBhoQAJpQA7rQAcseBLsEBhtoCht" /><g i="7" c="117" charCode="117" p="#^czmi%TCmi%cBkq$A9r$ANr$AhtkChtsDhtmEUrhFvqOF0o%$Gmi%GKmi%NH$v%ZE$v%eFut%9FutoDfwQAfw8zfwfyfvmxeumxksmxcrExKp" /><g i="8" c="103" charCode="103" p="#^uKni%2Kpk%WHVk7Iyl7Ilm7IKoEG7qaFvrDCvrVBvrqBnroAIroAksoALsLAXs7B6tRBct%wDqtwFHtqGtukHevkHIwkHgzqFDAwD$B_z$Brx$B0w4BBu9ABuyyBujxrvpwgwwv2yXu8xmu8xjt8xrsHxPreybruzCqHy0qiyfpWxtoWxnnWxXkszwj$A5iDD5iEE5iFFni^sA4w9zfwuyMwQxixQx5yQxvzcAvz2Cvz_CYyWDpyWDpxWDXwwDGw7DqwRBfw^vDqkzCqkZBmloBimoBInoB9pFC9pzD9p7EdoIEhnIESlIEqkvDqk" /><g i="9" c="58" charCode="58" p="#^xyxkxypjczLiTz5i1B5iSB5ilCziRC1jRCTjRCXkaCBlwBfmqAfmyzfm1zPlxymlxyxk^jwBujwvtYwRsCxasOyasDzas7AEsDA5tDAXtDA$uYzGvhzkwcykwjxkwPwTvjwpvjwBu" /><g i="10" c="32" charCode="32" p="#" /></glyphs></font><font id="30" name="Open SansItalic Charset1_ 65R7TuWVFJu"><glyphs><g i="0" c="73" charCode="73" p="%^2x$vRA9eUC9e5z$v" /><g i="1" c="99" charCode="99" p="#^aCfwPzfwvyYucxEtcxfrcxPo5yLm$yHkBAxjbCniaEniRFnisH$i%TGJkpF5kcE5kRC5kIB1lAAZlXzEnizipizfrizPs6AHtWAyulCyudDyu$DjuNE3uyFKt%yFuv1EfwaCfw" /><g i="2" c="104" charCode="104" p="#^VE$v%IGznWGqmWGWlWG6k7F6k2E6k0DQk_BylbBWmpAio$zeq%My$v%Jw$v%LA$c%OC$cAC$dnCYeaCUfYBSgLBQhvBUifBYjWAcl%2BclcCIjjD3jrEpiFFpifHpi7Ihj$I9k$INl$IxmJIOnfI9qYG$v" /><g i="3" c="32" charCode="32" p="#" /><g i="4" c="97" charCode="97" p="#^ODniWEniOF_iHGAjaHJk%iHJk%7IDi%GJDi%QG$v%cF$v%wFst%qFsteDfwQAfw7zfw9y2vcxQtcxKrcxbp3y0nXyRksACj_BniODni^uByuGCyuRDqt0FhsKFtqtGFotGRmtGAlNFRk6F5k$D5kJC5kDB8lyAbmWz_nizNpizNrizatSzStrAyuuByu" /><g i="5" c="98" charCode="98" p="#^FCfwtBfwzADvGz$udzXt%5zXt%fy$v%Jw$v%LA$c%OC$caCYfQBxhvB5jWAcl%1BclaCMjgD5jnEpiyFpigHpieIDjcJQkcJXmcJupmIFrxHQt1G2vxEfwFCfw^WE6kLD6kxCglkBqmCAboUzXpUzNrUz7tzARtfByuxCyuKDyuNEztQFAssGLq5HWo5HTm5H6kWE6k" /><g i="6" c="101" charCode="101" p="#^$BfwMzfwuyWucxBtcxercxXo6yQm0zJkwAyj0CniQDniHFniDGbjAH$jAHslAHFnyFVowD9qLz9q%lz9q%iz8rizKs2AEtOAxunCxu8DxuYDjuME5uZFvt%ZFhvQEQvXD1w3Dfw$Bfw^ID7krC7kkBhleAqmFzso%OzsoACso3EKnyF$myFDlyF_k5FzkFE7kID7k" /><g i="7" c="118" charCode="118" p="%^Jy$vcxDifzDi1A6q#kAftkAwuoAwu#XBarAC$pyGDiJIDivB$v" /><g i="8" c="114" charCode="114" p="#^bFni0GniEGyi%cGnkzFdkWEdkPDdkRCYkTBHl8B_mqAho4ATp%My$v%Jw$v%AzDi%hBDi%$A5l%7B5l$BXjACrj9DWiNDFipEnibFni" /><g i="9" c="115" charCode="115" p="#^ZEcsZE6uDDbvhCfwQzfwLxfw5wpv%5wttYw_tXxguXyyuMzyujByu5CXtTCktTCnsTCHrrCdr0CKqCAVp0z$omy9oIxinIx7mIxrkWypj9AniaCnigEnicGhj%yFYk%SEFkDD7kaC7k2B7koAFkLzblLz1mLzJmaAcnCAHnZBsohDbpRDJppEeqHERqZEsrZEcs" /><g i="10" c="116" charCode="116" p="#^QAAuvBAuACgu%ACQvaC$vyB7wXAfwAAfw2zfweyxvqxOuqxmtqxysExxr%czak%5xak%gxhj%xzki%2Byf%fCyf%ABDi%WEDi%CEak%hBak%IzyruzCsuz9tuzRtQzdubAAuQAAu" /><g i="11" c="110" charCode="110" p="#^VE$v%IGynYGhmYGOlYG0lwGzk4G5k7F5k2E5k0DQk_BzlbBWmpAgo$zcq%My$v%Jw$v%AzDi%hBDi%$A5l%7B5liCCjoD$iuEniFFnicHni5Iej$I4k$IBl$IzmJIOn%ZG$v" /><g i="12" c="100" charCode="100" p="#^ODpiaGpieHJk%mHJkzHQiVHnh%SI$c%TK$c%SG$v%9F$v%qFst%kFst5E_u0DDvXBfwOAfw5zfw8y3vcxStcxKrcx7p4yYmYyNkrABjXBpiODpi^uByuDCyuRDpt3FgsNFvqvGJovGTmvGxlRFQkbF6kWD6kHC6kDB7lAA7mXzYnizMpizNrizyuuByu" /><g i="13" c="44" charCode="44" p="#^yz5t%Fzntgyewmwdz%NudzjwKvgx5t" /><g i="14" c="119" charCode="119" p="%^8G$vLFFo#IFvnIFzmIFFkBFFk_E5mZDooqA$vYx$vqxDirzDiFzTpFzYq#FzKsyzeuDzeu#cAJsiBiqVEDi7HDiAHTp#EHWrEH4tEHJtDHeuHHeu#1IbtIIAr#nJYpFMDiQODiEI$v" /><g i="15" c="105" charCode="105" p="#^My$v%Jw$v%AzDi%DBDi^9Acf9AweyA5eXAFdyBFdDCFdDCLeDCqfdCUfPBmghBmgNAmgtA3g9ALf9Acf" /><g i="16" c="117" charCode="117" p="#^vBDi%Gz6rszbsszOsszyufByukCyumDPtpE4tbFJr_FlqpGqo%DHDi%EJDi%QG$v%7F$v%pFxt%fFxt3E2vZCFvUBfwJAfw9zfwgypvnxyunx_snxdsExTq%rzDi" /><g i="17" c="102" charCode="57344" p="#^Ku$BUt$BctLB%ct1A_tiAAuiAvviA$vxzvwNyPwnx%Azak%dxak%nxmj%Uzyi%aAkhKAUeJBUdJCTcGETcaFTcTF0dAG9dZGkd%sGVewFyeNEyeJDye8D8fACKfdCjh%WBDi%QEDi%wEak%DBak%OyzxjyTzkxXAlw$BKu$B" /><g i="18" c="111" charCode="111" p="#^RDsiaGsiwHQjSIclSICnSIVpZHYr5H_tBF5v5EcwcCcwSzcwxyQucxrtcx2rcxKo5yHm_yEkuAyj$BsiRDsi^KGknKGWlZF2lcFakUDakzCakvB4lsA_lTzBnizbpiz9rizLs3ADtRAvuiCvuzDvuAECtBFJs9G4rKGrpKGkn" /><g i="19" c="108" charCode="108" p="%^Ly$vIw$vLA$cOC$c" /><g i="20" c="103" charCode="103" p="#^qJDi%7JWj%yGdk2HZk2H8m2HuoDFTpcEfrQBfr9BfrOA9r5zOr5zLs5zgtvzrtVzBtGAHt%6CStjE7uiFXuiGKviGixiGxzwEMAKC$Bvz$B8x$BOv5BsucAsuAysuixkvmwcwqvayLudxfudxhtdxrsRxQrtydrAzIqPyjqjyypQxNoQxMnQxplhzUjLAni0DniZDniVEDi^qwnyqwjzdxSz0ypAAzpAOBpA2DDziESyiEsxiEHwEDfw_CPvoBEv%szsv_xLvcxwwqwixqwny^QzInQzKonAhpWAQpUBQpSCQpADjpiEOoGEVn3F$m3FYl3FYkxErk$DVj$CVj2CVjkBpkCAUkdANlQzGmQzIn" /><g i="21" c="83" charCode="83" p="#^8HQq8HptqFQuJDfwCAfwjzfwky3wlxUvtwuv%twptsyruDAruCCruMDwtWEBsWEZqWE0qhEipEDzoUBAn2AxmkzvlDytkDy2jDyMgeAkfRBUdtEUdHFUdJG7eMHmeWIWe%7ILgjHhgjG0gjFLftELfRCLfRBCgRAshRAViRAzj2B1kgBvkJBWkaCklsD4meF9nSFMnvGnoPG6p8HRp8HQq" /><g i="22" c="46" charCode="46" p="#^xw5vxw9u0xCtwx2tny2tVy2tdzntyzHtyzkuyzcv3zNvAymwLxmwbxmwSw1wxwJvxw5v" /><g i="23" c="107" charCode="107" p="#^1Aap%sGDi%VIDi%aDko%NG$v%vE$v%DBCp%Mz6r%My$v%Iw$v%JA$c%OC$cWB6hdBmkxACn_zap" /><g i="24" c="106" charCode="106" p="#^mu$Bwt$BRsLB%Rs1ABtiAiuiAQviAmwOx%AzDi%CBDi%myZxWx3AYw1B$v$Bmu$B^9Acf9AweyA5eXAFdyBFdCCFdCCLeCCqfbCUfNBmgfBmgNAmgtA3g9ALf9Acf" /><g i="25" c="69" charCode="69" p="%^0G$v2x$vQA9eOJ9epJ1gvC1giBLlKHLlnHCnWACnxz8uqG8u" /><g i="26" c="228" charCode="228" p="#^ODniWEniOF_iHGAjaHJk%iHJk%7IDi%GJDi%QG$v%cF$v%wFst%qFsteDfwQAfw7zfw9y2vcxQtcxKrcxbp3y0nXyRksACj_BniODni^uByuGCyuRDqt0FhsKFtqtGFotGRmtGAlNFRk6F5k$D5kJC5kDB8lyAbmWz_nizNpizNrizatSzStrAyuuByu^yBafyBCeUBceeCOdOCOdLDOdLDNeLDnfoDOf1DcgyCcg7CcgQBXfyBGfyBaf^_Faf_FCekGceGGOdfHOdbIOdbINebInfQHOftHcg_GcgzGcggGXf_FGf_Faf" /><g i="27" c="122" charCode="122" p="%^qE$vEv$vWvzupE9kyy9kTyDiVGDiyGlkfytuKEtu" /><g i="28" c="223" charCode="223" p="#^nu$Bxt$BTsLB%Ts$zDtgAeugA1vgAyvHz2w6zkwMx%LzKhgAifEB5e1DTcpFTcnHTctILdAJCeAJ8gAJQgjJrh3J2izICi4I9joGrk2Fsl2Fhm2FYmcGMnNGborHRo5IuppIaqJISqJIHrJIQtoH2v4GfwQDfwHBfwyAnv%yAqtaBWt$BeuQCyuADyuYEyuNFRtDG8tDGVrDGqruG2rmGFq4GjqOFZp$EipWDtovDOn4D7n4Dom4DKliDdlxDHkVDgkhEQjqF_ipGiiNGWh9HxhmH7hAHIgAHfgAHtfXG1fiGAecFAeLDAeWClf6C6gNBGh%qyzxXxTzYwXAZv$Bnu$B" /><g i="29" c="95" charCode="95" p="%^CDYzItYz4ufyZDfy" /><g i="30" c="70" charCode="70" p="%^9z$v2x$vQA9eOJ9eqJ1gvC1g9BxmBHxmcHpoLApo" /><g i="31" c="71" charCode="71" p="#^0GFm%DLFm%LJkv6HfwDEfwpBfwCzuuQxJsQxzpQxgm3zAjjAUgvCofIEUdnHUdPIUd3K8ejLneAMWe%MLNgQKmgLJ3gGILfnHLfjFLfDD$gXBei_Ask2AGm2Aqp2ALriB4tzCpuOEpuHGpuZHXt%8Jwo%DFwo" /><g i="32" c="65" charCode="65" p="#^WFkq%Tzkq%Tw$v%Au$v%kE9e%sG9e%HI$v%DG$v^IFqo%hFMk_EBiWEvgtEAhXDEipDIjUAqo" /><g i="33" c="45" charCode="45" p="%^Gwgq5xloYCloxCgq" /><g i="34" c="120" charCode="120" p="%^IBIqux$v5v$vUA6p_xDi2ADiaCFncGDiAIDi0Dcp5G$v2E$v" /><g i="35" c="72" charCode="72" p="%^fJ$vcH$vYICnUACn7z$v2x$vQA9eUC9eiBLlmJLl_K9e1N9e" /><g i="36" c="112" charCode="112" p="#^FCfwtBfwAAEvHz1vczXt%4zXt%1zou_yIuUyfvPyOvvx$B%tv$B%AzDi%hBDi%YAal%2BaleDpiBFpigHpieIBjcJNkcJXmcJxpmIHrwHRt0G2vxEfwFCfw^WE6kLD6kxCglkBqmCAboUzXpUzNrUz7tzARtfByuxCyuKDyuNEztQFAssGLq5HWo5HTm5H6kWE6k" /><g i="37" c="66" charCode="66" p="#^pF9eGK9eGKgiGK_jCJalyIlmDGIm%DGQm1IdnNIaoxJ7pxJtqxJ3tGHxuPF$vIC$v%2x$v%QA9e^iBOl%kEOleGOlmHVkvI0kvIuivIchHHAgTGYf7FYf%zCYf^vzeu%LCeuYEeu8GftkHgskHuqkH3pqGjowFznODzn%WAzn" /><g i="38" c="109" charCode="109" p="#^vE$v%iGynwGpmwGVlwG2l8GAkMF5kRE5kQD5kSCQkUBzl8BWmpAho$zcq%My$v%Jw$v%AzDi%hBDi%$A5l%7B5lbCEjeD0jiEniqFniOGniyHajiIZjqInl%xInlAJSjLK7jXLni9NniIOniyPcjoQ1koQDloQsm7QOn%nO$v%iM$v%6OynlOhmlOMllO0lWNzkvN5kBM5kCL5kEKPkHJwlYIPmeI6oSHUp%yG$v" /><g i="39" c="85" charCode="85" p="#^aN9e%GKYp$J9tfIIuwGfwwDfwJAfwmz_u$xIt$xkr$xlqiyTo%CA9e%GC9e%lA1p4Akq4Akr4AMsZABtSBpuDDpuKFpuUGlt3IgsBIOp%5L9e" /><g i="40" c="246" charCode="246" p="#^RDsiaGsiwHQjSIclSICnSIVpZHYr5H_tBF5v5EcwcCcwSzcwxyQucxrtcx2rcxKo5yHm_yEkuAyj$BsiRDsi^KGknKGWlZF2lcFakUDakzCakvB4lsA_lTzBnizbpiz9rizLs3ADtRAvuiCvuzDvuAECtBFJs9G4rKGrpKGkn^hBafhBCeDBceZBOdxCOduDOduDNeuDnf7DOfMCcghCcgSBcgzBXfhBGfhBaf^JFafJFCe3GcepGOd_GOdWHOdWHNeWHnfzHOfcHcgJGcgiGcg$FXfJFGfJFaf" /><g i="41" c="86" charCode="86" p="#^RBBtBCRrQDtp%GJ9e%$L9e%tC$v%gA$v%iy9e%nA9e%yBvpOBVrOBBt" /><g i="42" c="42" charCode="42" p="%^qGldWE0i4KOh_JJjbF8jnHPnlFsoZDvjQAInpzdmaDLiDyqhizyfQDOhkEWc" /><g i="43" c="384" charCode="57345" p="#^Ku$BUt$BctLB%ct1A_tiAAuiAvviA$vxzvwNyPwnx%Azak%dxak%nxmj%Uzyi%aAkhKAUeJBUdJCTcGETcaFTcTF0dAG9dZGkd%sGVewFyeNEyeJDye8D8fACKfdCjh%WBDi%QEDi%wEak%DBak%OyzxjyTzkxXAlw$BKu$B^CG$v%zE$v%qHDi%tJDi^$Hcf$HweoI5eNIFdoJFdtKFdtKLetKqf3KUfFJmg7JmgDImgjI3g$HLf$Hcf" /><g i="44" c="68" charCode="68" p="#^TLilTLuoBKWqjJmtWGHuyE$vlB$v%2x$v%QA9e%$E9emI9e6K_fTLPhTLil^uBcuYDcuPF5tHHZrGIXpGJUnGJglGJFipIjh9HYfKEYf%zCYf%vzcu" /><g i="45" c="385" charCode="57347" p="#^FC$BNB$B7BLB%7B1ATBiAxCiAmDiATDBzpEUyKEnx%vHak%DBak%OyzxjyTzkxXAlw$BKu$BUt$BctLB%ct1A_tiAAuiAqviAZvAzvwTyPwnx%Azak%dxak%nxmj%Uzyi%aAkhKAUeJBUdJCTcGETcaFTcTF0dAG9dZGkd%sGVewFyeNEyeJDye8D8fACKfdCjh%WBDi%OHDi%5IjhEIVeDJUdDKTcBMTc6NTcON0duO8dWOkd%nOVerNyeIMyeCLye2LafuKOf8Kjh%SJDi%MMDi%sMak%yJak%KGzxcGYzdFZAeE$BFC$B" /><g i="46" c="84" charCode="84" p="%^XB$vRz$vdD$fgy$fGy9eIK9ekK$flF$f" /><g i="47" c="80" charCode="80" p="#^8KMi8KNl8Ion8G_ohC_o%DA_o%7z$v%2x$v%QA9e%RE9etH9eOIjf8Ktg8KMi^$Acn%DCcngFcnDG5m$H_k$HQi$Hjh8HEgiGYfyEYf%zCYf" /><g i="48" c="87" charCode="87" p="%^lL$vgJ$vGIdk#AIziAINgvINg#bIFhLHGi#jHGjCB$vuz$vJy9eOA9eaB9pcBeq#cBqr4Bnt9Bnt#eCpq3DIo$H9eaK9eIKFo#PKwqPKmsOKntVKnt#PLEqvM3peR9esT9e" /><g i="49" c="75" charCode="75" p="%^DI$vlG$v#tFOtzEDr#FDrpNCcnFAOo7z$v2x$vQA9eUC9e2BQmBJ9e9M9elEXl" /><g i="50" c="8222" charCode="8222" p="#^yz5t%Fzntgyewmwdz%NudzjwKvgx5t^2E5t%9Ent$CTvRAdz%gzdz_AmvLB5t" /><g i="51" c="121" charCode="121" p="#^cxDi%fzDi%9AhpgA6qnAMrvAptvApu%AApu$AltEBZrhCAqAC3q%yGDi%JIDi%dAgy5zmAZxaBSw$Biv$Bqu$BBtLB%Bt5AmujAbvjAbwjAVwHzDx4ziyTx%dzdw" /><g i="52" c="8220" charCode="8220" p="#^6Cgk%$B$j_COhkF9e%TG9eVENipEgk^Axgk%vx$jIyqhOA9e%lC9eyAmiTzgk" /><g i="53" c="78" charCode="78" p="%^VJ$vHH$v4C4h$B4h#CBMj6Bam$y$v1x$vOA9e$C9eBI2tGI2t#1JjqyJ6oGL9eGN9e" /><g i="54" c="76" charCode="76" p="%^2x$vQA9eUC9exz7uqG7u0G$v" /><g i="55" c="252" charCode="252" p="#^vBDi%Gz6rszbsszOsszyufByukCyumDPtpE4tbFJr_FlqpGqo%DHDi%EJDi%QG$v%7F$v%pFxt%fFxt3E2vZCFvUBfwJAfw9zfwgypvnxyunx_snxdsExTq%rzDi^ABafABCeWBcegCOdQCOdNDOdNDNeNDnfqDOf3DcgACcg9CcgSBXfABGfABaf^0Gaf0GCemGceIGOdhHOddIOddINedInfSHOfvHcg0HcgBGcgiGXf0GGf0Gaf" /><g i="56" c="386" charCode="57346" p="#^Ku$BUt$BctLB%ct1A_tiAAuiAvviA$vxzvwNyPwnx%Azak%dxak%nxmj%Uzyi%aAkhKAUeJBUdJCTcGETcaFTcTF0dAG9dZGkd%sGVewFyeNEyeJDye8D8fACKfdCjh%WBDi%QEDi%wEak%DBak%OyzxjyTzkxXAlw$BKu$B^BG$v%yE$v%BI$c%EK$c" /><g i="57" c="47" charCode="47" p="%^VG9eZw$vSu$vNE9e" /><g i="58" c="82" charCode="82" p="#^IAAo%7z$v%2x$v%QA9e%KE9eaK9eaKDiaKTmHF6o%BI$v%kG$v%NDAo^vCZffB$l4BOm%7DOmuFOmLGMl1IJk1INi1IihcHEgnGZfwEZf" /><g i="59" c="90" charCode="90" p="%^OG$vPv$v8wkuqH2grz2gQz9eiK9e_JRfIy7ucH7u" /><g i="60" c="77" charCode="77" p="%^fE$vdCbg7Cbg#2C3hNBBi#wB7kkB1l$y$v1x$vOA9eND9eBFRsIFRsLN9e$Q9eiN$vaL$v#JMOoxNYk#lO5hGO9gCO9gRF$v" /><g i="61" c="67" charCode="67" p="#^vHLfnFLfHDXg0C7i1Bqk2AIm2App2AHreB2trCpuwEpudGpusIIt%sIxvpHVvsG4wvFfw9EfwcBfwwzquQxBsQxspQxgm6zxjpANgAClfLEUdvHUdVJUdLLTe%VKBgdJLfvHLf" /><g i="62" c="58" charCode="58" p="#^xw5vxw9u0xCtwx2tny2tVy2tdzntyzHtyzkuyzcv3zNvAymwLxmwbxmwSw1wxwJvxw5v^uykkuyojZyRiszhikAhivBhivByjvBrk$A0lvAAlIzAl8zAlPygluyXkuykk" /><g i="63" c="34" charCode="34" p="%^WB9e2ACkLyCkDz9e^bG9eiECk$CCkTD9e" /><g i="64" c="63" charCode="63" p="#^az4rrzup2AtoGAsn4ClmED7l7EBkDE2kVErjbFQibF3ibFXgyEkgWDIfLCIfMBIfSA0gYzkg9zIg%py7fxzveLAceZBUdZCUd0FUd7GWefHXffHQhfHkjsGBkFFSlIDjnaCqoEB7p6BPpQA4r^Wx5vWx9upyCtVy2tMz2tjA2tDAntYAHtYAkuYAdvrAOvXzmw9zmwBymwfy1wWxJvWx5v" /></glyphs></font><font id="40" name="Symbol Charset1_ 5kFslq10uFT"><glyphs><g i="0" c="183" charCode="183" p="#^dGXodGOqVE6sCDptMBptVzptBy6sixOqixXoix5nByOlVzukMBukCDukVEOldG5ndGXo" /></glyphs></font></bwFonts>