﻿<?xml version="1.0" encoding="utf-8"?>
<manifest identifier="_5ZphoKpP8RX_course_id" version="1.0" xmlns="http://www.imsproject.org/xsd/imscp_rootv1p1p2" xmlns:adlcp="http://www.adlnet.org/xsd/adlcp_rootv1p2" xmlns:xsi="http://www.w3.org/2001/XMLSchema-instance" xsi:schemaLocation="http://www.imsproject.org/xsd/imscp_rootv1p1p2 imscp_rootv1p1p2.xsd http://www.imsglobal.org/xsd/imsmd_rootv1p2p1 imsmd_rootv1p2p1.xsd http://www.adlnet.org/xsd/adlcp_rootv1p2 adlcp_rootv1p2.xsd">
  <metadata>
    <schema>ADL SCORM</schema>
    <schemaversion>1.2</schemaversion>
    <lom xmlns="http://www.imsglobal.org/xsd/imsmd_rootv1p2p1" xmlns:xsi="http://www.w3.org/2001/XMLSchema-instance" xsi:schemaLocation="http://www.imsglobal.org/xsd/imsmd_rootv1p2p1 imsmd_rootv1p2p1.xsd">
      <general>
        <title>
          <langstring xml:lang="x-none">YanaiGonen</langstring>
        </title>
      </general>
      <lifecycle>
        <version>
          <langstring xml:lang="x-none">1</langstring>
        </version>
        <status>
          <source>
            <langstring xml:lang="x-none">LOMv1.0</langstring>
          </source>
          <value>
            <langstring xml:lang="x-none">Final</langstring>
          </value>
        </status>
      </lifecycle>
      <metametadata>
        <metadatascheme>ADL SCORM 1.2</metadatascheme>
      </metametadata>
      <educational>
        <typicallearningtime>
          <datetime>PT0H0M0S</datetime>
        </typicallearningtime>
      </educational>
      <rights>
        <cost>
          <source>
            <langstring xml:lang="x-none">LOMv1.0</langstring>
          </source>
          <value>
            <langstring xml:lang="x-none">yes</langstring>
          </value>
        </cost>
        <copyrightandotherrestrictions>
          <source>
            <langstring xml:lang="x-none">LOMv1.0</langstring>
          </source>
          <value>
            <langstring xml:lang="x-none">yes</langstring>
          </value>
        </copyrightandotherrestrictions>
      </rights>
    </lom>
  </metadata>
  <organizations default="YanaiGonen_ORG">
    <organization identifier="YanaiGonen_ORG">
      <title>YanaiGonen</title>
      <item identifier="_22.08.2017_SCO" isvisible="true" identifierref="__5ZphoKpP8RX_course_id_RES">
        <title>YanaiGonen</title>
        <adlcp:masteryscore>80</adlcp:masteryscore>
      </item>
    </organization>
  </organizations>
  <resources>
    <resource identifier="__5ZphoKpP8RX_course_id_RES" type="webcontent" href="index_lms.html" adlcp:scormtype="sco">
      <file href="story_content/thumbnail.jpg" />
      <file href="mobile/5kbPvbL8xV2_80_DX1394_DY1394_CX896_CY504.jpg" />
      <file href="story_content/mouse_72826378-f378-413c-b5dc-0b00be463de3.png" />
      <file href="story_content/MouseClickSound_0d314690-2e6b-4c02-ac8b-462ab7c35364_44100_48_0.mp3" />
      <file href="mobile/5fLKuLn8Z1X_80_DX832_DY832_CX379_CY654.png" />
      <file href="mobile/5jcAIyQYC6n_80_DX748_DY748_CX283_CY588.png" />
      <file href="mobile/6CqXQnjbGva_80_DX820_DY820_CX209_CY645.png" />
      <file href="mobile/5oKsjVvSJrY_80_DX274_DY274_CX215_CY198.jpg" />
      <file href="mobile/5wu99K3DHy7_80_DX512_DY512_CX402_CY251.jpg" />
      <file href="mobile/6S0WF9QDYty_80_DX582_DY582_CX458_CY251.jpg" />
      <file href="mobile/5bUudD4ndns_80_DX618_DY618_CX309_CY163.jpg" />
      <file href="mobile/6YmLkv0Nv0I_80_DX458_DY458_CX360_CY357.jpg" />
      <file href="story_content/video_5XVzVRvwP6Z_22_48_666x374.mp4" />
      <file href="mobile/poster_5i3idZWsYWj_video_5XVzVRvwP6Z_22_48_666x374.jpg" />
      <file href="mobile/6aROYeK0MaC_80_DX402_DY402_CX316_CY250.jpg" />
      <file href="mobile/6E8BndTcg0q_80_DX196_DY196_CX143_CY154.png" />
      <file href="mobile/5qwaVV6mtfT_80_DX250_DY250_CX196_CY131.jpg" />
      <file href="mobile/5bbSS1wF6jK_80_DX246_DY246_CX158_CY193.jpg" />
      <file href="mobile/5urH1k8BnAq_80_DX276_DY276_CX216_CY144.jpg" />
      <file href="mobile/5qohqZGBxdX_80_DX752_DY752_CX365_CY205.jpg" />
      <file href="story_content/report.html" />
      <file href="mobile/5az4fAFiRZL_80_DX756_DY756_CX239_CY378.png" />
      <file href="mobile/6Q1NTQof5FK_80_DX1440_DY1440_CX1024_CY576.jpg" />
      <file href="mobile/6JLCbYZx3cs_80_DX692_DY692_CX542_CY317.jpg" />
      <file href="mobile/61ybezL3hmB_80_DX716_DY716_CX539_CY563.png" />
      <file href="mobile/6K7MwcdMd38_80_DX714_DY714_CX561_CY428.png" />
      <file href="mobile/6WwwG8GfQ7I_80_DX736_DY736_CX365_CY243.jpg" />
      <file href="mobile/6mEGhsod65P_80_DX416_DY416_CX218_CY326.png" />
      <file href="mobile/6hc0lQWhypY_X_80_DX416_DY416_CX113_CY327.png" />
      <file href="mobile/5eoF81u7TER_80_DX300_DY300_CX218_CY235.png" />
      <file href="mobile/61OH6SIgHod_80_DX748_DY748_CX365_CY205.jpg" />
      <file href="mobile/6MLm9SXH5VP_80_DX218_DY218_CX166_CY110.jpg" />
      <file href="mobile/5zTM4EcyHP9_80_DX218_DY218_CX130_CY171.jpg" />
      <file href="mobile/6iaygMSHayW_80_DX244_DY244_CX192_CY108.jpg" />
      <file href="mobile/6jJ8wpRNXeE_80_DX216_DY216_CX124_CY169.jpg" />
      <file href="mobile/61mO70u8TaN_80_DX290_DY290_CX227_CY138.jpg" />
      <file href="mobile/65IFxyqrriP_80_DX282_DY282_CX133_CY221.jpg" />
      <file href="mobile/5kz9ckyhjPj_80_DX288_DY288_CX151_CY151.jpg" />
      <file href="mobile/5XSfdctadF3_80_DX286_DY286_CX224_CY149.jpg" />
      <file href="mobile/5y27QrwKNu5_80_DX294_DY294_CX231_CY173.jpg" />
      <file href="mobile/5YzPljAGgFL_80_DX336_DY336_CX264_CY168.jpg" />
      <file href="mobile/6psFX2XOl8v_80_DX286_DY286_CX224_CY177.jpg" />
      <file href="mobile/5vJf6g0yipL_80_DX358_DY358_CX281_CY138.jpg" />
      <file href="mobile/6HbYhUPEAKk_80_DX332_DY332_CX72_CY259.png" />
      <file href="mobile/5fnLWnribwv_80_DX398_DY398_CX313_CY258.jpg" />
      <file href="mobile/6c7JOWON2Ws_80_DX368_DY368_CX160_CY288.png" />
      <file href="mobile/6hi5g9FjcpW_80_DX298_DY298_CX213_CY234.jpg" />
      <file href="mobile/6WRi10YMKm8_80_DX322_DY322_CX251_CY155.jpg" />
      <file href="mobile/6qSof5j0UUa_80_DX288_DY288_CX192_CY226.jpg" />
      <file href="mobile/6FgwhyK9MJA_80_DX412_DY412_CX121_CY324.png" />
      <file href="mobile/5wpTvj5PyB1_80_DX428_DY428_CX81_CY336.png" />
      <file href="mobile/5md052ZjGlN_80_DX378_DY378_CX297_CY223.jpg" />
      <file href="mobile/6lRrEwccY3y_80_DX456_DY456_CX358_CY202.jpg" />
      <file href="mobile/5miuH8bPy1I_80_DX724_DY724_CX567_CY251.png" />
      <file href="mobile/6SECvpAC6Ml_80_DX244_DY244_CX190_CY163.jpg" />
      <file href="mobile/6ar5M7udi78_80_DX266_DY266_CX209_CY209.gif" />
      <file href="story_content/video_6XLXkgaCr3q_22_48_312x176.mp4" />
      <file href="mobile/poster_5Yjsuk4m6Bg_video_6XLXkgaCr3q_22_48_312x176.jpg" />
      <file href="mobile/6QsYCuZQnJx_80_DX424_DY424_CX332_CY221.jpg" />
      <file href="mobile/60QFV0X5148_80_DX540_DY540_CX152_CY424.png" />
      <file href="mobile/6YgbcgvpDNF_80_DX556_DY556_CX125_CY436.png" />
      <file href="mobile/5gDOqdvhxDo_X_80_DX338_DY338_CX67_CY261.png" />
      <file href="mobile/6AdlhD4qLCd_80_DX446_DY446_CX297_CY143.jpg" />
      <file href="mobile/6gP6pUmMoQ3_80_DX640_DY640_CX320_CY170.gif" />
      <file href="mobile/5rCIlpSC1ZI_80_DX626_DY626_CX320_CY180.gif" />
      <file href="mobile/6BWEs6ssMaA_80_DX458_DY458_CX360_CY292.jpg" />
      <file href="mobile/6oywNTFOK6P_80_DX402_DY402_CX316_CY258.jpg" />
      <file href="mobile/68w4S6FhO3q_80_DX372_DY372_CX263_CY270.jpg" />
      <file href="mobile/5lOuA4ifsL4_80_DX242_DY242_CX189_CY125.jpg" />
      <file href="mobile/6HPEwHGqszU_XY_80_DX312_DY312_CX242_CY136.jpg" />
      <file href="mobile/5mB3KpHCjue_80_DX266_DY266_CX208_CY130.jpg" />
      <file href="mobile/6OqLXgY6WY7_80_DX126_DY126_CX99_CY99.jpg" />
      <file href="meta.xml" />
      <file href="story_content/user.js" />
      <file href="mobile/Shape6Eio4szYUl2.png" />
      <file href="mobile/Shape6KzskKxRq0R.png" />
      <file href="mobile/Shape6F1eoWuj5eq.png" />
      <file href="mobile/Shape5jlFUUp1MS4.png" />
      <file href="mobile/Shape6iKcVEgWbON.png" />
      <file href="mobile/Shape6Ea7QF17PNp.png" />
      <file href="mobile/Shape5wn8GbOnZsz.png" />
      <file href="mobile/Shape6P8bMCIbuis.png" />
      <file href="mobile/Shape6N2FJ0aaSUR.png" />
      <file href="mobile/Shape5cE3asq6VvT.png" />
      <file href="mobile/Shape5d2U4A0QWzG.png" />
      <file href="mobile/Shape6eKYZZQ529a.png" />
      <file href="mobile/Shape5sAtx6COOBF.png" />
      <file href="mobile/Shape67Ak6UCdyHL.png" />
      <file href="mobile/Shape62ITJeULPnV.png" />
      <file href="mobile/Shape60sZ5GRPQri.png" />
      <file href="mobile/Shape5Zt3rbED3NY.png" />
      <file href="mobile/Shape6PEOaQoVGHF.png" />
      <file href="mobile/Shape6RfQ9PQPvei.png" />
      <file href="mobile/Shape6PNePEsV4Qi.png" />
      <file href="mobile/Shape5c9c7ycpJYz.png" />
      <file href="mobile/Shape5rFGBZruHDe.png" />
      <file href="mobile/Shape6ZfoJkAfxei.png" />
      <file href="mobile/Shape5l8F8gEHvuz.png" />
      <file href="mobile/Shape6SDTaftCjjL.png" />
      <file href="mobile/Shape6ESP6JVqiwr.png" />
      <file href="mobile/Shape6QWRUiy1VCt.png" />
      <file href="mobile/Shape5fdeIPjZNNy.png" />
      <file href="mobile/Shape6oqTsuyCxYg.png" />
      <file href="mobile/Shape6Q7OBWp1IIn.png" />
      <file href="mobile/Shape6aOCByyyUBA.png" />
      <file href="mobile/Shape5v8DRoyLPG2.png" />
      <file href="mobile/Shape6eLyzpWf7iM.png" />
      <file href="mobile/Shape67zBlcA5GLc.png" />
      <file href="mobile/Shape6dBjArEevG0.png" />
      <file href="mobile/Shape5yxJ4pF2kz1.png" />
      <file href="mobile/Shape6Am3WKhtKFv.png" />
      <file href="mobile/Shape6eeFpSKisYd.png" />
      <file href="mobile/Shape6ojuF8HxmaK.png" />
      <file href="mobile/Shape6NcdpzPlOiB.png" />
      <file href="mobile/Shape61UVukO0F1f.png" />
      <file href="mobile/Shape5wEu4cdEFug.png" />
      <file href="mobile/Shape5zTd1wrw4TP.png" />
      <file href="mobile/Shape6CIOoKo9FsV.png" />
      <file href="mobile/Shape6rW9thrAmGY.png" />
      <file href="mobile/Shape6ZygTeKGwsK.png" />
      <file href="mobile/Shape6UsrlVJ6zQp.png" />
      <file href="mobile/Shape5yynwu31N11.png" />
      <file href="mobile/Shape6mqxnEu6qgz.png" />
      <file href="mobile/Shape5c5cVKGyaVy.png" />
      <file href="mobile/Shape6bEFGWAXsVp.png" />
      <file href="mobile/Shape6LTNOwIFlvR.png" />
      <file href="mobile/Shape6lirRKAeVhG.png" />
      <file href="mobile/Shape6Ss0Kx25NIN.png" />
      <file href="mobile/Shape6gQNHivXDQD.png" />
      <file href="mobile/Shape6oNbxIxdI7J.png" />
      <file href="mobile/Shape5yxU7NHzVmM.png" />
      <file href="mobile/Shape5d9ShDUu8Kd.png" />
      <file href="mobile/Shape5cMB03o4ibM.png" />
      <file href="mobile/Shape6pZ8P2TbI3q.png" />
      <file href="mobile/Shape63dCb9089D2.png" />
      <file href="mobile/Shape64ZpRowFtbX.png" />
      <file href="mobile/Shape6ab1NBrMUUA.png" />
      <file href="mobile/Shape6gSYIN64RWT.png" />
      <file href="mobile/Shape5Z3x7EsMmRj.png" />
      <file href="mobile/Shape636R8l7nw6o.png" />
      <file href="mobile/Shape6HD8T1eXbeZ.png" />
      <file href="mobile/Shape699nRP3thOL.png" />
      <file href="mobile/Shape6qf6BHAGvLi.png" />
      <file href="mobile/Shape5ldRE7RPr0D.png" />
      <file href="mobile/Shape6FvL61aO1rx.png" />
      <file href="mobile/Shape5Y197d91QTM.png" />
      <file href="mobile/Shape68tXhpmXy3s.png" />
      <file href="mobile/Shape6IP5Puk3vtq.png" />
      <file href="mobile/Shape68hpGlN5yyW.png" />
      <file href="mobile/Shape6KpSXACBFht.png" />
      <file href="mobile/Shape5xMiYSzZ7lI.png" />
      <file href="mobile/Shape6b4sIowyi1r.png" />
      <file href="mobile/Shape60wngMKQHJz.png" />
      <file href="mobile/Shape5XiPkh5S7ek.png" />
      <file href="mobile/Shape6QKIJ4SGEY0.png" />
      <file href="mobile/Shape6QZXxB4EVao.png" />
      <file href="mobile/Shape6X8OkpKLV6P.png" />
      <file href="mobile/Shape6RbRcnlVySZ.png" />
      <file href="mobile/Shape5v1vW93nhT5.png" />
      <file href="mobile/Shape6UQjE3cYypX.png" />
      <file href="mobile/Shape5hDlSg61hf6.png" />
      <file href="mobile/Shape6UjHYraWyIE.png" />
      <file href="mobile/Shape6fmZS65xsfD.png" />
      <file href="mobile/Shape5fh6LD5TKos.png" />
      <file href="mobile/Shape6eV9CBApIVK.png" />
      <file href="mobile/Shape5hYdXeiBVz1.png" />
      <file href="mobile/Shape5fsBNswIhS7.png" />
      <file href="mobile/Shape6TksvXMgrGc.png" />
      <file href="mobile/Shape64YF3ed5ESw.png" />
      <file href="mobile/Shape5glBtbpSeUL.png" />
      <file href="mobile/Shape6koxfU3icY3.png" />
      <file href="mobile/Shape6HZbLbaV9jI.png" />
      <file href="mobile/Shape5u3v6ddrF6a.png" />
      <file href="mobile/Shape6ipHDG7bp2G.png" />
      <file href="mobile/Shape6VZsTWObz1I.png" />
      <file href="mobile/Shape5rnReHo7zXR.png" />
      <file href="mobile/Shape6JRYa8uS2qr.png" />
      <file href="mobile/Shape6jBRAbT1x29.png" />
      <file href="mobile/Shape6fDrTZl0cEy.png" />
      <file href="mobile/Shape5yyJoVlDdBC.png" />
      <file href="mobile/Shape6aGevFf52wv.png" />
      <file href="mobile/Shape5xbrY53S1xi.png" />
      <file href="mobile/Shape6JpI1wvtNax.png" />
      <file href="mobile/Shape6ENUr9228Qj.png" />
      <file href="mobile/Shape5oA4NyTmBPr.png" />
      <file href="mobile/Shape5m7R7O1xeqR.png" />
      <file href="mobile/Shape5uix6JF9l2d.png" />
      <file href="mobile/Shape6GOUqcI1Oh0.png" />
      <file href="mobile/Shape6IjMrrbxTFO.png" />
      <file href="mobile/Shape5VdA4BekeAF.png" />
      <file href="mobile/Shape6NEC4vpYTNP.png" />
      <file href="mobile/Shape5fyMfaIUGkd.png" />
      <file href="mobile/Shape5lrB8l41pF1.png" />
      <file href="mobile/Shape64e42KLYblw.png" />
      <file href="mobile/Shape6aSehLdfund.png" />
      <file href="mobile/Shape62e3dXExd5F.png" />
      <file href="mobile/Shape5dg3ClG4XJz.png" />
      <file href="mobile/Shape61hcwOgqFz8.png" />
      <file href="mobile/Shape6CwV2Wy9Yij.png" />
      <file href="mobile/Shape5lm7zIXwF3O.png" />
      <file href="mobile/Shape68Luek3g07W.png" />
      <file href="mobile/Shape6ZqeQSLeqaC.png" />
      <file href="mobile/Shape6Ljtr62k74P.png" />
      <file href="mobile/Shape60NkWkdEAit.png" />
      <file href="mobile/Shape5d3FFpnXShU.png" />
      <file href="mobile/Shape5hoVJr2jINj.png" />
      <file href="mobile/Shape6Wxi3LjrHHO.png" />
      <file href="mobile/Shape6UX94RKmrY4.png" />
      <file href="mobile/Shape5f0Y7Xoxw2F.png" />
      <file href="mobile/Shape6A7rLVj3ewU.png" />
      <file href="mobile/Shape5wNJS0hbMja.png" />
      <file href="mobile/Shape6JioEodk7RD.png" />
      <file href="mobile/Shape6LxVZqStHtj.png" />
      <file href="mobile/Shape6QxudbNTPvC.png" />
      <file href="mobile/Shape6rPLINdMZiP.png" />
      <file href="mobile/Shape6aBCdKMPt90.png" />
      <file href="mobile/Shape65nTPbPhFHM.png" />
      <file href="mobile/Shape6bokvzRhXoQ.png" />
      <file href="mobile/Shape6IelRb1afnA.png" />
      <file href="mobile/Shape6144zc78Cqi.png" />
      <file href="mobile/Shape5ct5zr3r9wa.png" />
      <file href="mobile/Shape5xxK9LFNKBx.png" />
      <file href="mobile/Slide5YrO0R1TVNu.jpg" />
      <file href="mobile/Shape5qXh7Kd255i.png" />
      <file href="mobile/Shape5sD9SqvWEXB.png" />
      <file href="mobile/Shape5sLop6LcAn9.png" />
      <file href="mobile/Shape6KuavUnWGOB.png" />
      <file href="mobile/Slide6qtHztlf0eS.jpg" />
      <file href="mobile/Shape5xRbPSLI2R0.png" />
      <file href="mobile/Shape6U0dW7V3YsW.png" />
      <file href="mobile/Shape6HNfrRnxcEx.png" />
      <file href="mobile/Shape6Sr9XEqH1ck.png" />
      <file href="mobile/Slide6ZgtKQTnE3m.jpg" />
      <file href="mobile/Shape5xnHRcuIF4J.png" />
      <file href="mobile/Shape6E7VEd47M0l.png" />
      <file href="mobile/Shape69kC8NcIYUD.png" />
      <file href="mobile/Shape6IgX3x6gzEW.png" />
      <file href="mobile/Slide6JBCFBJ0gM1.jpg" />
      <file href="mobile/Shape6YF46sXLTtP.png" />
      <file href="mobile/Shape5v6cbbEMocG.png" />
      <file href="mobile/Shape6aOwTHgyxpI.png" />
      <file href="mobile/Shape6FaVk52aaxw.png" />
      <file href="mobile/Slide5eD9uZ3yaZW.jpg" />
      <file href="mobile/Shape5qJ5l2xd6x7.png" />
      <file href="mobile/Shape5XOGXhc7z0X.png" />
      <file href="mobile/Shape6mxVYMkdNdX.png" />
      <file href="mobile/Shape64zvrsGONG5.png" />
      <file href="mobile/Slide6jHM7b2BPZG.jpg" />
      <file href="mobile/Shape6jIQ9n7ig1T.png" />
      <file href="mobile/Shape5jkHBDz39nR.png" />
      <file href="mobile/Shape5ghuxnTGcBh.png" />
      <file href="mobile/Shape5etFjhUckTV.png" />
      <file href="mobile/Slide6LkX0KN9NXu.jpg" />
      <file href="mobile/Shape6dKNCqMfScU.png" />
      <file href="mobile/Shape5wzGGwkdDLc.png" />
      <file href="mobile/Shape5xqy2fIKPB7.png" />
      <file href="mobile/Shape5WHPpg2l9ik.png" />
      <file href="mobile/Slide6ZFMJCkY7BP.jpg" />
      <file href="mobile/Shape5WZoiaNXewD.png" />
      <file href="mobile/Shape6cMKOuK8kva.png" />
      <file href="mobile/Shape6IR47yVxPJ2.png" />
      <file href="mobile/Shape63dq3ec9Bi6.png" />
      <file href="mobile/Slide5q6yM3YWiWA.jpg" />
      <file href="mobile/Shape6F6mO6VHwN7.png" />
      <file href="mobile/Shape5YcEtzQq8oh.png" />
      <file href="mobile/Shape5wpKctalyBj.png" />
      <file href="mobile/Shape65NoGJheZ4b.png" />
      <file href="mobile/Slide6Oqkt1mHD95.jpg" />
      <file href="mobile/Shape65so7cw5mW6.png" />
      <file href="mobile/Shape5giDJrzrFH9.png" />
      <file href="mobile/Shape5tftOk5ic9u.png" />
      <file href="mobile/Shape6d6AtH9drX2.png" />
      <file href="mobile/Slide6cWrs16xwlw.jpg" />
      <file href="mobile/Shape5wMbftjfACg.png" />
      <file href="mobile/Shape6J9P4HzcV3c.png" />
      <file href="mobile/Shape5i3IYI5he4M.png" />
      <file href="mobile/Shape5zrjQUr86rU.png" />
      <file href="mobile/Slide6fvyH0YBfvW.jpg" />
      <file href="mobile/Shape5g5usQWpmNA.png" />
      <file href="mobile/Shape5hQmJDdstD1.png" />
      <file href="mobile/Shape616OyDZZlwP.png" />
      <file href="mobile/Shape6MBZ9DrwW4q.png" />
      <file href="mobile/Slide6FTvq26EMPX.jpg" />
      <file href="mobile/Shape5kGoCguSsdk.png" />
      <file href="mobile/Shape6nAED8kpuQR.png" />
      <file href="mobile/Shape64KIiBEtJy9.png" />
      <file href="mobile/Shape6LUGAfu9x84.png" />
      <file href="mobile/Slide6hxJF7JDS55.jpg" />
      <file href="mobile/Shape5YvRXhTM1Dx.png" />
      <file href="mobile/Shape5pZ6EAKErw6.png" />
      <file href="mobile/Shape68ktR7jIc4L.png" />
      <file href="mobile/Shape5knscqdgUs8.png" />
      <file href="mobile/Slide5gIy4vzrA1j.jpg" />
      <file href="mobile/Shape5qfFq3kRGGV.png" />
      <file href="mobile/Shape6MQgFeuJcvv.png" />
      <file href="mobile/Shape6RsgdbqGZMd.png" />
      <file href="mobile/Shape6cAZtLqB89g.png" />
      <file href="mobile/Slide6cmrczP0mll.jpg" />
      <file href="mobile/Shape5xkOkevhCuK.png" />
      <file href="mobile/Shape6WkUJq1qWYw.png" />
      <file href="mobile/Shape6Nv38uHg5uc.png" />
      <file href="mobile/Shape5cmTLMDU6vX.png" />
      <file href="mobile/Slide6qMHtU2NFoV.jpg" />
      <file href="mobile/Shape5WUhskeLTvQ.png" />
      <file href="mobile/Shape6iQRgH1c4sT.png" />
      <file href="mobile/Shape6TiV2gxrcEv.png" />
      <file href="mobile/Shape5tGlCtEmbvS.png" />
      <file href="mobile/Slide6L2xinDfic5.jpg" />
      <file href="mobile/Shape6FT01F0TYFW.png" />
      <file href="mobile/Shape6Wkvl0j5yJq.png" />
      <file href="mobile/Shape6RDocJc57uO.png" />
      <file href="mobile/Shape5hDZ9Lag3UK.png" />
      <file href="mobile/Slide6UK3x5DRs6j.jpg" />
      <file href="mobile/Shape6YATKhjuHQ2.png" />
      <file href="mobile/Shape6mYrHVDncPT.png" />
      <file href="mobile/Shape5vnRZ0kPna0.png" />
      <file href="mobile/Shape6HHZjdkpd32.png" />
      <file href="mobile/Slide5hyHF1p51rF.jpg" />
      <file href="mobile/Shape6ZvVMaf2jz7.png" />
      <file href="mobile/Shape6qwLNbQ4a0Q.png" />
      <file href="mobile/Shape5YmnMEsmvfr.png" />
      <file href="mobile/Shape6dnJsIxve0v.png" />
      <file href="mobile/Slide6CXBpw8CsnM.jpg" />
      <file href="mobile/Shape5zw5piWValG.png" />
      <file href="mobile/Shape6S0dS5EC3Aa.png" />
      <file href="mobile/Shape6Huh1RhBuE5.png" />
      <file href="mobile/Shape6bEcpjA9jVI.png" />
      <file href="mobile/Slide60vdAwqO9nS.jpg" />
      <file href="mobile/Shape6dhv08qIzhK.png" />
      <file href="mobile/Shape5bPo0YoDc1k.png" />
      <file href="mobile/Shape5gHArfRJDlt.png" />
      <file href="mobile/Shape5xLNAdIrKMo.png" />
      <file href="mobile/Slide5dHwE7zGlFP.jpg" />
      <file href="mobile/Shape6dF5sD6VjtY.png" />
      <file href="mobile/Shape630tGqTOsDB.png" />
      <file href="mobile/Shape5lbcRFzzngO.png" />
      <file href="mobile/Shape6TnutKJixcB.png" />
      <file href="mobile/Slide6UMFUsDY1pO.jpg" />
      <file href="mobile/Shape61qyWTsayGa.png" />
      <file href="mobile/Shape5ri2njyvHGC.png" />
      <file href="mobile/Shape5bM4V8Q9OWa.png" />
      <file href="mobile/Shape5aw3BOsvT83.png" />
      <file href="mobile/Slide6dqy9xQSL4k.jpg" />
      <file href="mobile/Shape62xcQjJuGLo.png" />
      <file href="mobile/Shape64ETKZN9D8A.png" />
      <file href="mobile/Shape68OQ0oViKdl.png" />
      <file href="mobile/Shape6mN3GpHQMJt.png" />
      <file href="mobile/Slide6VROcOa5nEx.jpg" />
      <file href="mobile/Shape66LUEoprPrH.png" />
      <file href="mobile/Shape5wN6Q4jgdeF.png" />
      <file href="mobile/Shape6kFHach1Wyh.png" />
      <file href="mobile/Shape5YSWD23n3l0.png" />
      <file href="mobile/Slide5vIedcQMjK5.jpg" />
      <file href="mobile/Shape6IhI1EuBg7d.png" />
      <file href="mobile/Shape6BIpWSNN7Qu.png" />
      <file href="mobile/Shape5fZEu2yv1Ye.png" />
      <file href="mobile/Shape69daZryVRaw.png" />
      <file href="mobile/Slide5nzxPqtoVlI.jpg" />
      <file href="mobile/Shape6RTOPOE94sQ.png" />
      <file href="mobile/Shape6QxyXGEis8R.png" />
      <file href="mobile/Shape6mBZrBj3HGk.png" />
      <file href="mobile/Shape6a78IbtQO4U.png" />
      <file href="mobile/Slide5kmwiyu46u7.jpg" />
      <file href="mobile/Shape5iMlR9SHaMZ.png" />
      <file href="mobile/Shape69348kNDgFZ.png" />
      <file href="mobile/Shape6jhEACQTwaQ.png" />
      <file href="mobile/Shape6ANuJIyXX6f.png" />
      <file href="mobile/Slide5zm0tGG59lK.jpg" />
      <file href="mobile/Shape6WTz1LkF1fE.png" />
      <file href="mobile/Shape65TeBEeZ0Z8.png" />
      <file href="mobile/Shape5tFBNHhQTYu.png" />
      <file href="mobile/Shape5xL1tXoL0yd.png" />
      <file href="mobile/Slide6Fq1bmxOZjx.jpg" />
      <file href="mobile/Shape5ZWM39t4ssL.png" />
      <file href="mobile/Shape6XdJmU0y10o.png" />
      <file href="mobile/Shape5YajBxaVI9U.png" />
      <file href="mobile/Shape6lDTjx6NOs5.png" />
      <file href="mobile/Slide6mdyKORug1W.jpg" />
      <file href="mobile/Shape6ZMk1fCSkjF.png" />
      <file href="mobile/Shape5xFsxpmwf0s.png" />
      <file href="mobile/Shape6k9Wjj4ptfx.png" />
      <file href="mobile/Shape5d6bk62lmvW.png" />
      <file href="mobile/Slide5p5tE9k3Odp.jpg" />
      <file href="mobile/Shape62crrs4q7B7.png" />
      <file href="mobile/Shape6afCgAlmhZz.png" />
      <file href="mobile/Shape63rFKQHAzEw.png" />
      <file href="mobile/Shape6regkjwQSWG.png" />
      <file href="mobile/Slide6Qe94NcWsyO.jpg" />
      <file href="mobile/Shape6BNjachHd95.png" />
      <file href="mobile/Shape6KAC5NBBCfw.png" />
      <file href="mobile/Shape6TneXYmFHKe.png" />
      <file href="mobile/Shape6fLTuyO2wH8.png" />
      <file href="mobile/Slide5W1bQ7GVzod.jpg" />
      <file href="mobile/Shape6eWpRD8zcwP.png" />
      <file href="mobile/Shape6OSo8yEev8c.png" />
      <file href="mobile/Shape6FlZONZ251W.png" />
      <file href="mobile/Shape6n5xhiPaJWr.png" />
      <file href="mobile/Slide619fqoR7fSI.jpg" />
      <file href="mobile/Shape6RnLUMsIEC0.png" />
      <file href="mobile/Shape67db32IAWhn.png" />
      <file href="mobile/Shape5fIwCVzPuIG.png" />
      <file href="mobile/Shape69dKkws4u21.png" />
      <file href="mobile/Slide5djtjoeBWLc.jpg" />
      <file href="mobile/Shape5d7r1nvcyF2.png" />
      <file href="mobile/Shape5jHavvfS8NU.png" />
      <file href="mobile/Shape5t8FXsOAK56.png" />
      <file href="mobile/Shape6nLrE1SFJBF.png" />
      <file href="mobile/Slide5gKS2kRoI0B.jpg" />
      <file href="mobile/Shape68l3va2U3j8.png" />
      <file href="mobile/Shape6hCoHTuDDZS.png" />
      <file href="mobile/Shape6KsyWtJ5Wuj.png" />
      <file href="mobile/Shape6bnzRByRogi.png" />
      <file href="mobile/Slide62YzXQTXFzV.jpg" />
      <file href="mobile/Shape5XTmXBsnB0J.png" />
      <file href="mobile/Shape6MUN8SdML2t.png" />
      <file href="mobile/Shape6bM57TrBHzC.png" />
      <file href="mobile/Shape5tx70vIfLWm.png" />
      <file href="mobile/Slide6FwaqR3szhm.jpg" />
      <file href="mobile/Shape6OWuQTHvx9s.png" />
      <file href="mobile/Shape6NmK76HNCzR.png" />
      <file href="mobile/Shape5fz76DL9FFd.png" />
      <file href="mobile/Shape6pQ0I2rIeLD.png" />
      <file href="mobile/Slide6RYCsyUkNTD.jpg" />
      <file href="mobile/Shape6KQ5ZsfCWc4.png" />
      <file href="mobile/Shape6kZ9wsMHhkn.png" />
      <file href="mobile/Shape5ztyoMr4jX8.png" />
      <file href="mobile/Shape6cW4bVujdFJ.png" />
      <file href="mobile/Slide6i4X1jiDhMe.jpg" />
      <file href="mobile/Shape66Bzqk8xvNR.png" />
      <file href="mobile/Shape6P0FBr5iH3S.png" />
      <file href="mobile/Shape6Y8G8JavcL0.png" />
      <file href="mobile/Shape63BLcJiUVm5.png" />
      <file href="mobile/Slide6ENWenzDDGp.jpg" />
      <file href="mobile/Shape6fCeeDfJUye.png" />
      <file href="mobile/Shape5V0t7ufQURK.png" />
      <file href="mobile/Shape64Q4jBCPQQO.png" />
      <file href="mobile/Shape5iddt0snn9o.png" />
      <file href="mobile/Slide5oSV9aSudSf.jpg" />
      <file href="mobile/Shape5tnyNAdlgvj.png" />
      <file href="mobile/Shape6AEVmV4uKfg.png" />
      <file href="mobile/Shape6PrpFOWa36q.png" />
      <file href="mobile/Shape6LkN9h6LfKN.png" />
      <file href="mobile/Slide5h6jQ6PBB3s.jpg" />
      <file href="mobile/Shape5tdD1oi7lwa.png" />
      <file href="mobile/Shape6nzBw2vaj7o.png" />
      <file href="mobile/Shape6gfw4wHh4xN.png" />
      <file href="mobile/Shape6IvJ86EQ2D2.png" />
      <file href="mobile/Slide6lgAsn4Y8he.jpg" />
      <file href="mobile/Shape5gfzhIEB3aA.png" />
      <file href="mobile/Shape6HHRXFnlCgY.png" />
      <file href="mobile/Shape6lgHFV22p80.png" />
      <file href="mobile/Shape6h0BQR1m98A.png" />
      <file href="mobile/Slide5UuCAZBlJ8v.jpg" />
      <file href="mobile/Shape6TLd8VW47Uz.png" />
      <file href="mobile/Shape5u5rWS0xMIj.png" />
      <file href="mobile/Shape5kw1NiQeKxi.png" />
      <file href="mobile/Shape6PWujgwvy0c.png" />
      <file href="mobile/Slide6YNpEyPNuB5.jpg" />
      <file href="mobile/Shape6UUNDw3n0l5.png" />
      <file href="mobile/Shape5r070xbxa3J.png" />
      <file href="mobile/Shape6dIOfiYL2A3.png" />
      <file href="mobile/Shape5jwWzSWHSck.png" />
      <file href="mobile/Slide5XGMZKLJw6G.jpg" />
      <file href="mobile/Shape6mmTRmo6DIK.png" />
      <file href="mobile/Shape5xukRyW68gg.png" />
      <file href="mobile/Shape6by1FLn2847.png" />
      <file href="mobile/Shape5x09AiZvzYM.png" />
      <file href="mobile/Slide6h0JkHHQP2X.jpg" />
      <file href="mobile/Shape5sCELDrrKKJ.png" />
      <file href="mobile/Shape6QXjnwQA8GP.png" />
      <file href="mobile/Shape6oAAAEtNRLV.png" />
      <file href="mobile/Shape6Ghv8DLOsg2.png" />
      <file href="mobile/Slide6egmqiSOLG2.jpg" />
      <file href="mobile/Shape5kgWDVjP3n5.png" />
      <file href="mobile/Shape6gEC8tOtUUU.png" />
      <file href="mobile/Shape62BPb5M7xAM.png" />
      <file href="mobile/Shape66PDyE4B82s.png" />
      <file href="mobile/Slide65UZ2tphbPs.jpg" />
      <file href="mobile/Shape6JYML8LOSPT.png" />
      <file href="mobile/Shape5chN6JMaI8w.png" />
      <file href="mobile/Shape5mbNKmYnQHb.png" />
      <file href="mobile/Shape6FBLalZrKec.png" />
      <file href="mobile/Slide5twn1CpVKXG.jpg" />
      <file href="mobile/Shape5wDEUuUFrVz.png" />
      <file href="mobile/Shape60vF3Swkgjs.png" />
      <file href="mobile/Shape6OJ0rYGGnF6.png" />
      <file href="mobile/Shape5tDugr1lGrp.png" />
      <file href="mobile/Slide64WStlIiQ4D.jpg" />
      <file href="mobile/Shape6LjcR5W9dWi.png" />
      <file href="mobile/Shape6TSGWDmbtmu.png" />
      <file href="mobile/Shape612TMOcorXW.png" />
      <file href="mobile/Shape66xtzxfCuZ3.png" />
      <file href="mobile/Slide5jfjxBhuOSt.jpg" />
      <file href="mobile/Shape6IIMgEvwTy9.png" />
      <file href="mobile/Shape6SppadUm2GV.png" />
      <file href="mobile/Shape6lmiI90Wgci.png" />
      <file href="mobile/Shape6I2gME90Mo5.png" />
      <file href="mobile/Slide6LWQ9WDCmg0.jpg" />
      <file href="mobile/Shape5sVem93CJa5.png" />
      <file href="mobile/Shape5rpyO7wMiDY.png" />
      <file href="mobile/Shape65XIUTaf2tW.png" />
      <file href="mobile/Shape6ncYGkZi3v8.png" />
      <file href="mobile/Slide5rX7PSbUkXu.jpg" />
      <file href="mobile/Shape5dyHA9ak87s.png" />
      <file href="mobile/Shape6hXJ2Uq7CoN.png" />
      <file href="mobile/Shape5m5wcjwJflm.png" />
      <file href="mobile/Shape5rMNxuBY8qJ.png" />
      <file href="mobile/Slide6W7KmMaivtv.jpg" />
      <file href="mobile/Shape6GK0EAny3oG.png" />
      <file href="mobile/Shape5svxTGmdL16.png" />
      <file href="mobile/Shape6W5V55ORPwu.png" />
      <file href="mobile/Shape6QpCIeAwmZ8.png" />
      <file href="mobile/Slide6UahRcBGqmk.jpg" />
      <file href="mobile/Shape5vwc3vGrSp2.png" />
      <file href="mobile/Shape6E2rPGyVVzg.png" />
      <file href="mobile/Shape67ss1DlJvgS.png" />
      <file href="mobile/Shape6gOVdk87aWF.png" />
      <file href="mobile/Slide5nOuVyPfZJZ.jpg" />
      <file href="mobile/Shape60y8RuPzZI4.png" />
      <file href="mobile/Shape5saDOwh82Bz.png" />
      <file href="mobile/Shape5rYQRRxc29r.png" />
      <file href="mobile/Shape5tbuyxLjEKw.png" />
      <file href="mobile/Slide6rAr7uhtPGx.jpg" />
      <file href="mobile/Shape6pFHbCFFQBc.png" />
      <file href="mobile/Shape69RwpTBL7H5.png" />
      <file href="mobile/Shape5nau2hSU2YK.png" />
      <file href="mobile/Shape6gOXcq8UiO9.png" />
      <file href="mobile/Slide5gQvaVCAvMc.jpg" />
      <file href="mobile/Shape65eNSQzXCKY.png" />
      <file href="mobile/Shape6pwhDmOkgUd.png" />
      <file href="mobile/Shape6dnjCbwBdOs.png" />
      <file href="mobile/Shape63LiIZ9TkJ1.png" />
      <file href="mobile/Slide5bQ5kNUTIhd.jpg" />
      <file href="mobile/Shape5VmK6AZYcC2.png" />
      <file href="mobile/Shape6Bt36NFfCAG.png" />
      <file href="mobile/Shape5cj3Flu1fkO.png" />
      <file href="mobile/Shape6JueF4EnUob.png" />
      <file href="mobile/Slide5llaYxR2OpE.jpg" />
      <file href="mobile/Shape6YvSGrrHju6.png" />
      <file href="mobile/Shape5qiEZ79vXyN.png" />
      <file href="mobile/Shape6UMrngSdLyJ.png" />
      <file href="mobile/Shape6gtWaJ23w78.png" />
      <file href="mobile/Slide5niGG0qIknf.jpg" />
      <file href="mobile/Slide6hOW63gwtmQ.jpg" />
      <file href="mobile/Slide5j6GPMpVrlB.jpg" />
      <file href="mobile/Slide6AGenazoNqC.jpg" />
      <file href="mobile/Shape5xaomRb66Kq.png" />
      <file href="mobile/Shape5gsbjAZfc6D.png" />
      <file href="mobile/Shape61KIsdMRKv1.png" />
      <file href="mobile/Shape6B4TtBYaiET.png" />
      <file href="mobile/Slide5aBw9ja6IxA.jpg" />
      <file href="mobile/Shape6eqEIeidNGN.png" />
      <file href="mobile/Shape5wXLaMZGXTo.png" />
      <file href="mobile/Shape6jVJVh9XwNr.png" />
      <file href="mobile/Shape61evMQfXDUO.png" />
      <file href="mobile/Slide6FnlTkVijHB.jpg" />
      <file href="mobile/Shape6jpDE43PvKo.png" />
      <file href="mobile/Shape6KiNdHZtTy1.png" />
      <file href="mobile/Shape67LdtTXKqvL.png" />
      <file href="mobile/Shape5h5k72QEWMA.png" />
      <file href="mobile/Slide6K7Nops1OHy.jpg" />
      <file href="mobile/Shape6Av9IraAwmq.png" />
      <file href="mobile/Shape6gmSjir3Cj2.png" />
      <file href="mobile/Shape67FuvN5xTta.png" />
      <file href="mobile/Shape5jL4MIwmKSy.png" />
      <file href="mobile/Slide61usFDcijr0.jpg" />
      <file href="mobile/Shape6PjY4RbLRAT.png" />
      <file href="mobile/Shape6mq8DzR4L98.png" />
      <file href="mobile/Shape6TYaXdLtLe6.png" />
      <file href="mobile/Shape6irW4W2wKDx.png" />
      <file href="mobile/Slide5kTSbTjLvkB.jpg" />
      <file href="mobile/Shape6HRar8xsxUK.png" />
      <file href="mobile/Shape6T5BFs1wCQa.png" />
      <file href="mobile/Shape5xnuoAx7Fh1.png" />
      <file href="mobile/Shape6ku59s7ee0W.png" />
      <file href="mobile/Slide6XlfUHMHzhy.jpg" />
      <file href="mobile/Shape6YIxRYvd6cV.png" />
      <file href="mobile/Shape5sMnzMR6vf3.png" />
      <file href="mobile/Shape5w0nfxkVEqZ.png" />
      <file href="mobile/Shape6iE7bUnSwrY.png" />
      <file href="mobile/Slide6igm2MhQnk6.jpg" />
      <file href="mobile/Shape6Z59AjIVbtW.png" />
      <file href="mobile/Shape6Bn4cp2wA7V.png" />
      <file href="mobile/Shape5YAoWwqYE9G.png" />
      <file href="mobile/Shape67mUgWTfEc6.png" />
      <file href="mobile/Slide6EesyvdTIBZ.jpg" />
      <file href="mobile/Shape5ojXSw7wBqm.png" />
      <file href="mobile/Shape6f9GCzZU5wz.png" />
      <file href="mobile/Shape5XfOhCVImI9.png" />
      <file href="mobile/Shape5yQleMTGeS3.png" />
      <file href="mobile/Slide6JSlfziGvsK.jpg" />
      <file href="mobile/Shape6MexSOF29zE.png" />
      <file href="mobile/Shape5wCM2kLyTl5.png" />
      <file href="mobile/Shape6NfsQ0zguyn.png" />
      <file href="mobile/Shape6LhhbSAZjx9.png" />
      <file href="mobile/Slide5qOZiQ360ey.jpg" />
      <file href="mobile/Shape63hmJnCwhab.png" />
      <file href="mobile/Shape6VJTVi7OHUj.png" />
      <file href="mobile/Shape6SbAqSs7TDm.png" />
      <file href="mobile/Shape6QKsDF7ev8T.png" />
      <file href="mobile/Slide6TrYLcvXH47.jpg" />
      <file href="mobile/Shape6kNEBjA6XDi.png" />
      <file href="mobile/Shape6MxO7tLUCMd.png" />
      <file href="mobile/Shape6GQsHTvjA8u.png" />
      <file href="mobile/Shape6lTDsMifMou.png" />
      <file href="mobile/Slide5urAcrUYg1j.jpg" />
      <file href="mobile/Shape6OoRuqgxb1P.png" />
      <file href="mobile/Shape63OMDMLJ0jw.png" />
      <file href="mobile/Shape6Hus8p9LD8q.png" />
      <file href="mobile/Shape5XGARfFtK9j.png" />
      <file href="mobile/Slide6rJaLavaxKs.jpg" />
      <file href="mobile/Shape5r8pUjWiGxY.png" />
      <file href="mobile/Shape5YJSUhddKmh.png" />
      <file href="mobile/Shape6HA1vQvOWKh.png" />
      <file href="mobile/Shape6e9GI06htC8.png" />
      <file href="mobile/Slide5mhWVGGkHKe.jpg" />
      <file href="mobile/Slide68zBLemhre0.jpg" />
      <file href="mobile/Shape6GkbRJ2r3p7.png" />
      <file href="mobile/Shape66Vkh0zI6jp.png" />
      <file href="mobile/Shape6E5AvUcYb3a.png" />
      <file href="mobile/Shape5iUlJPVTlQJ.png" />
      <file href="mobile/Slide5fgoMoIwEb4.jpg" />
      <file href="mobile/Shape6nkP8VTWW03.png" />
      <file href="mobile/Shape6kkAxwACfTl.png" />
      <file href="mobile/Shape6adDQC5WLRz.png" />
      <file href="mobile/Shape5Wo5aHNyxxr.png" />
      <file href="html5/lib/scripts/ds-frame.desktop.min.js" />
      <file href="html5/lib/scripts/ds-slides.min.js" />
      <file href="html5/lib/scripts/ds-frame.mobile.min.js" />
      <file href="html5/lib/scripts/ds-bootstrap.min.js" />
      <file href="html5/lib/stylesheets/mobile.min.css" />
      <file href="html5/lib/stylesheets/desktop.min.css" />
      <file href="html5/lib/stylesheets/mobile-fonts/open-sans-light.woff" />
      <file href="html5/lib/stylesheets/mobile-fonts/open-sans-bold.woff" />
      <file href="html5/lib/stylesheets/mobile-fonts/open-sans-regular.woff" />
      <file href="html5/data/css/output.min.css" />
      <file href="html5/data/js/6iiRVmPdF2X.js" />
      <file href="html5/data/js/69ogttbaUFV.js" />
      <file href="html5/data/js/6hmCJ2ZCKxw.js" />
      <file href="html5/data/js/5n2dnQP87wu.js" />
      <file href="html5/data/js/6rhRNjWdjqE.js" />
      <file href="html5/data/js/6672ULNqSdk.js" />
      <file href="html5/data/js/5oW5j9FDtzL.js" />
      <file href="html5/data/js/6b9glUF8NA5.js" />
      <file href="html5/data/js/6PCNfksiYWm.js" />
      <file href="html5/data/js/5h3bNJpQO9j.js" />
      <file href="html5/data/js/6Ov8d70W9n4.js" />
      <file href="html5/data/js/6DUmGQN1upp.js" />
      <file href="html5/data/js/6dKk2Wu4p1k.js" />
      <file href="html5/data/js/6h7ybarevCU.js" />
      <file href="html5/data/js/6WP7JBp5WPz.js" />
      <file href="html5/data/js/6AO5RNU03nJ.js" />
      <file href="html5/data/js/5og1Wi69PIb.js" />
      <file href="html5/data/js/5eaO22O5R3K.js" />
      <file href="html5/data/js/5yGL5OXBApL.js" />
      <file href="html5/data/js/65iwMuP3VbX.js" />
      <file href="html5/data/js/5cfsqW9mmUY.js" />
      <file href="html5/data/js/6VWyI8ajmdU.js" />
      <file href="html5/data/js/6c4rZN7gxAx.js" />
      <file href="html5/data/js/664LmT4WvKQ.js" />
      <file href="html5/data/js/5vpAz5KGKs2.js" />
      <file href="html5/data/js/6g5gB430rA5.js" />
      <file href="html5/data/js/5dkZYLnQX3g.js" />
      <file href="html5/data/js/6ljAm3C7GDu.js" />
      <file href="html5/data/js/6j9sVu0hhqn.js" />
      <file href="html5/data/js/5xzB4VuIpoT.js" />
      <file href="html5/data/js/5qvK3xFtlu5.js" />
      <file href="html5/data/js/6JIl4ebVr67.js" />
      <file href="html5/data/js/5kJbPvvjsRo.js" />
      <file href="html5/data/js/6idCdAg60kc.js" />
      <file href="html5/data/js/6E8xT4TZLcg.js" />
      <file href="html5/data/js/6M9RVlm7Zv0.js" />
      <file href="html5/data/js/5y7ft767vkU.js" />
      <file href="html5/data/js/6Th9yI7g3uC.js" />
      <file href="html5/data/js/6CgAso4Rgmj.js" />
      <file href="html5/data/js/6iJsAx3xb76.js" />
      <file href="html5/data/js/64PVgTJ4Bnx.js" />
      <file href="html5/data/js/5rCXHyf7SFM.js" />
      <file href="html5/data/js/5lZBxXz1vHe.js" />
      <file href="html5/data/js/5emuoG5Gs6L.js" />
      <file href="html5/data/js/69CBR1oSswV.js" />
      <file href="html5/data/js/6MdF38svRep.js" />
      <file href="html5/data/js/5koPOb3o4lC.js" />
      <file href="html5/data/js/6KOcoFfnG0d.js" />
      <file href="html5/data/js/6G2BiFhijiK.js" />
      <file href="html5/data/js/5h7GZ1oToDn.js" />
      <file href="html5/data/js/5v3VX56SPHu.js" />
      <file href="html5/data/js/6EsA3ekgLul.js" />
      <file href="html5/data/js/67uCMQnFPtT.js" />
      <file href="html5/data/js/5zaBF8uzia2.js" />
      <file href="html5/data/js/6Adz5ItdBOS.js" />
      <file href="html5/data/js/6itiU5nJ1VS.js" />
      <file href="html5/data/js/6Cc73yIWHTk.js" />
      <file href="html5/data/js/5hD2VewqO9C.js" />
      <file href="html5/data/js/5qrRL7N58w5.js" />
      <file href="html5/data/js/6W0WAbE5Bms.js" />
      <file href="html5/data/js/60qUcAwGnwq.js" />
      <file href="html5/data/js/5XqoXLq60VT.js" />
      <file href="html5/data/js/5p8EWtCpGtT.js" />
      <file href="html5/data/js/6lbhjnyOc5D.js" />
      <file href="html5/data/js/65MCO3bA286.js" />
      <file href="html5/data/js/5hCuPjYU7Zk.js" />
      <file href="html5/data/js/6lpp4SrV50r.js" />
      <file href="html5/data/js/64WYi24tNVf.js" />
      <file href="html5/data/js/6GslYRdI3Ya.js" />
      <file href="html5/data/js/5x5pCdseWGg.js" />
      <file href="html5/data/js/6B9E4rMhDwZ.js" />
      <file href="html5/data/js/6kPhbdVHO1k.js" />
      <file href="html5/data/js/6Lrf4G5Ejbe.js" />
      <file href="html5/data/js/6Rc7OwnbSkq.js" />
      <file href="html5/data/js/6WqcfhSUPjf.js" />
      <file href="html5/data/js/6qTDwZoJLvT.js" />
      <file href="html5/data/js/6DNyDHJwIN1.js" />
      <file href="html5/data/js/6c8PUkhnp4F.js" />
      <file href="html5/data/js/5wb3mcDP0z3.js" />
      <file href="html5/data/js/5zgA1X5kVup.js" />
      <file href="html5/data/js/5iBFuQe2oXc.js" />
      <file href="html5/data/js/5xEDNxdoCu8.js" />
      <file href="html5/data/js/5ctpLySn5Bq.js" />
      <file href="html5/data/js/5hzmibyAToz.js" />
      <file href="html5/data/js/paths.js" />
      <file href="html5/data/js/6SlG9jrVjcL.js" />
      <file href="html5/data/js/61jzabVgcI3.js" />
      <file href="html5/data/js/6oEaq13v9iA.js" />
      <file href="html5/data/js/6iBrYsCNrmC.js" />
      <file href="html5/data/js/637oLyMtpxf.js" />
      <file href="html5/data/js/66dBQCyAgda.js" />
      <file href="html5/data/js/6DS3T0c5bLp.js" />
      <file href="html5/data/js/69dwhY19tO9.js" />
      <file href="html5/data/js/6IZGmjA24zx.js" />
      <file href="html5/data/js/6V7WRDNqOEn.js" />
      <file href="html5/data/js/5ikm12ZwZsn.js" />
      <file href="html5/data/js/69uEx85KjlG.js" />
      <file href="html5/data/js/6URXZYkNN85.js" />
      <file href="html5/data/js/5hkgreQZf4p.js" />
      <file href="html5/data/js/65ZGeE1A2UX.js" />
      <file href="html5/data/js/5kZLCAPdDyk.js" />
      <file href="html5/data/js/61BALswmxgf.js" />
      <file href="html5/data/js/6Auqz3x9jV7.js" />
      <file href="html5/data/js/5cQlVUrlGK6.js" />
      <file href="html5/data/js/661giGBbm25.js" />
      <file href="html5/data/js/6iMUPsDJ2Uj.js" />
      <file href="html5/data/js/6OfyW6fTryl.js" />
      <file href="html5/data/js/5un1ViMEakB.js" />
      <file href="html5/data/js/6S1rBRgH46f.js" />
      <file href="html5/data/js/5xuOzcmTg0Q.js" />
      <file href="html5/data/js/69oKmzYvYpX.js" />
      <file href="html5/data/js/6k8mIxtERDj.js" />
      <file href="html5/data/js/5ikBv04cF9q.js" />
      <file href="html5/data/js/6arPjh0ztIR.js" />
      <file href="html5/data/js/6MDbXmPeByA.js" />
      <file href="html5/data/js/6TMmBZmyGlB.js" />
      <file href="html5/data/js/5cSKQgJpgav.js" />
      <file href="html5/data/js/6oZpAOwQdnt.js" />
      <file href="html5/data/js/5yxTE4Dk3F9.js" />
      <file href="html5/data/js/6Xw11o17CuU.js" />
      <file href="html5/data/js/6bc6ystcsTt.js" />
      <file href="html5/data/js/5a5UrLmeLC1.js" />
      <file href="html5/data/js/6EeawYzKIO0.js" />
      <file href="html5/data/js/6Yg3euovyjP.js" />
      <file href="html5/data/js/5c3D4fDm3U5.js" />
      <file href="html5/data/js/data.js" />
      <file href="html5/data/js/5mDRknM9rHX.js" />
      <file href="html5/data/js/5g7WXzO5u1Q.js" />
      <file href="html5/data/js/6ER7BtpJCcJ.js" />
      <file href="html5/data/js/5wFXIoIthqS.js" />
      <file href="html5/data/js/6NpSXBs2qyA.js" />
      <file href="html5/data/js/64JNvkdDBtZ.js" />
      <file href="html5/data/js/6myubDHxF8Y.js" />
      <file href="html5/data/js/6GB8SmZD4Fs.js" />
      <file href="html5/data/js/6iy05MVHksw.js" />
      <file href="html5/data/js/6LhX1HWwont.js" />
      <file href="html5/data/js/5WrQJGqu5zg.js" />
      <file href="html5/data/js/5nW4pVSKqkF.js" />
      <file href="html5/data/js/5smQ2rt3wSP.js" />
      <file href="html5/data/js/6Eo6DbfIiEz.js" />
      <file href="html5/data/js/62ZlFXi4ckK.js" />
      <file href="html5/data/js/5qtNkVr31A7.js" />
      <file href="html5/data/js/60UBY4rcLcv.js" />
      <file href="html5/data/js/5pYEfNin94d.js" />
      <file href="html5/data/js/6QlpfNfwJMK.js" />
      <file href="html5/data/js/5kPAC6aVQyu.js" />
      <file href="html5/data/js/6UnzAGAzwEC.js" />
      <file href="html5/data/js/5f2oddZyoC2.js" />
      <file href="html5/data/js/6qZ5IrHf4GY.js" />
      <file href="html5/data/js/65Nn4Fqjuim.js" />
      <file href="html5/data/js/5toKps4398g.js" />
      <file href="html5/data/js/68pSWgVKg8I.js" />
      <file href="html5/data/js/5qWj0DX95np.js" />
      <file href="html5/data/js/6i0MtSrpyuC.js" />
      <file href="html5/data/js/6q8DWez410O.js" />
      <file href="html5/data/js/6Mxp3rUcJ4H.js" />
      <file href="html5/data/js/62noen4tAK7.js" />
      <file href="html5/data/js/6aTBrKNwxA1.js" />
      <file href="html5/data/js/6420JB3Jobr.js" />
      <file href="html5/data/js/5iJph437eYw.js" />
      <file href="html5/data/js/6dFEfZ6I7Kd.js" />
      <file href="html5/data/js/6altW6NmIXc.js" />
      <file href="html5/data/js/6opkXNPfOlJ.js" />
      <file href="html5/data/js/61S8gbdPnvG.js" />
      <file href="html5/data/js/5owxGBpBUga.js" />
      <file href="html5/data/js/6Jxs56sGfO9.js" />
      <file href="html5/data/js/69N0a2DahaI.js" />
      <file href="html5/data/js/5ccZsyZ8LVV.js" />
      <file href="html5/data/js/6ivvHHbtyBp.js" />
      <file href="html5/data/js/frame.js" />
      <file href="html5/data/js/6AzLXMHpEMA.js" />
      <file href="html5/data/js/6hmrPUEu68T.js" />
      <file href="html5/data/js/6NVeizkjhuf.js" />
      <file href="html5/data/js/6r77ljy3jtN.js" />
      <file href="html5/data/js/63Fg0FBx4q5.js" />
      <file href="html5/data/js/6fD6n5IdDph.js" />
      <file href="html5/data/js/5y6T5BMtV56.js" />
      <file href="html5/data/js/6AtqaY4I2cP.js" />
      <file href="html5/data/js/5p8ujDyJ49Q.js" />
      <file href="html5/data/js/5d2KNupB2cI.js" />
      <file href="html5/data/js/6HtfXSHoX6p.js" />
      <file href="analytics-frame.html" />
      <file href="story.html" />
      <file href="index_lms.html" />
      <file href="lms/AICCComm.html" />
      <file href="lms/AICCFunctions.js" />
      <file href="lms/API.js" />
      <file href="lms/APIConstants.js" />
      <file href="lms/blank.html" />
      <file href="lms/browsersniff.js" />
      <file href="lms/Configuration.js" />
      <file href="lms/goodbye.html" />
      <file href="lms/lms.js" />
      <file href="lms/LMSAPI.js" />
      <file href="lms/NONEFunctions.js" />
      <file href="lms/SCORM2004Functions.js" />
      <file href="lms/SCORMFunctions.js" />
      <file href="lms/UtilityFunctions.js" />
    </resource>
  </resources>
</manifest>